診療科名,曜日,bin_idx,bin_label,到着件数_日平均,同時並行_中央値,同時並行_最大,該当日数
PICCCVポートセンター,1,6,11:00,1.0,1.0,1,1
PICCCVポートセンター,1,8,12:00,1.0,1.0,1,1
PICCCVポートセンター,2,5,10:30,1.0,1.0,1,1
PICCCVポートセンター,4,4,10:00,1.0,1.0,1,1
PICCCVポートセンター,4,8,12:00,1.0,1.0,1,1
PICCCVポートセンター,4,9,12:30,1.0,1.0,1,2
PICCCVポートセンター,4,10,13:00,0.0,1.0,1,1
PICCCVポートセンター,4,11,13:30,0.0,1.0,1,1
PICCCVポートセンター,4,12,14:00,0.0,1.0,1,1
PICCCVポートセンター,4,13,14:30,0.0,1.0,1,1
PICCCVポートセンター,4,14,15:00,0.0,1.0,1,1
PICCCVポートセンター,4,15,15:30,0.0,1.0,1,1
がんゲノム,0,10,13:00,1.0,1.0,1,1
がんゲノム,1,12,14:00,1.0,1.0,1,1
がんゲノム,1,13,14:30,1.0,1.5,2,2
がんゲノム,1,14,15:00,1.0,1.0,1,3
アレルギー科,0,2,09:00,1.0,1.0,1,2
アレルギー科,0,3,09:30,2.0,2.0,4,3
アレルギー科,0,4,10:00,2.0,2.0,3,3
アレルギー科,0,5,10:30,1.33,2.0,3,3
アレルギー科,0,6,11:00,1.0,1.0,1,2
アレルギー科,1,2,09:00,2.25,2.0,3,4
アレルギー科,1,3,09:30,2.0,3.0,3,4
アレルギー科,1,4,10:00,2.0,1.5,3,4
アレルギー科,1,5,10:30,2.0,3.0,3,4
アレルギー科,1,6,11:00,2.5,3.5,5,4
アレルギー科,1,7,11:30,2.0,2.0,4,3
アレルギー科,1,8,12:00,0.0,1.0,1,2
アレルギー科,2,3,09:30,1.67,2.0,2,3
アレルギー科,2,4,10:00,1.67,2.0,2,3
アレルギー科,2,5,10:30,2.0,2.0,3,3
アレルギー科,2,6,11:00,2.0,2.5,4,2
アレルギー科,2,7,11:30,1.5,2.0,3,2
アレルギー科,2,9,12:30,1.0,1.0,1,1
アレルギー科,3,2,09:00,1.0,1.0,1,1
アレルギー科,3,3,09:30,2.0,2.0,3,4
アレルギー科,3,4,10:00,2.0,2.5,4,4
アレルギー科,3,5,10:30,3.0,3.5,4,4
アレルギー科,3,6,11:00,2.5,1.5,4,4
アレルギー科,3,7,11:30,2.0,1.0,3,3
アレルギー科,3,8,12:00,1.0,2.0,2,1
メンタルケア科,0,0,08:00,1.0,1.0,1,1
メンタルケア科,0,1,08:30,1.0,1.0,1,3
メンタルケア科,0,2,09:00,3.33,3.0,4,3
メンタルケア科,0,3,09:30,3.0,5.0,6,3
メンタルケア科,0,4,10:00,3.33,5.0,6,3
メンタルケア科,0,5,10:30,2.67,4.0,5,3
メンタルケア科,0,6,11:00,3.33,4.0,6,3
メンタルケア科,0,7,11:30,2.0,3.0,4,3
メンタルケア科,0,8,12:00,1.33,2.0,3,3
メンタルケア科,0,9,12:30,0.0,1.0,1,2
メンタルケア科,0,10,13:00,2.0,2.0,2,1
メンタルケア科,0,11,13:30,1.0,1.0,1,1
メンタルケア科,0,12,14:00,1.0,1.5,2,2
メンタルケア科,0,13,14:30,0.0,1.0,1,2
メンタルケア科,1,7,11:30,1.0,1.0,1,1
メンタルケア科,1,8,12:00,1.0,1.0,1,2
メンタルケア科,1,9,12:30,1.0,1.0,1,3
メンタルケア科,1,10,13:00,2.0,2.0,3,4
メンタルケア科,1,11,13:30,1.5,2.5,3,4
メンタルケア科,1,12,14:00,2.0,2.5,4,4
メンタルケア科,1,13,14:30,1.67,3.0,3,3
メンタルケア科,1,14,15:00,2.0,3.0,3,3
メンタルケア科,1,15,15:30,2.0,3.0,4,3
メンタルケア科,1,16,16:00,2.0,2.0,2,3
メンタルケア科,1,17,16:30,1.0,1.0,2,3
メンタルケア科,1,18,17:00,0.0,1.5,2,2
メンタルケア科,2,1,08:30,3.33,3.0,4,3
メンタルケア科,2,2,09:00,3.33,5.0,5,3
メンタルケア科,2,3,09:30,3.0,5.0,5,3
メンタルケア科,2,4,10:00,2.0,3.0,4,3
メンタルケア科,2,5,10:30,3.67,5.0,5,3
メンタルケア科,2,6,11:00,3.33,5.0,5,3
メンタルケア科,2,7,11:30,2.0,2.0,5,3
メンタルケア科,2,8,12:00,3.0,3.0,5,3
メンタルケア科,2,9,12:30,1.67,2.0,4,3
メンタルケア科,2,10,13:00,1.67,2.0,2,3
メンタルケア科,2,11,13:30,3.33,4.0,5,3
メンタルケア科,2,12,14:00,2.33,3.0,5,3
メンタルケア科,2,13,14:30,2.67,4.0,5,3
メンタルケア科,2,14,15:00,1.5,2.0,3,3
メンタルケア科,3,1,08:30,1.0,1.0,1,1
メンタルケア科,3,2,09:00,1.33,1.0,2,3
メンタルケア科,3,3,09:30,1.0,1.0,2,4
メンタルケア科,3,4,10:00,1.0,1.0,1,3
メンタルケア科,3,5,10:30,1.0,1.0,1,2
メンタルケア科,3,6,11:00,1.0,1.5,2,2
メンタルケア科,3,7,11:30,0.0,1.0,1,2
メンタルケア科,3,8,12:00,0.0,1.0,1,1
メンタルケア科,3,9,12:30,2.0,2.0,2,1
メンタルケア科,3,10,13:00,0.0,1.0,1,1
メンタルケア科,3,11,13:30,1.0,1.0,1,2
メンタルケア科,3,12,14:00,0.0,1.0,1,1
メンタルケア科,3,13,14:30,1.0,1.0,1,2
メンタルケア科,3,14,15:00,0.0,1.0,1,1
メンタルケア科,4,2,09:00,1.0,1.0,1,2
メンタルケア科,4,3,09:30,2.0,1.0,2,3
メンタルケア科,4,4,10:00,1.0,1.0,3,4
メンタルケア科,4,5,10:30,1.0,1.0,1,4
メンタルケア科,4,6,11:00,1.0,1.0,1,3
メンタルケア科,4,7,11:30,1.0,1.0,1,3
メンタルケア科,4,9,12:30,1.0,1.0,1,2
メンタルケア科,4,10,13:00,0.0,1.0,1,1
メンタルケア科,4,11,13:30,1.0,1.0,1,1
メンタルケア科,4,15,15:30,1.0,1.0,1,2
メンタルケア科,4,16,16:00,0.0,1.0,1,1
リウマチ膠原病内科,0,2,09:00,6.5,6.5,9,2
リウマチ膠原病内科,0,3,09:30,6.0,7.0,9,3
リウマチ膠原病内科,0,4,10:00,5.33,7.0,8,3
リウマチ膠原病内科,0,5,10:30,4.67,7.0,9,3
リウマチ膠原病内科,0,6,11:00,4.33,5.0,8,3
リウマチ膠原病内科,0,7,11:30,4.33,7.0,7,3
リウマチ膠原病内科,0,8,12:00,2.5,2.0,6,3
リウマチ膠原病内科,0,9,12:30,2.5,3.0,5,2
リウマチ膠原病内科,0,10,13:00,1.5,1.0,3,3
リウマチ膠原病内科,0,11,13:30,3.0,3.0,3,1
リウマチ膠原病内科,0,12,14:00,2.0,2.0,4,3
リウマチ膠原病内科,0,13,14:30,2.5,1.0,6,3
リウマチ膠原病内科,0,14,15:00,3.0,6.0,6,1
リウマチ膠原病内科,0,15,15:30,1.0,3.0,3,1
リウマチ膠原病内科,0,16,16:00,1.0,2.0,2,1
リウマチ膠原病内科,0,17,16:30,0.0,1.0,1,1
リウマチ膠原病内科,0,20,18:00,1.0,1.0,1,1
リウマチ膠原病内科,1,1,08:30,2.0,2.0,2,2
リウマチ膠原病内科,1,2,09:00,6.5,7.5,10,4
リウマチ膠原病内科,1,3,09:30,6.25,8.0,10,4
リウマチ膠原病内科,1,4,10:00,5.5,8.0,9,4
リウマチ膠原病内科,1,5,10:30,4.5,6.5,8,4
リウマチ膠原病内科,1,6,11:00,6.67,8.0,9,3
リウマチ膠原病内科,1,7,11:30,5.5,6.5,10,4
リウマチ膠原病内科,1,8,12:00,6.75,9.0,10,4
リウマチ膠原病内科,1,9,12:30,4.25,5.0,10,4
リウマチ膠原病内科,1,10,13:00,1.5,2.5,4,4
リウマチ膠原病内科,1,11,13:30,1.0,2.0,2,4
リウマチ膠原病内科,1,12,14:00,2.0,1.5,2,2
リウマチ膠原病内科,1,13,14:30,0.0,1.0,1,1
リウマチ膠原病内科,1,14,15:00,2.0,2.0,2,1
リウマチ膠原病内科,1,15,15:30,0.0,1.0,1,1
リウマチ膠原病内科,1,17,16:30,1.0,1.0,1,2
リウマチ膠原病内科,1,18,17:00,0.0,1.0,1,1
リウマチ膠原病内科,2,0,08:00,1.0,1.0,1,1
リウマチ膠原病内科,2,1,08:30,1.0,1.0,1,1
リウマチ膠原病内科,2,2,09:00,5.67,7.0,8,3
リウマチ膠原病内科,2,3,09:30,5.0,6.0,9,3
リウマチ膠原病内科,2,4,10:00,7.33,8.0,10,3
リウマチ膠原病内科,2,5,10:30,5.33,8.0,9,3
リウマチ膠原病内科,2,6,11:00,6.67,8.0,9,3
リウマチ膠原病内科,2,7,11:30,4.0,6.0,8,3
リウマチ膠原病内科,2,8,12:00,3.67,4.0,8,3
リウマチ膠原病内科,2,9,12:30,4.0,4.0,6,3
リウマチ膠原病内科,2,10,13:00,5.0,6.0,7,3
リウマチ膠原病内科,2,11,13:30,4.33,7.0,7,3
リウマチ膠原病内科,2,12,14:00,4.33,6.0,6,3
リウマチ膠原病内科,2,13,14:30,3.67,4.0,8,3
リウマチ膠原病内科,2,14,15:00,1.67,3.0,3,3
リウマチ膠原病内科,2,15,15:30,1.0,1.5,2,2
リウマチ膠原病内科,2,16,16:00,0.0,1.0,1,1
リウマチ膠原病内科,3,1,08:30,1.0,1.0,1,1
リウマチ膠原病内科,3,2,09:00,6.0,6.0,7,4
リウマチ膠原病内科,3,3,09:30,4.5,6.0,7,4
リウマチ膠原病内科,3,4,10:00,5.0,6.0,9,4
リウマチ膠原病内科,3,5,10:30,4.25,5.0,7,4
リウマチ膠原病内科,3,6,11:00,4.5,5.5,7,4
リウマチ膠原病内科,3,7,11:30,3.75,4.5,8,4
リウマチ膠原病内科,3,8,12:00,3.0,4.0,6,4
リウマチ膠原病内科,3,9,12:30,1.75,2.0,4,4
リウマチ膠原病内科,3,10,13:00,4.25,4.0,9,4
リウマチ膠原病内科,3,11,13:30,3.5,5.0,9,4
リウマチ膠原病内科,3,12,14:00,4.0,4.5,7,4
リウマチ膠原病内科,3,13,14:30,3.5,4.0,6,4
リウマチ膠原病内科,3,14,15:00,2.5,3.0,7,4
リウマチ膠原病内科,3,15,15:30,2.0,2.0,5,3
リウマチ膠原病内科,3,16,16:00,1.0,1.0,2,3
リウマチ膠原病内科,3,17,16:30,1.0,2.0,2,1
リウマチ膠原病内科,4,1,08:30,3.0,3.0,3,1
リウマチ膠原病内科,4,2,09:00,4.25,4.5,6,4
リウマチ膠原病内科,4,3,09:30,4.5,6.5,8,4
リウマチ膠原病内科,4,4,10:00,4.25,5.0,6,4
リウマチ膠原病内科,4,5,10:30,4.5,5.5,9,4
リウマチ膠原病内科,4,6,11:00,4.25,5.5,6,4
リウマチ膠原病内科,4,7,11:30,5.75,7.0,8,4
リウマチ膠原病内科,4,8,12:00,3.75,5.0,8,4
リウマチ膠原病内科,4,9,12:30,6.0,5.0,12,3
リウマチ膠原病内科,4,10,13:00,3.25,4.0,6,4
リウマチ膠原病内科,4,11,13:30,1.5,2.5,3,4
リウマチ膠原病内科,4,12,14:00,2.75,4.0,4,4
リウマチ膠原病内科,4,13,14:30,3.25,4.0,5,4
リウマチ膠原病内科,4,14,15:00,3.0,4.0,5,4
リウマチ膠原病内科,4,15,15:30,2.0,3.0,5,4
リウマチ膠原病内科,4,16,16:00,1.0,1.5,2,2
リウマチ膠原病内科,4,17,16:30,0.0,1.0,1,1
リウマチ膠原病内科,4,19,17:30,1.0,1.0,1,1
一般消化器外科,0,2,09:00,2.0,2.0,2,3
一般消化器外科,0,3,09:30,1.67,3.0,3,3
一般消化器外科,0,4,10:00,4.67,6.0,6,3
一般消化器外科,0,5,10:30,3.0,5.0,5,3
一般消化器外科,0,6,11:00,2.67,3.0,6,3
一般消化器外科,0,7,11:30,3.33,5.0,7,3
一般消化器外科,0,8,12:00,5.33,9.0,9,3
一般消化器外科,0,9,12:30,5.67,10.0,11,3
一般消化器外科,0,10,13:00,3.67,7.0,8,3
一般消化器外科,0,11,13:30,3.0,3.0,6,3
一般消化器外科,0,12,14:00,2.33,4.0,4,3
一般消化器外科,0,13,14:30,2.0,3.0,3,3
一般消化器外科,0,14,15:00,2.33,3.0,4,3
一般消化器外科,0,15,15:30,2.33,3.0,5,3
一般消化器外科,0,16,16:00,2.5,3.0,4,3
一般消化器外科,0,17,16:30,2.0,2.0,4,3
一般消化器外科,0,18,17:00,0.0,1.0,1,2
一般消化器外科,0,20,18:00,1.0,1.0,1,1
一般消化器外科,0,21,18:30,1.0,1.0,1,2
一般消化器外科,1,2,09:00,2.0,2.0,3,2
一般消化器外科,1,3,09:30,9.0,9.0,10,4
一般消化器外科,1,4,10:00,5.0,7.0,8,4
一般消化器外科,1,5,10:30,6.0,7.0,8,4
一般消化器外科,1,6,11:00,4.5,6.0,8,4
一般消化器外科,1,7,11:30,4.0,4.5,6,4
一般消化器外科,1,8,12:00,1.33,2.0,3,4
一般消化器外科,1,9,12:30,3.33,3.5,4,4
一般消化器外科,1,10,13:00,2.25,3.0,5,4
一般消化器外科,1,11,13:30,2.25,2.5,4,4
一般消化器外科,1,12,14:00,2.0,2.0,3,4
一般消化器外科,1,13,14:30,1.0,1.5,3,4
一般消化器外科,1,14,15:00,0.0,1.0,1,2
一般消化器外科,1,15,15:30,1.0,1.0,2,3
一般消化器外科,1,16,16:00,0.0,1.0,1,2
一般消化器外科,1,17,16:30,1.0,1.0,1,1
一般消化器外科,1,18,17:00,1.0,1.0,1,2
一般消化器外科,1,19,17:30,0.0,1.0,1,1
一般消化器外科,2,2,09:00,5.67,6.0,7,3
一般消化器外科,2,3,09:30,4.5,6.0,9,4
一般消化器外科,2,4,10:00,5.67,7.0,9,3
一般消化器外科,2,5,10:30,8.33,10.0,11,3
一般消化器外科,2,6,11:00,6.33,7.0,11,3
一般消化器外科,2,7,11:30,3.5,5.0,6,4
一般消化器外科,2,8,12:00,4.67,5.0,8,4
一般消化器外科,2,9,12:30,2.75,4.5,5,4
一般消化器外科,2,10,13:00,3.33,3.5,5,4
一般消化器外科,2,11,13:30,2.0,3.0,4,3
一般消化器外科,2,12,14:00,2.0,3.0,3,3
一般消化器外科,2,13,14:30,2.0,3.0,3,3
一般消化器外科,2,14,15:00,2.67,3.0,5,3
一般消化器外科,2,15,15:30,1.33,2.0,3,3
一般消化器外科,2,16,16:00,2.0,2.0,3,3
一般消化器外科,2,17,16:30,1.0,1.0,2,3
一般消化器外科,2,18,17:00,3.0,4.0,5,2
一般消化器外科,2,19,17:30,2.0,1.5,2,2
一般消化器外科,2,20,18:00,0.0,1.0,1,1
一般消化器外科,3,1,08:30,1.33,1.0,2,3
一般消化器外科,3,2,09:00,5.25,5.5,9,4
一般消化器外科,3,3,09:30,7.0,9.0,10,4
一般消化器外科,3,4,10:00,6.75,8.0,11,4
一般消化器外科,3,5,10:30,7.0,8.5,14,4
一般消化器外科,3,6,11:00,6.75,7.5,13,4
一般消化器外科,3,7,11:30,7.25,8.5,12,4
一般消化器外科,3,8,12:00,5.5,7.0,10,4
一般消化器外科,3,9,12:30,4.0,6.0,6,4
一般消化器外科,3,10,13:00,6.0,8.5,9,4
一般消化器外科,3,11,13:30,3.75,5.0,8,4
一般消化器外科,3,12,14:00,4.75,4.5,9,4
一般消化器外科,3,13,14:30,2.75,4.5,6,4
一般消化器外科,3,14,15:00,3.0,4.5,5,4
一般消化器外科,3,15,15:30,2.75,3.5,5,4
一般消化器外科,3,16,16:00,2.25,3.0,4,4
一般消化器外科,3,17,16:30,2.0,2.5,4,4
一般消化器外科,3,18,17:00,1.0,2.0,3,3
一般消化器外科,3,19,17:30,0.0,1.0,1,1
一般消化器外科,3,23,19:30,1.0,1.0,1,1
一般消化器外科,4,2,09:00,2.0,2.0,2,1
一般消化器外科,4,3,09:30,2.0,2.0,3,4
一般消化器外科,4,4,10:00,2.0,2.5,3,4
一般消化器外科,4,5,10:30,2.0,2.0,5,4
一般消化器外科,4,6,11:00,2.0,2.0,6,4
一般消化器外科,4,7,11:30,2.25,3.0,5,4
一般消化器外科,4,8,12:00,1.75,2.5,4,4
一般消化器外科,4,9,12:30,1.0,2.0,2,3
一般消化器外科,4,10,13:00,2.0,1.5,2,2
一般消化器外科,4,11,13:30,0.0,1.0,1,2
一般消化器外科,4,12,14:00,1.0,1.0,1,2
一般消化器外科,4,13,14:30,1.0,1.0,1,2
一般消化器外科,4,14,15:00,0.0,1.0,1,1
一般消化器外科,4,20,18:00,1.0,1.0,1,1
一般消化器外科,4,21,18:30,0.0,1.0,1,1
一般消化器外科,4,22,19:00,0.0,1.0,1,1
一般消化器外科,6,7,11:30,1.0,1.0,1,1
一般消化器外科,6,14,15:00,1.0,1.0,1,1
一般消化器外科,6,15,15:30,0.0,1.0,1,1
乳腺外科,0,2,09:00,4.0,4.0,5,3
乳腺外科,0,3,09:30,6.33,7.0,9,3
乳腺外科,0,4,10:00,6.67,7.0,8,3
乳腺外科,0,5,10:30,3.75,4.5,7,4
乳腺外科,0,6,11:00,6.0,5.0,10,4
乳腺外科,0,7,11:30,7.0,7.5,9,4
乳腺外科,0,8,12:00,7.67,8.0,10,4
乳腺外科,0,9,12:30,6.67,8.0,9,3
乳腺外科,0,10,13:00,5.0,6.0,8,3
乳腺外科,0,11,13:30,3.5,5.5,7,4
乳腺外科,0,12,14:00,5.5,5.0,9,3
乳腺外科,0,13,14:30,4.67,6.0,6,3
乳腺外科,0,14,15:00,3.33,4.0,5,3
乳腺外科,0,15,15:30,3.33,6.0,6,3
乳腺外科,0,16,16:00,2.67,5.0,5,3
乳腺外科,0,17,16:30,3.0,4.0,6,2
乳腺外科,0,18,17:00,2.5,3.5,4,2
乳腺外科,0,19,17:30,1.33,1.0,2,3
乳腺外科,0,20,18:00,1.0,1.5,2,2
乳腺外科,0,21,18:30,0.0,1.0,1,1
乳腺外科,1,1,08:30,1.0,1.0,1,1
乳腺外科,1,2,09:00,6.0,5.5,9,4
乳腺外科,1,3,09:30,8.5,10.0,13,4
乳腺外科,1,4,10:00,7.75,8.5,13,4
乳腺外科,1,5,10:30,8.75,10.0,11,4
乳腺外科,1,6,11:00,6.5,8.5,11,4
乳腺外科,1,7,11:30,7.0,7.5,14,4
乳腺外科,1,8,12:00,6.25,8.5,9,4
乳腺外科,1,9,12:30,4.5,4.5,11,4
乳腺外科,1,10,13:00,5.25,6.5,9,4
乳腺外科,1,11,13:30,4.0,5.5,6,4
乳腺外科,1,12,14:00,5.25,6.5,8,4
乳腺外科,1,13,14:30,4.0,5.0,9,4
乳腺外科,1,14,15:00,3.5,4.5,6,4
乳腺外科,1,15,15:30,4.5,5.5,7,4
乳腺外科,1,16,16:00,5.25,6.5,8,4
乳腺外科,1,17,16:30,3.0,4.0,6,4
乳腺外科,1,18,17:00,4.0,4.0,6,3
乳腺外科,1,19,17:30,4.0,4.0,5,3
乳腺外科,1,20,18:00,2.0,1.5,2,2
乳腺外科,1,21,18:30,1.0,2.0,2,1
乳腺外科,2,2,09:00,5.0,6.0,6,3
乳腺外科,2,3,09:30,5.33,7.0,7,3
乳腺外科,2,4,10:00,7.0,7.0,10,3
乳腺外科,2,5,10:30,5.67,8.0,9,3
乳腺外科,2,6,11:00,6.33,7.0,10,3
乳腺外科,2,7,11:30,8.67,10.0,11,3
乳腺外科,2,8,12:00,7.0,9.0,10,3
乳腺外科,2,9,12:30,6.67,7.0,7,3
乳腺外科,2,10,13:00,4.33,5.0,6,3
乳腺外科,2,11,13:30,5.67,5.0,7,3
乳腺外科,2,12,14:00,5.67,7.0,8,3
乳腺外科,2,13,14:30,4.33,5.0,7,3
乳腺外科,2,14,15:00,3.0,4.0,6,3
乳腺外科,2,15,15:30,6.67,7.0,8,3
乳腺外科,2,16,16:00,4.0,4.0,6,3
乳腺外科,2,17,16:30,5.0,6.0,6,3
乳腺外科,2,18,17:00,3.0,4.0,5,3
乳腺外科,2,19,17:30,1.33,1.0,3,3
乳腺外科,2,20,18:00,2.0,2.0,3,3
乳腺外科,2,21,18:30,2.0,2.0,2,1
乳腺外科,3,2,09:00,2.25,2.5,3,4
乳腺外科,3,3,09:30,3.5,4.5,5,4
乳腺外科,3,4,10:00,2.67,4.0,4,3
乳腺外科,3,5,10:30,2.75,3.0,5,4
乳腺外科,3,6,11:00,1.75,3.0,4,4
乳腺外科,3,7,11:30,1.75,2.5,4,4
乳腺外科,3,8,12:00,2.33,2.0,5,4
乳腺外科,3,9,12:30,2.0,2.0,4,4
乳腺外科,3,10,13:00,2.25,3.0,5,4
乳腺外科,3,11,13:30,1.33,1.5,3,4
乳腺外科,3,12,14:00,2.33,3.0,3,3
乳腺外科,3,13,14:30,1.0,1.5,2,2
乳腺外科,3,16,16:00,1.33,1.0,2,3
乳腺外科,3,17,16:30,1.0,1.0,1,3
乳腺外科,4,1,08:30,1.0,1.0,1,3
乳腺外科,4,2,09:00,3.5,4.0,5,4
乳腺外科,4,3,09:30,4.75,5.5,8,4
乳腺外科,4,4,10:00,6.0,7.0,9,4
乳腺外科,4,5,10:30,5.5,6.5,9,4
乳腺外科,4,6,11:00,6.0,7.0,8,4
乳腺外科,4,7,11:30,5.75,6.0,7,4
乳腺外科,4,8,12:00,5.25,5.0,10,4
乳腺外科,4,9,12:30,5.25,5.5,7,4
乳腺外科,4,10,13:00,5.75,6.5,8,4
乳腺外科,4,11,13:30,5.75,7.0,8,4
乳腺外科,4,12,14:00,3.5,4.5,6,4
乳腺外科,4,13,14:30,4.0,3.5,6,4
乳腺外科,4,14,15:00,3.5,4.0,6,4
乳腺外科,4,15,15:30,4.5,5.0,7,4
乳腺外科,4,16,16:00,4.0,5.0,7,4
乳腺外科,4,17,16:30,2.5,1.5,7,4
乳腺外科,4,18,17:00,2.0,2.0,3,3
乳腺外科,4,19,17:30,1.5,1.5,2,2
健診センター,1,4,10:00,1.5,1.5,2,2
健診センター,1,5,10:30,2.0,1.5,2,2
健診センター,1,6,11:00,1.0,1.0,1,1
健診センター,1,10,13:00,1.0,1.0,1,1
健診センター,1,11,13:30,1.0,2.0,2,1
健診センター,1,12,14:00,1.0,1.0,1,2
健診センター,2,3,09:30,2.0,2.0,2,1
健診センター,2,4,10:00,1.0,2.0,2,1
健診センター,2,5,10:30,0.0,1.0,1,1
健診センター,3,3,09:30,2.0,2.0,2,1
健診センター,3,4,10:00,1.0,1.0,1,4
健診センター,3,5,10:30,1.0,1.5,2,2
健診センター,3,6,11:00,2.0,1.5,2,2
健診センター,3,7,11:30,0.0,1.0,1,1
健診センター,4,3,09:30,1.5,1.5,2,2
健診センター,4,4,10:00,2.0,2.5,3,4
健診センター,4,5,10:30,1.0,1.0,1,3
健診センター,4,6,11:00,0.0,1.0,1,1
入退院支援センター,3,6,11:00,1.0,1.0,1,1
内科,0,0,08:00,1.0,1.0,1,1
内科,0,1,08:30,0.0,1.0,1,1
内科,0,2,09:00,1.0,1.0,1,2
内科,0,3,09:30,1.0,1.0,1,2
内科,0,4,10:00,1.0,2.0,2,1
内科,0,6,11:00,1.0,1.0,1,1
内科,0,8,12:00,1.0,1.0,1,1
内科,0,9,12:30,1.0,1.0,1,1
内科,0,10,13:00,0.0,1.0,1,1
内科,0,12,14:00,2.0,2.0,2,1
内科,0,13,14:30,0.0,1.0,1,1
内科,0,14,15:00,1.0,1.0,1,1
内科,0,15,15:30,0.0,1.0,1,1
内科,0,16,16:00,0.0,1.0,1,1
内科,0,19,17:30,1.0,1.0,1,1
内科,0,20,18:00,1.0,1.0,1,3
内科,0,21,18:30,0.0,1.0,1,1
内科,0,22,19:00,1.0,1.0,1,1
内科,0,23,19:30,1.0,2.0,2,1
内科,1,0,08:00,1.5,1.5,2,2
内科,1,1,08:30,1.0,1.0,1,1
内科,1,16,16:00,1.0,1.0,1,1
内科,1,20,18:00,1.0,1.0,1,1
内科,1,21,18:30,1.0,1.0,1,1
内科,1,22,19:00,1.33,1.0,2,4
内科,1,23,19:30,1.5,2.0,2,3
内科,2,0,08:00,1.0,1.0,1,1
内科,2,1,08:30,1.0,2.0,2,1
内科,2,2,09:00,0.0,1.0,1,1
内科,2,3,09:30,0.0,1.0,1,1
内科,2,4,10:00,1.0,1.0,1,2
内科,2,5,10:30,0.0,1.0,1,1
内科,2,7,11:30,1.0,1.0,1,1
内科,2,10,13:00,2.0,2.0,2,1
内科,2,11,13:30,1.0,1.0,1,2
内科,2,12,14:00,0.0,1.0,1,2
内科,2,18,17:00,2.0,2.0,2,1
内科,2,20,18:00,2.0,2.0,2,1
内科,2,21,18:30,0.0,1.0,1,1
内科,2,22,19:00,1.0,1.5,2,2
内科,2,23,19:30,0.0,2.0,2,1
内科,3,19,17:30,1.0,1.0,1,1
内科,3,21,18:30,1.0,1.0,1,1
内科,3,22,19:00,0.0,1.0,1,1
内科,3,23,19:30,2.0,2.0,2,1
内科,4,1,08:30,1.0,1.0,1,1
内科,4,2,09:00,1.0,1.0,1,1
内科,4,3,09:30,1.0,1.0,1,1
内科,4,4,10:00,0.0,1.0,1,1
内科,4,5,10:30,0.0,1.0,1,1
内科,4,6,11:00,2.0,2.0,2,1
内科,4,7,11:30,0.0,1.0,1,1
内科,4,8,12:00,0.0,1.0,1,1
内科,4,9,12:30,0.0,1.0,1,1
内科,4,10,13:00,0.0,1.0,1,1
内科,4,20,18:00,1.0,1.0,1,1
内科,4,21,18:30,0.0,1.0,1,1
内科,4,22,19:00,1.0,1.0,1,1
内科,4,23,19:30,1.67,2.0,3,3
内科,5,1,08:30,1.0,1.0,1,1
内科,5,2,09:00,1.0,1.5,2,2
内科,5,3,09:30,1.0,2.5,3,2
内科,5,4,10:00,1.0,1.0,2,3
内科,5,5,10:30,0.0,1.0,1,1
内科,5,6,11:00,2.0,1.5,2,2
内科,5,7,11:30,0.0,1.0,1,1
内科,5,8,12:00,2.0,1.5,2,2
内科,5,9,12:30,1.0,1.0,1,1
内科,5,10,13:00,2.0,1.5,2,2
内科,5,11,13:30,1.0,1.0,1,1
内科,5,14,15:00,1.0,1.0,1,1
内科,5,16,16:00,1.0,1.0,1,1
内科,5,17,16:30,1.0,1.0,1,3
内科,5,18,17:00,1.0,1.0,2,3
内科,5,19,17:30,1.0,1.5,2,2
内科,5,20,18:00,1.0,1.0,1,3
内科,5,21,18:30,2.0,2.0,3,3
内科,5,22,19:00,1.0,1.0,3,3
内科,5,23,19:30,1.5,2.0,4,4
内科,6,1,08:30,1.0,1.0,1,1
内科,6,2,09:00,0.0,1.0,1,1
内科,6,3,09:30,1.0,1.0,1,1
内科,6,4,10:00,2.0,2.0,2,3
内科,6,5,10:30,1.5,1.5,2,4
内科,6,6,11:00,0.0,2.0,2,1
内科,6,8,12:00,1.0,1.0,1,2
内科,6,10,13:00,1.0,1.0,1,1
内科,6,11,13:30,0.0,1.0,1,1
内科,6,12,14:00,1.0,1.0,1,1
内科,6,15,15:30,1.0,1.0,1,1
内科,6,16,16:00,1.0,1.0,1,1
内科,6,17,16:30,1.0,1.0,1,1
内科,6,18,17:00,2.0,2.0,2,1
内科,6,19,17:30,1.67,2.0,3,3
内科,6,20,18:00,0.0,1.0,1,2
内科,6,21,18:30,1.0,1.5,2,2
内科,6,22,19:00,1.0,1.0,2,3
内科,6,23,19:30,2.0,2.0,3,2
呼吸器内科,0,1,08:30,2.0,2.0,2,2
呼吸器内科,0,2,09:00,3.67,6.0,6,3
呼吸器内科,0,3,09:30,3.0,5.0,5,3
呼吸器内科,0,4,10:00,5.67,7.0,8,3
呼吸器内科,0,5,10:30,5.0,6.0,7,3
呼吸器内科,0,6,11:00,2.33,4.0,8,3
呼吸器内科,0,7,11:30,4.0,4.0,8,3
呼吸器内科,0,8,12:00,4.5,6.0,8,2
呼吸器内科,0,9,12:30,2.0,3.0,3,2
呼吸器内科,0,10,13:00,1.67,2.0,2,3
呼吸器内科,0,11,13:30,3.0,4.0,5,3
呼吸器内科,0,12,14:00,4.0,6.0,8,3
呼吸器内科,0,13,14:30,3.33,5.0,7,3
呼吸器内科,0,14,15:00,3.0,5.0,6,3
呼吸器内科,0,15,15:30,3.33,4.0,7,3
呼吸器内科,0,16,16:00,1.0,2.0,3,3
呼吸器内科,0,17,16:30,1.0,1.0,1,3
呼吸器内科,0,18,17:00,0.0,1.0,1,2
呼吸器内科,0,20,18:00,2.0,2.0,2,1
呼吸器内科,0,21,18:30,0.0,1.0,1,1
呼吸器内科,0,22,19:00,0.0,1.0,1,1
呼吸器内科,1,0,08:00,2.25,2.5,3,4
呼吸器内科,1,1,08:30,3.5,4.0,5,4
呼吸器内科,1,2,09:00,4.5,5.0,8,4
呼吸器内科,1,3,09:30,5.25,6.0,7,4
呼吸器内科,1,4,10:00,5.5,7.5,9,4
呼吸器内科,1,5,10:30,6.0,7.0,9,4
呼吸器内科,1,6,11:00,6.75,7.5,13,4
呼吸器内科,1,7,11:30,4.5,6.5,7,4
呼吸器内科,1,8,12:00,4.0,6.0,7,4
呼吸器内科,1,9,12:30,2.75,4.0,5,4
呼吸器内科,1,10,13:00,4.25,5.0,6,4
呼吸器内科,1,11,13:30,5.0,7.0,7,4
呼吸器内科,1,12,14:00,6.25,7.0,12,4
呼吸器内科,1,13,14:30,4.5,4.5,12,4
呼吸器内科,1,14,15:00,5.0,5.0,10,3
呼吸器内科,1,15,15:30,1.5,1.0,5,4
呼吸器内科,1,16,16:00,1.5,1.0,2,3
呼吸器内科,1,17,16:30,2.0,3.0,3,1
呼吸器内科,1,21,18:30,1.0,1.0,1,1
呼吸器内科,2,2,09:00,3.67,3.0,5,3
呼吸器内科,2,3,09:30,2.67,3.0,5,3
呼吸器内科,2,4,10:00,4.33,4.0,8,3
呼吸器内科,2,5,10:30,5.67,6.0,8,3
呼吸器内科,2,6,11:00,4.33,5.0,8,3
呼吸器内科,2,7,11:30,4.67,6.0,8,3
呼吸器内科,2,8,12:00,2.5,2.0,5,3
呼吸器内科,2,9,12:30,2.67,3.0,4,3
呼吸器内科,2,10,13:00,3.0,5.0,5,3
呼吸器内科,2,11,13:30,3.0,4.0,4,3
呼吸器内科,2,12,14:00,5.67,7.0,7,3
呼吸器内科,2,13,14:30,5.33,8.0,9,3
呼吸器内科,2,14,15:00,3.33,7.0,8,3
呼吸器内科,2,15,15:30,3.0,4.0,6,3
呼吸器内科,2,16,16:00,2.0,3.0,3,2
呼吸器内科,2,17,16:30,1.0,1.0,1,2
呼吸器内科,2,18,17:00,0.0,1.0,1,1
呼吸器内科,3,2,09:00,3.75,3.5,5,4
呼吸器内科,3,3,09:30,4.25,5.5,7,4
呼吸器内科,3,4,10:00,4.25,5.5,7,4
呼吸器内科,3,5,10:30,5.75,7.0,8,4
呼吸器内科,3,6,11:00,4.25,5.5,8,4
呼吸器内科,3,7,11:30,3.75,4.5,9,4
呼吸器内科,3,8,12:00,4.5,5.5,8,4
呼吸器内科,3,9,12:30,4.25,4.5,7,4
呼吸器内科,3,10,13:00,2.5,4.0,5,4
呼吸器内科,3,11,13:30,3.5,4.5,6,4
呼吸器内科,3,12,14:00,3.5,4.5,6,4
呼吸器内科,3,13,14:30,3.75,5.0,6,4
呼吸器内科,3,14,15:00,3.0,4.0,5,4
呼吸器内科,3,15,15:30,4.0,4.5,7,4
呼吸器内科,3,16,16:00,1.5,2.0,3,4
呼吸器内科,3,17,16:30,1.0,1.0,1,3
呼吸器内科,3,18,17:00,0.0,1.0,1,1
呼吸器内科,4,2,09:00,1.0,1.0,1,3
呼吸器内科,4,3,09:30,3.75,4.0,6,4
呼吸器内科,4,4,10:00,4.5,5.5,6,4
呼吸器内科,4,5,10:30,5.25,6.0,8,4
呼吸器内科,4,6,11:00,4.0,5.5,8,4
呼吸器内科,4,7,11:30,4.25,6.5,7,4
呼吸器内科,4,8,12:00,4.0,5.5,7,4
呼吸器内科,4,9,12:30,2.0,2.0,5,3
呼吸器内科,4,10,13:00,2.25,2.5,3,4
呼吸器内科,4,11,13:30,2.0,2.5,4,4
呼吸器内科,4,12,14:00,2.25,2.5,4,4
呼吸器内科,4,13,14:30,2.25,3.0,6,4
呼吸器内科,4,14,15:00,1.33,2.0,4,3
呼吸器内科,4,15,15:30,1.75,2.5,3,4
呼吸器内科,4,16,16:00,0.0,1.0,1,2
呼吸器内科,4,18,17:00,1.0,1.0,1,1
呼吸器内科,4,19,17:30,1.0,1.0,1,1
呼吸器外科,0,1,08:30,1.0,1.0,1,2
呼吸器外科,0,2,09:00,2.0,2.0,3,2
呼吸器外科,0,3,09:30,2.0,3.0,3,2
呼吸器外科,0,4,10:00,2.0,3.0,3,3
呼吸器外科,0,5,10:30,1.5,2.0,3,3
呼吸器外科,0,6,11:00,1.0,1.0,1,2
呼吸器外科,0,7,11:30,2.0,2.0,3,3
呼吸器外科,0,8,12:00,0.0,1.0,1,2
呼吸器外科,0,9,12:30,1.5,1.5,2,2
呼吸器外科,0,10,13:00,1.5,2.0,2,2
呼吸器外科,0,11,13:30,0.0,1.0,1,1
呼吸器外科,2,2,09:00,2.33,2.0,3,3
呼吸器外科,2,3,09:30,1.67,3.0,3,3
呼吸器外科,2,4,10:00,2.0,3.0,3,3
呼吸器外科,2,5,10:30,1.67,2.0,3,3
呼吸器外科,2,6,11:00,1.67,3.0,3,3
呼吸器外科,2,7,11:30,1.33,2.0,3,3
呼吸器外科,2,8,12:00,1.0,1.0,1,3
呼吸器外科,2,9,12:30,1.0,1.5,2,2
呼吸器外科,2,10,13:00,0.0,1.0,1,1
呼吸器外科,2,11,13:30,0.0,1.0,1,1
呼吸器外科,2,12,14:00,0.0,1.0,1,1
呼吸器外科,2,15,15:30,1.0,1.0,1,1
呼吸器外科,3,1,08:30,2.0,2.0,3,2
呼吸器外科,3,2,09:00,1.75,2.0,4,4
呼吸器外科,3,3,09:30,1.0,1.5,2,4
呼吸器外科,3,4,10:00,1.0,1.5,2,4
呼吸器外科,3,5,10:30,2.25,2.5,3,4
呼吸器外科,3,6,11:00,1.75,2.0,5,4
呼吸器外科,3,7,11:30,1.0,2.0,2,4
呼吸器外科,3,8,12:00,1.5,2.0,4,4
呼吸器外科,3,9,12:30,4.0,2.5,4,2
呼吸器外科,3,10,13:00,1.0,2.0,2,1
呼吸器外科,3,11,13:30,1.0,1.0,1,1
呼吸器外科,3,12,14:00,3.67,4.0,5,3
呼吸器外科,3,13,14:30,2.67,4.0,5,3
呼吸器外科,3,14,15:00,2.67,4.0,4,3
呼吸器外科,3,15,15:30,1.5,2.5,3,2
呼吸器外科,3,16,16:00,0.0,1.0,1,1
呼吸器外科,3,17,16:30,0.0,1.0,1,1
呼吸器外科,4,11,13:30,1.0,1.0,1,1
呼吸器外科,4,12,14:00,1.0,1.0,1,3
呼吸器外科,4,13,14:30,4.0,2.5,4,2
呼吸器外科,4,14,15:00,0.0,1.0,1,1
外来手術室,0,1,08:30,1.0,1.0,1,1
外来手術室,0,2,09:00,9.0,9.0,12,3
外来手術室,1,1,08:30,3.5,3.5,5,2
外来手術室,1,2,09:00,8.75,8.0,12,4
外来手術室,1,3,09:30,2.0,2.0,2,1
外来手術室,3,1,08:30,2.0,2.0,2,1
外来手術室,3,2,09:00,8.25,10.0,11,4
外来手術室,3,3,09:30,1.0,1.0,1,1
外来手術室,4,1,08:30,3.33,3.0,4,3
外来手術室,4,2,09:00,9.25,10.5,11,4
小児科,0,2,09:00,2.0,2.0,3,2
小児科,0,3,09:30,3.0,4.0,5,3
小児科,0,4,10:00,2.33,5.0,5,3
小児科,0,5,10:30,1.67,4.0,4,3
小児科,0,6,11:00,1.0,3.0,3,2
小児科,0,7,11:30,1.33,1.0,3,3
小児科,0,8,12:00,1.0,2.0,2,3
小児科,0,9,12:30,2.0,1.0,3,3
小児科,0,10,13:00,1.0,2.0,2,1
小児科,0,11,13:30,2.0,2.0,3,3
小児科,0,12,14:00,2.0,1.0,5,3
小児科,0,13,14:30,1.0,2.0,2,3
小児科,0,14,15:00,2.5,3.0,5,2
小児科,0,15,15:30,2.0,2.0,7,3
小児科,0,16,16:00,3.0,4.0,6,2
小児科,0,17,16:30,1.0,2.0,2,2
小児科,0,18,17:00,0.0,1.0,1,1
小児科,0,23,19:30,1.0,1.0,1,1
小児科,1,1,08:30,1.0,1.0,1,2
小児科,1,2,09:00,2.5,2.0,4,3
小児科,1,3,09:30,2.0,3.0,3,3
小児科,1,4,10:00,1.5,2.0,3,4
小児科,1,5,10:30,2.33,4.0,4,3
小児科,1,6,11:00,1.67,1.5,3,4
小児科,1,7,11:30,1.67,3.0,3,3
小児科,1,8,12:00,1.0,1.0,2,3
小児科,1,13,14:30,1.0,1.0,1,2
小児科,1,14,15:00,1.25,1.5,2,4
小児科,1,15,15:30,1.0,1.5,2,4
小児科,1,16,16:00,2.0,2.0,3,4
小児科,1,17,16:30,2.0,3.0,4,4
小児科,1,18,17:00,1.0,1.0,2,3
小児科,1,19,17:30,0.0,1.0,1,1
小児科,1,21,18:30,1.0,1.0,1,1
小児科,1,22,19:00,0.0,1.0,1,1
小児科,2,2,09:00,3.33,3.0,4,3
小児科,2,3,09:30,2.33,4.0,6,3
小児科,2,4,10:00,2.25,3.5,6,4
小児科,2,5,10:30,2.67,3.0,6,4
小児科,2,6,11:00,1.0,2.0,4,4
小児科,2,7,11:30,2.0,2.0,4,3
小児科,2,8,12:00,1.0,2.5,3,2
小児科,2,9,12:30,2.0,2.5,4,2
小児科,2,10,13:00,2.0,4.0,4,1
小児科,2,11,13:30,1.0,4.0,4,1
小児科,2,12,14:00,1.0,2.0,2,1
小児科,2,13,14:30,0.0,1.0,1,1
小児科,2,14,15:00,3.0,3.0,4,2
小児科,2,15,15:30,1.33,2.0,5,3
小児科,2,16,16:00,2.0,2.0,5,4
小児科,2,17,16:30,2.0,3.5,4,2
小児科,2,18,17:00,0.0,1.5,2,2
小児科,2,20,18:00,1.0,1.0,1,1
小児科,3,2,09:00,2.75,2.5,4,4
小児科,3,3,09:30,1.75,4.0,4,4
小児科,3,4,10:00,2.5,4.0,5,4
小児科,3,5,10:30,2.0,3.0,4,4
小児科,3,6,11:00,2.33,3.0,5,3
小児科,3,7,11:30,2.67,4.0,5,3
小児科,3,8,12:00,1.0,2.0,3,3
小児科,3,9,12:30,1.0,1.0,1,4
小児科,3,10,13:00,2.0,2.0,2,1
小児科,3,11,13:30,1.0,1.0,1,2
小児科,3,12,14:00,1.67,2.0,3,3
小児科,3,13,14:30,2.0,1.0,3,3
小児科,3,14,15:00,1.75,2.0,4,4
小児科,3,15,15:30,1.25,2.0,2,4
小児科,3,16,16:00,2.0,3.0,4,3
小児科,3,17,16:30,1.0,1.0,2,3
小児科,3,18,17:00,1.0,1.0,1,2
小児科,4,2,09:00,2.75,2.5,5,4
小児科,4,3,09:30,2.0,4.5,5,4
小児科,4,4,10:00,2.75,4.0,6,4
小児科,4,5,10:30,2.0,3.5,4,4
小児科,4,6,11:00,1.5,3.0,3,4
小児科,4,7,11:30,1.67,3.0,4,4
小児科,4,8,12:00,2.67,3.0,6,3
小児科,4,9,12:30,3.0,2.5,3,4
小児科,4,10,13:00,1.67,1.5,3,4
小児科,4,11,13:30,1.0,2.0,4,3
小児科,4,12,14:00,1.33,2.0,2,3
小児科,4,13,14:30,2.0,1.0,2,3
小児科,4,14,15:00,3.0,2.5,4,2
小児科,4,15,15:30,2.0,3.0,5,2
小児科,4,16,16:00,1.25,1.0,4,4
小児科,4,17,16:30,0.0,1.0,1,2
小児科,4,19,17:30,1.0,1.0,1,1
小児科,4,20,18:00,1.0,2.0,2,1
小児科,4,21,18:30,0.0,1.0,1,1
小児科,4,22,19:00,0.0,1.0,1,1
小児科,5,8,12:00,1.0,1.0,1,1
小児科,5,9,12:30,0.0,1.0,1,1
小児科,5,18,17:00,1.0,1.0,1,1
小児科,5,19,17:30,1.0,2.0,2,1
小児科,5,22,19:00,1.0,1.0,1,2
小児科,5,23,19:30,0.0,1.0,1,1
小児科,6,6,11:00,1.0,1.0,1,1
小児科,6,7,11:30,0.0,1.0,1,1
形成外科,0,1,08:30,2.0,2.0,2,1
形成外科,0,2,09:00,3.0,3.0,5,3
形成外科,0,3,09:30,3.67,5.0,7,3
形成外科,0,4,10:00,2.33,4.0,4,3
形成外科,0,5,10:30,2.67,3.0,4,3
形成外科,0,6,11:00,3.67,4.0,6,3
形成外科,0,7,11:30,2.67,4.0,6,3
形成外科,0,8,12:00,1.5,2.0,3,3
形成外科,0,9,12:30,1.0,1.0,1,3
形成外科,0,10,13:00,0.0,1.0,1,1
形成外科,0,16,16:00,1.0,1.0,1,1
形成外科,1,1,08:30,1.5,1.5,2,4
形成外科,1,2,09:00,3.0,3.5,6,4
形成外科,1,3,09:30,2.75,4.0,6,4
形成外科,1,4,10:00,3.0,4.0,7,4
形成外科,1,5,10:30,2.5,3.5,7,4
形成外科,1,6,11:00,4.5,5.0,6,4
形成外科,1,7,11:30,1.75,3.0,4,4
形成外科,1,8,12:00,2.0,2.0,4,4
形成外科,1,9,12:30,1.0,1.0,2,3
形成外科,1,10,13:00,1.67,2.0,3,3
形成外科,1,11,13:30,1.0,2.0,2,3
形成外科,1,12,14:00,1.0,1.0,2,3
形成外科,1,13,14:30,1.0,1.0,1,2
形成外科,1,14,15:00,1.5,1.0,3,3
形成外科,1,16,16:00,1.0,1.0,1,2
形成外科,1,17,16:30,1.0,1.0,1,2
形成外科,1,20,18:00,1.0,1.0,1,1
形成外科,1,21,18:30,0.0,1.0,1,1
形成外科,2,0,08:00,2.0,2.0,2,1
形成外科,2,1,08:30,3.67,5.0,5,3
形成外科,2,2,09:00,1.0,1.0,1,3
形成外科,2,6,11:00,1.0,1.0,1,3
形成外科,2,7,11:30,1.0,1.5,2,2
形成外科,2,8,12:00,1.0,1.0,1,1
形成外科,2,10,13:00,1.0,1.0,1,1
形成外科,2,14,15:00,1.0,1.0,1,1
形成外科,2,15,15:30,0.0,1.0,1,1
形成外科,2,16,16:00,1.0,1.0,1,1
形成外科,2,17,16:30,0.0,1.0,1,1
形成外科,3,0,08:00,1.0,1.0,1,1
形成外科,3,2,09:00,3.0,3.0,5,4
形成外科,3,3,09:30,1.75,1.5,5,4
形成外科,3,4,10:00,2.25,3.0,5,4
形成外科,3,5,10:30,2.25,2.5,5,4
形成外科,3,6,11:00,2.0,4.0,4,4
形成外科,3,7,11:30,1.33,1.5,4,4
形成外科,3,8,12:00,1.5,1.0,2,4
形成外科,3,9,12:30,1.5,1.0,2,3
形成外科,3,10,13:00,2.67,2.0,4,4
形成外科,3,11,13:30,2.0,3.0,6,4
形成外科,3,12,14:00,2.0,1.5,3,4
形成外科,3,13,14:30,2.0,2.5,4,4
形成外科,3,14,15:00,3.0,2.0,6,3
形成外科,3,15,15:30,1.75,1.5,5,4
形成外科,3,16,16:00,1.0,1.5,3,4
形成外科,3,17,16:30,1.33,1.0,3,3
形成外科,3,18,17:00,1.0,1.0,2,3
形成外科,3,19,17:30,0.0,1.0,1,2
形成外科,3,20,18:00,1.0,1.0,1,1
形成外科,3,21,18:30,0.0,1.0,1,1
形成外科,3,23,19:30,1.0,1.0,1,1
形成外科,4,1,08:30,2.0,1.5,4,4
形成外科,4,2,09:00,5.5,5.5,8,4
形成外科,4,3,09:30,3.75,5.0,6,4
形成外科,4,4,10:00,4.25,6.5,7,4
形成外科,4,5,10:30,4.0,6.5,7,4
形成外科,4,6,11:00,3.25,5.0,6,4
形成外科,4,7,11:30,2.25,4.5,5,4
形成外科,4,8,12:00,1.67,3.0,4,4
形成外科,4,9,12:30,1.5,3.0,3,2
形成外科,4,10,13:00,0.0,1.0,1,1
形成外科,4,11,13:30,1.0,1.0,1,1
形成外科,4,12,14:00,1.0,1.0,1,2
形成外科,4,13,14:30,1.5,2.5,3,2
形成外科,4,14,15:00,1.33,2.0,3,3
形成外科,4,15,15:30,0.0,2.0,2,3
形成外科,4,16,16:00,1.0,1.5,2,2
形成外科,4,17,16:30,0.0,1.0,1,1
形成外科,4,19,17:30,1.0,1.0,1,1
形成外科,5,8,12:00,1.0,1.0,1,1
形成外科,5,14,15:00,1.0,1.0,1,1
循環器内科,0,0,08:00,1.0,1.0,1,1
循環器内科,0,1,08:30,3.0,3.0,4,3
循環器内科,0,2,09:00,5.0,5.0,7,3
循環器内科,0,3,09:30,4.67,6.0,8,3
循環器内科,0,4,10:00,6.33,7.0,10,3
循環器内科,0,5,10:30,7.0,8.0,11,3
循環器内科,0,6,11:00,4.67,7.0,8,3
循環器内科,0,7,11:30,5.67,7.0,8,3
循環器内科,0,8,12:00,4.33,6.0,7,3
循環器内科,0,9,12:30,3.75,5.0,7,4
循環器内科,0,10,13:00,4.0,5.0,6,3
循環器内科,0,11,13:30,3.33,5.0,6,3
循環器内科,0,12,14:00,3.0,4.0,7,3
循環器内科,0,13,14:30,3.33,4.0,5,3
循環器内科,0,14,15:00,2.67,4.0,5,3
循環器内科,0,15,15:30,3.0,4.0,5,3
循環器内科,0,16,16:00,3.33,3.0,5,3
循環器内科,0,17,16:30,1.0,2.0,3,3
循環器内科,0,18,17:00,1.0,1.0,1,1
循環器内科,0,20,18:00,1.0,1.0,1,3
循環器内科,0,21,18:30,2.0,2.0,2,1
循環器内科,0,22,19:00,1.0,1.0,1,1
循環器内科,0,23,19:30,1.0,1.0,1,1
循環器内科,1,1,08:30,1.75,1.5,3,4
循環器内科,1,2,09:00,4.0,5.0,6,4
循環器内科,1,3,09:30,3.75,5.5,7,4
循環器内科,1,4,10:00,3.25,4.5,6,4
循環器内科,1,5,10:30,5.0,6.0,8,4
循環器内科,1,6,11:00,3.75,5.5,6,4
循環器内科,1,7,11:30,3.0,5.0,6,4
循環器内科,1,8,12:00,4.0,5.5,6,4
循環器内科,1,9,12:30,2.5,3.5,5,4
循環器内科,1,10,13:00,2.25,3.5,5,4
循環器内科,1,11,13:30,4.25,5.0,6,4
循環器内科,1,12,14:00,3.5,5.0,6,4
循環器内科,1,13,14:30,1.75,3.5,4,4
循環器内科,1,14,15:00,1.33,2.0,2,3
循環器内科,1,15,15:30,2.5,3.0,4,4
循環器内科,1,16,16:00,2.25,3.0,3,4
循環器内科,1,17,16:30,2.0,2.5,4,4
循環器内科,1,18,17:00,1.5,2.0,3,3
循環器内科,1,19,17:30,0.0,1.0,2,3
循環器内科,1,20,18:00,1.0,1.0,1,3
循環器内科,1,21,18:30,1.0,1.5,2,2
循環器内科,1,22,19:00,1.0,1.0,1,2
循環器内科,1,23,19:30,1.0,1.0,1,1
循環器内科,2,1,08:30,1.5,1.5,2,2
循環器内科,2,2,09:00,7.33,8.0,9,3
循環器内科,2,3,09:30,7.0,10.0,11,4
循環器内科,2,4,10:00,9.0,11.0,11,3
循環器内科,2,5,10:30,10.33,13.0,14,3
循環器内科,2,6,11:00,10.67,14.0,14,3
循環器内科,2,7,11:30,9.0,11.0,11,3
循環器内科,2,8,12:00,7.67,12.0,12,3
循環器内科,2,9,12:30,7.33,8.0,12,3
循環器内科,2,10,13:00,4.67,7.0,8,3
循環器内科,2,11,13:30,5.0,7.0,8,3
循環器内科,2,12,14:00,2.67,4.0,4,3
循環器内科,2,13,14:30,3.5,1.0,7,3
循環器内科,2,14,15:00,2.5,3.5,6,2
循環器内科,2,15,15:30,2.0,2.0,2,2
循環器内科,2,16,16:00,0.0,1.0,1,2
循環器内科,2,17,16:30,1.0,1.0,1,1
循環器内科,2,18,17:00,1.0,1.0,1,1
循環器内科,2,21,18:30,1.0,1.0,1,1
循環器内科,2,22,19:00,0.0,1.0,1,1
循環器内科,2,23,19:30,1.0,1.0,1,1
循環器内科,3,1,08:30,1.5,1.5,2,2
循環器内科,3,2,09:00,2.5,3.5,4,4
循環器内科,3,3,09:30,2.5,3.0,5,4
循環器内科,3,4,10:00,3.5,4.0,6,4
循環器内科,3,5,10:30,4.0,5.0,7,4
循環器内科,3,6,11:00,2.0,3.0,5,4
循環器内科,3,7,11:30,1.5,2.5,3,4
循環器内科,3,8,12:00,2.0,2.5,5,4
循環器内科,3,9,12:30,2.75,3.0,6,4
循環器内科,3,10,13:00,2.0,3.0,3,3
循環器内科,3,11,13:30,2.5,2.5,5,4
循環器内科,3,12,14:00,6.5,7.0,9,4
循環器内科,3,13,14:30,7.25,8.5,12,4
循環器内科,3,14,15:00,6.25,9.5,10,4
循環器内科,3,15,15:30,5.5,8.5,9,4
循環器内科,3,16,16:00,4.75,8.0,9,4
循環器内科,3,17,16:30,4.25,7.0,8,4
循環器内科,3,18,17:00,2.5,4.5,5,4
循環器内科,3,19,17:30,2.75,3.5,6,4
循環器内科,3,20,18:00,1.0,2.0,3,3
循環器内科,3,21,18:30,1.0,1.0,1,1
循環器内科,3,22,19:00,0.0,1.0,1,1
循環器内科,3,23,19:30,0.0,1.0,1,1
循環器内科,4,0,08:00,1.0,1.0,1,1
循環器内科,4,1,08:30,1.0,1.0,1,3
循環器内科,4,2,09:00,4.5,4.5,6,4
循環器内科,4,3,09:30,4.25,5.5,6,4
循環器内科,4,4,10:00,5.25,6.0,7,4
循環器内科,4,5,10:30,5.25,6.5,8,4
循環器内科,4,6,11:00,4.5,5.5,7,4
循環器内科,4,7,11:30,4.0,5.0,6,4
循環器内科,4,8,12:00,3.5,4.0,6,4
循環器内科,4,9,12:30,2.5,4.5,5,4
循環器内科,4,10,13:00,2.5,4.0,5,4
循環器内科,4,11,13:30,3.75,5.0,5,4
循環器内科,4,12,14:00,3.25,4.0,7,4
循環器内科,4,13,14:30,4.75,5.0,8,4
循環器内科,4,14,15:00,4.75,7.0,7,4
循環器内科,4,15,15:30,2.5,3.5,5,4
循環器内科,4,16,16:00,2.0,3.0,4,4
循環器内科,4,17,16:30,1.0,1.0,2,4
循環器内科,4,18,17:00,1.25,1.5,2,4
循環器内科,4,19,17:30,1.33,1.5,4,4
循環器内科,4,20,18:00,0.0,1.0,1,2
循環器内科,4,22,19:00,1.0,1.0,1,1
循環器内科,5,13,14:30,1.0,1.0,1,1
循環器内科,5,17,16:30,1.0,1.0,1,1
循環器内科,5,18,17:00,0.0,1.0,1,1
循環器内科,6,5,10:30,1.0,1.0,1,1
循環器内科,6,6,11:00,0.0,1.0,1,1
循環器内科,6,13,14:30,1.0,1.0,1,1
心臓血管外科,0,5,10:30,1.0,1.0,1,1
心臓血管外科,0,6,11:00,0.0,1.0,1,1
心臓血管外科,0,7,11:30,0.0,1.0,1,1
心臓血管外科,0,8,12:00,0.0,1.0,1,1
心臓血管外科,1,2,09:00,1.0,1.0,1,3
心臓血管外科,1,3,09:30,1.5,1.5,3,4
心臓血管外科,1,4,10:00,1.25,2.5,3,4
心臓血管外科,1,5,10:30,2.0,3.0,4,4
心臓血管外科,1,6,11:00,2.0,3.0,5,4
心臓血管外科,1,7,11:30,1.33,2.5,3,4
心臓血管外科,1,8,12:00,1.5,2.0,3,4
心臓血管外科,1,9,12:30,1.75,2.5,3,4
心臓血管外科,1,10,13:00,1.0,1.0,2,4
心臓血管外科,1,11,13:30,1.33,2.0,2,4
心臓血管外科,1,12,14:00,1.5,2.5,3,4
心臓血管外科,1,13,14:30,2.0,2.5,3,4
心臓血管外科,1,14,15:00,1.75,3.0,3,4
心臓血管外科,1,15,15:30,1.75,2.5,4,4
心臓血管外科,1,16,16:00,1.5,2.5,3,4
心臓血管外科,1,17,16:30,1.0,1.0,2,4
心臓血管外科,2,20,18:00,1.0,1.0,1,1
心臓血管外科,2,21,18:30,0.0,1.0,1,1
心臓血管外科,3,1,08:30,2.0,2.0,2,1
心臓血管外科,4,2,09:00,1.25,1.0,2,4
心臓血管外科,4,3,09:30,1.25,2.0,3,4
心臓血管外科,4,4,10:00,3.5,3.5,7,4
心臓血管外科,4,5,10:30,4.0,5.0,6,4
心臓血管外科,4,6,11:00,3.75,6.0,6,4
心臓血管外科,4,7,11:30,4.33,6.0,6,4
心臓血管外科,4,8,12:00,1.5,3.0,4,4
心臓血管外科,4,9,12:30,1.5,1.5,4,4
心臓血管外科,4,10,13:00,1.0,2.0,3,3
心臓血管外科,4,11,13:30,2.5,3.0,5,4
心臓血管外科,4,12,14:00,1.5,2.5,3,4
心臓血管外科,4,13,14:30,1.33,1.5,3,4
心臓血管外科,4,14,15:00,1.5,2.5,3,4
心臓血管外科,4,15,15:30,1.0,2.0,2,4
心臓血管外科,4,16,16:00,1.0,2.0,2,4
心臓血管外科,4,17,16:30,2.0,3.0,3,3
心臓血管外科,4,18,17:00,1.5,2.5,3,2
心臓血管外科,4,19,17:30,1.5,2.5,3,2
心臓血管外科,4,20,18:00,0.0,1.0,1,2
心臓血管外科,5,10,13:00,1.0,1.0,1,1
感染症,1,9,12:30,1.0,1.0,1,2
感染症,1,10,13:00,1.0,1.0,1,1
感染症,2,11,13:30,1.0,1.0,1,1
感染症,3,6,11:00,1.0,1.0,1,1
感染症,3,13,14:30,1.0,1.0,1,1
感染症,3,14,15:00,0.0,1.0,1,1
感染症,4,6,11:00,1.0,1.0,1,1
感染症,4,12,14:00,1.0,1.0,1,1
感染症,4,13,14:30,1.0,1.5,2,2
放射線治療科,0,1,08:30,1.0,1.0,1,2
放射線治療科,0,2,09:00,3.33,4.0,5,3
放射線治療科,0,3,09:30,4.33,4.0,6,3
放射線治療科,0,4,10:00,3.0,2.0,4,3
放射線治療科,0,5,10:30,3.67,4.0,6,3
放射線治療科,0,6,11:00,3.33,3.0,6,3
放射線治療科,0,7,11:30,3.0,3.0,5,3
放射線治療科,0,8,12:00,2.0,2.0,2,2
放射線治療科,0,9,12:30,1.0,1.0,1,2
放射線治療科,0,10,13:00,1.0,1.0,1,3
放射線治療科,0,11,13:30,2.67,3.0,4,3
放射線治療科,0,12,14:00,3.0,3.0,5,3
放射線治療科,0,13,14:30,3.67,4.0,8,3
放射線治療科,0,14,15:00,2.33,3.0,3,3
放射線治療科,0,15,15:30,1.67,2.0,3,3
放射線治療科,0,16,16:00,2.0,2.0,2,1
放射線治療科,0,17,16:30,1.0,1.0,1,1
放射線治療科,0,18,17:00,1.0,1.0,1,1
放射線治療科,1,1,08:30,2.25,2.0,4,4
放射線治療科,1,2,09:00,4.25,5.0,7,4
放射線治療科,1,3,09:30,6.0,5.0,12,4
放射線治療科,1,4,10:00,5.0,7.0,9,4
放射線治療科,1,5,10:30,5.0,6.5,11,4
放射線治療科,1,6,11:00,3.0,4.5,6,4
放射線治療科,1,7,11:30,2.0,3.5,4,2
放射線治療科,1,8,12:00,1.5,1.5,2,2
放射線治療科,1,9,12:30,1.0,1.0,1,1
放射線治療科,1,10,13:00,2.0,2.0,2,1
放射線治療科,1,11,13:30,1.0,1.0,2,3
放射線治療科,1,12,14:00,1.25,1.5,2,4
放射線治療科,1,13,14:30,1.75,1.5,3,4
放射線治療科,1,14,15:00,3.0,4.0,4,2
放射線治療科,1,15,15:30,3.0,4.0,5,3
放射線治療科,1,16,16:00,1.0,2.5,3,2
放射線治療科,1,17,16:30,1.0,1.0,1,3
放射線治療科,1,18,17:00,1.0,1.0,1,1
放射線治療科,2,1,08:30,2.0,2.0,3,3
放射線治療科,2,2,09:00,6.0,7.0,7,3
放射線治療科,2,3,09:30,4.33,4.0,9,3
放射線治療科,2,4,10:00,6.0,6.0,11,3
放射線治療科,2,5,10:30,6.0,7.0,9,3
放射線治療科,2,6,11:00,6.33,10.0,10,3
放射線治療科,2,7,11:30,1.33,3.0,4,3
放射線治療科,2,8,12:00,2.0,2.0,3,3
放射線治療科,2,9,12:30,1.0,1.0,1,2
放射線治療科,2,10,13:00,2.33,2.0,3,3
放射線治療科,2,11,13:30,6.0,7.0,9,3
放射線治療科,2,12,14:00,5.0,7.0,7,3
放射線治療科,2,13,14:30,2.33,4.0,5,3
放射線治療科,2,14,15:00,3.67,5.0,5,3
放射線治療科,2,15,15:30,4.0,5.0,7,3
放射線治療科,2,16,16:00,2.67,2.0,6,3
放射線治療科,2,17,16:30,1.0,1.0,1,2
放射線治療科,3,1,08:30,2.0,2.0,3,3
放射線治療科,3,2,09:00,2.0,3.0,4,3
放射線治療科,3,3,09:30,2.0,3.0,4,4
放射線治療科,3,4,10:00,2.25,4.0,6,4
放射線治療科,3,5,10:30,2.25,4.0,4,4
放射線治療科,3,6,11:00,1.67,2.5,3,4
放射線治療科,3,7,11:30,0.0,1.0,1,2
放射線治療科,3,8,12:00,0.0,1.0,1,1
放射線治療科,3,9,12:30,2.0,2.0,3,2
放射線治療科,3,10,13:00,1.5,1.5,2,2
放射線治療科,3,11,13:30,2.0,2.5,3,4
放射線治療科,3,12,14:00,2.0,2.0,3,4
放射線治療科,3,13,14:30,1.0,1.0,1,3
放射線治療科,3,14,15:00,3.0,3.0,3,1
放射線治療科,3,15,15:30,1.5,2.0,2,3
放射線治療科,3,16,16:00,1.0,1.0,1,3
放射線治療科,3,17,16:30,1.0,1.0,1,3
放射線治療科,3,18,17:00,1.0,1.5,2,2
放射線治療科,3,19,17:30,1.0,2.0,2,1
放射線治療科,3,20,18:00,0.0,1.0,1,1
放射線治療科,4,1,08:30,2.5,2.5,4,4
放射線治療科,4,2,09:00,3.75,5.0,6,4
放射線治療科,4,3,09:30,5.25,6.0,7,4
放射線治療科,4,4,10:00,3.5,5.0,6,4
放射線治療科,4,5,10:30,4.0,5.0,6,4
放射線治療科,4,6,11:00,3.5,4.0,7,4
放射線治療科,4,7,11:30,4.0,3.0,9,4
放射線治療科,4,8,12:00,1.0,2.0,2,1
放射線治療科,4,9,12:30,1.0,1.0,1,1
放射線治療科,4,10,13:00,1.0,1.0,1,1
放射線治療科,4,11,13:30,2.25,2.0,4,4
放射線治療科,4,12,14:00,2.25,4.0,4,4
放射線治療科,4,13,14:30,2.25,3.5,4,4
放射線治療科,4,14,15:00,3.0,4.0,6,2
放射線治療科,4,15,15:30,1.0,1.0,1,4
放射線治療科,4,16,16:00,1.0,1.0,1,3
放射線治療科,4,17,16:30,1.0,1.0,1,3
救急科,0,3,09:30,1.5,1.5,2,2
救急科,0,4,10:00,1.0,1.0,1,2
救急科,0,5,10:30,1.0,1.0,1,1
救急科,0,6,11:00,1.0,1.0,1,3
救急科,0,7,11:30,1.0,1.0,1,3
救急科,0,8,12:00,2.67,3.0,4,3
救急科,0,9,12:30,1.0,1.5,2,4
救急科,0,10,13:00,1.0,2.0,2,3
救急科,0,11,13:30,1.0,1.5,2,4
救急科,0,12,14:00,1.0,1.0,2,4
救急科,0,13,14:30,1.0,1.0,1,1
救急科,0,14,15:00,2.0,2.0,2,3
救急科,0,15,15:30,1.0,1.0,1,1
救急科,0,16,16:00,0.0,1.0,1,1
救急科,0,17,16:30,1.5,1.5,2,2
救急科,0,18,17:00,1.0,1.0,1,3
救急科,0,19,17:30,1.0,1.0,1,1
救急科,0,21,18:30,1.0,1.0,1,3
救急科,0,22,19:00,0.0,1.0,1,2
救急科,0,23,19:30,0.0,1.0,1,1
救急科,1,2,09:00,1.0,1.0,1,2
救急科,1,3,09:30,1.0,1.0,1,2
救急科,1,4,10:00,1.0,1.0,1,1
救急科,1,5,10:30,1.0,1.0,1,1
救急科,1,7,11:30,1.0,1.0,1,3
救急科,1,8,12:00,1.0,1.0,2,3
救急科,1,9,12:30,1.0,1.0,1,2
救急科,1,10,13:00,1.0,1.0,1,1
救急科,1,12,14:00,1.0,1.0,1,1
救急科,1,13,14:30,0.0,1.0,1,1
救急科,1,15,15:30,1.0,1.0,1,2
救急科,1,16,16:00,1.25,1.5,3,4
救急科,1,17,16:30,1.0,2.0,2,1
救急科,1,18,17:00,1.0,1.0,1,3
救急科,1,19,17:30,1.5,2.0,2,2
救急科,1,20,18:00,0.0,1.0,1,1
救急科,1,21,18:30,1.0,1.0,1,1
救急科,1,22,19:00,0.0,1.0,1,1
救急科,2,1,08:30,1.0,1.0,1,1
救急科,2,2,09:00,0.0,1.0,1,1
救急科,2,3,09:30,0.0,1.0,1,1
救急科,2,4,10:00,0.0,1.0,1,1
救急科,2,5,10:30,0.0,1.0,1,1
救急科,2,6,11:00,1.0,1.0,2,3
救急科,2,7,11:30,1.0,1.0,2,3
救急科,2,8,12:00,1.0,1.0,2,3
救急科,2,9,12:30,1.0,1.0,2,3
救急科,2,10,13:00,1.0,1.5,2,4
救急科,2,11,13:30,1.5,2.0,3,3
救急科,2,12,14:00,0.0,1.0,1,2
救急科,2,13,14:30,1.0,2.0,2,1
救急科,2,14,15:00,1.0,1.0,1,3
救急科,2,15,15:30,1.0,1.0,1,3
救急科,2,16,16:00,1.0,1.0,1,3
救急科,2,17,16:30,2.0,1.5,2,2
救急科,2,18,17:00,1.0,1.0,1,1
救急科,3,0,08:00,1.0,1.0,1,1
救急科,3,1,08:30,1.0,1.0,1,1
救急科,3,2,09:00,1.0,1.0,1,2
救急科,3,3,09:30,1.0,1.0,1,2
救急科,3,4,10:00,2.0,3.0,3,1
救急科,3,5,10:30,1.0,1.0,2,3
救急科,3,6,11:00,0.0,1.0,1,2
救急科,3,7,11:30,1.0,1.0,1,2
救急科,3,8,12:00,1.0,1.0,1,2
救急科,3,9,12:30,1.0,1.0,1,1
救急科,3,10,13:00,1.0,1.0,1,2
救急科,3,11,13:30,1.5,2.0,2,2
救急科,3,12,14:00,1.0,1.0,1,3
救急科,3,13,14:30,1.0,2.0,2,2
救急科,3,15,15:30,1.67,2.0,2,3
救急科,3,16,16:00,2.0,2.0,2,1
救急科,3,17,16:30,1.0,1.0,1,2
救急科,3,18,17:00,1.5,2.0,3,2
救急科,3,19,17:30,1.0,1.0,1,3
救急科,3,20,18:00,0.0,1.0,1,2
救急科,3,21,18:30,1.5,1.0,3,3
救急科,3,22,19:00,0.0,3.0,3,1
救急科,4,1,08:30,1.0,1.0,1,1
救急科,4,2,09:00,1.0,1.0,1,1
救急科,4,3,09:30,1.0,2.0,2,1
救急科,4,4,10:00,1.0,1.0,1,2
救急科,4,5,10:30,1.0,1.5,2,2
救急科,4,6,11:00,0.0,1.0,1,1
救急科,4,7,11:30,1.67,1.0,3,3
救急科,4,8,12:00,1.0,1.0,1,3
救急科,4,9,12:30,0.0,1.0,1,1
救急科,4,10,13:00,1.0,1.0,1,2
救急科,4,11,13:30,2.0,2.0,2,1
救急科,4,12,14:00,1.0,1.0,1,1
救急科,4,13,14:30,1.0,1.0,1,3
救急科,4,14,15:00,1.5,2.0,2,3
救急科,4,15,15:30,1.5,1.0,2,4
救急科,4,16,16:00,1.0,1.0,2,3
救急科,4,17,16:30,1.0,2.5,3,2
救急科,4,18,17:00,2.0,2.0,2,3
救急科,4,19,17:30,0.0,1.0,1,1
救急科,4,23,19:30,1.0,1.0,1,1
救急科,5,2,09:00,1.0,1.0,1,1
救急科,5,6,11:00,1.0,1.0,1,1
救急科,5,7,11:30,1.0,1.0,1,2
救急科,5,8,12:00,0.0,1.0,1,1
救急科,5,10,13:00,1.33,1.0,2,3
救急科,5,11,13:30,1.0,2.0,2,1
救急科,5,12,14:00,1.0,1.0,1,1
救急科,5,13,14:30,1.0,1.0,1,2
救急科,5,14,15:00,2.0,2.0,2,1
救急科,5,15,15:30,1.33,1.0,3,3
救急科,5,16,16:00,1.0,1.0,2,3
救急科,5,17,16:30,1.0,1.0,1,2
救急科,5,18,17:00,2.0,3.0,3,1
救急科,5,19,17:30,0.0,1.0,1,1
救急科,6,0,08:00,1.0,1.0,1,1
救急科,6,2,09:00,1.0,1.0,1,1
救急科,6,3,09:30,1.0,1.0,1,2
救急科,6,4,10:00,0.0,1.0,1,1
救急科,6,5,10:30,0.0,1.0,1,1
救急科,6,6,11:00,1.0,1.0,1,3
救急科,6,7,11:30,1.0,1.5,2,2
救急科,6,8,12:00,1.5,2.0,3,2
救急科,6,9,12:30,1.0,1.0,1,2
救急科,6,10,13:00,1.0,1.0,1,2
救急科,6,11,13:30,1.0,1.0,1,2
救急科,6,12,14:00,1.0,1.0,1,1
救急科,6,13,14:30,1.0,1.0,1,2
救急科,6,14,15:00,1.0,1.0,1,1
救急科,6,15,15:30,1.0,1.0,1,3
救急科,6,18,17:00,1.0,1.0,1,3
救急科,6,19,17:30,1.0,1.0,1,1
救急科,6,20,18:00,0.0,1.0,1,1
救急科,6,21,18:30,1.0,1.0,1,1
救急科,6,22,19:00,0.0,1.0,1,1
救急科,6,23,19:30,1.0,1.0,1,1
整形外科,0,0,08:00,1.0,1.0,1,2
整形外科,0,1,08:30,1.67,2.0,4,3
整形外科,0,2,09:00,6.67,8.0,11,3
整形外科,0,3,09:30,6.67,9.0,10,3
整形外科,0,4,10:00,4.33,7.0,8,3
整形外科,0,5,10:30,7.67,9.0,9,3
整形外科,0,6,11:00,3.33,7.0,7,3
整形外科,0,7,11:30,5.67,7.0,9,3
整形外科,0,8,12:00,3.0,5.0,7,3
整形外科,0,9,12:30,5.33,7.0,8,3
整形外科,0,10,13:00,3.67,6.0,6,3
整形外科,0,11,13:30,3.0,4.0,5,3
整形外科,0,12,14:00,4.33,4.0,11,3
整形外科,0,13,14:30,2.67,3.0,6,3
整形外科,0,14,15:00,5.5,6.0,10,2
整形外科,0,15,15:30,7.0,5.5,10,2
整形外科,0,16,16:00,1.0,1.5,2,2
整形外科,0,17,16:30,0.0,1.0,1,1
整形外科,0,19,17:30,2.0,2.0,2,1
整形外科,0,20,18:00,1.67,1.0,3,3
整形外科,0,21,18:30,0.0,1.0,1,1
整形外科,0,22,19:00,2.0,2.0,2,1
整形外科,1,0,08:00,1.0,1.0,1,2
整形外科,1,1,08:30,4.25,4.0,8,4
整形外科,1,2,09:00,13.0,15.0,17,4
整形外科,1,3,09:30,10.0,14.0,16,4
整形外科,1,4,10:00,13.0,16.5,20,4
整形外科,1,5,10:30,11.25,15.0,18,4
整形外科,1,6,11:00,7.25,12.5,13,4
整形外科,1,7,11:30,10.75,13.0,16,4
整形外科,1,8,12:00,8.5,11.5,13,4
整形外科,1,9,12:30,6.75,9.0,12,4
整形外科,1,10,13:00,6.5,7.5,14,4
整形外科,1,11,13:30,5.0,5.5,11,4
整形外科,1,12,14:00,3.25,6.0,7,4
整形外科,1,13,14:30,3.25,4.5,6,4
整形外科,1,14,15:00,3.5,5.0,6,4
整形外科,1,15,15:30,1.0,2.5,4,4
整形外科,1,16,16:00,2.0,1.5,2,2
整形外科,1,17,16:30,1.0,1.0,1,3
整形外科,1,18,17:00,0.0,1.0,1,2
整形外科,1,23,19:30,1.0,1.0,1,1
整形外科,2,1,08:30,2.0,2.0,2,2
整形外科,2,2,09:00,7.33,8.0,11,3
整形外科,2,3,09:30,4.67,6.0,7,3
整形外科,2,4,10:00,4.0,6.0,6,3
整形外科,2,5,10:30,7.67,11.0,13,3
整形外科,2,6,11:00,4.33,7.0,13,3
整形外科,2,7,11:30,4.67,7.0,8,3
整形外科,2,8,12:00,4.0,4.5,6,2
整形外科,2,9,12:30,1.0,3.0,3,2
整形外科,2,10,13:00,3.0,1.0,8,3
整形外科,2,11,13:30,7.0,9.0,11,2
整形外科,2,12,14:00,4.0,5.5,8,2
整形外科,2,13,14:30,3.5,4.5,6,2
整形外科,2,14,15:00,1.33,2.0,4,3
整形外科,2,15,15:30,2.0,2.0,3,2
整形外科,2,16,16:00,1.0,2.0,3,2
整形外科,2,17,16:30,0.0,1.0,1,2
整形外科,2,18,17:00,1.0,1.0,1,2
整形外科,2,19,17:30,0.0,1.0,1,1
整形外科,2,20,18:00,0.0,1.0,1,1
整形外科,2,21,18:30,1.0,1.0,1,2
整形外科,2,22,19:00,0.0,1.0,1,1
整形外科,3,0,08:00,1.0,1.0,1,1
整形外科,3,1,08:30,3.33,4.0,5,3
整形外科,3,2,09:00,6.25,7.5,12,4
整形外科,3,3,09:30,8.25,9.5,16,4
整形外科,3,4,10:00,7.75,11.5,14,4
整形外科,3,5,10:30,7.0,10.0,14,4
整形外科,3,6,11:00,4.5,7.0,9,4
整形外科,3,7,11:30,4.75,7.5,9,4
整形外科,3,8,12:00,3.75,5.5,10,4
整形外科,3,9,12:30,3.25,4.5,8,4
整形外科,3,10,13:00,3.0,5.0,6,3
整形外科,3,11,13:30,2.0,3.0,4,3
整形外科,3,12,14:00,2.67,4.0,4,3
整形外科,3,13,14:30,2.5,3.0,6,4
整形外科,3,14,15:00,1.25,2.0,2,4
整形外科,4,0,08:00,1.0,1.0,1,2
整形外科,4,1,08:30,3.75,4.5,5,4
整形外科,4,2,09:00,9.25,11.0,14,4
整形外科,4,3,09:30,8.25,10.0,13,4
整形外科,4,4,10:00,10.25,12.5,15,4
整形外科,4,5,10:30,6.5,9.0,11,4
整形外科,4,6,11:00,8.5,10.5,14,4
整形外科,4,7,11:30,7.25,10.5,14,4
整形外科,4,8,12:00,3.5,5.5,7,4
整形外科,4,9,12:30,4.25,5.0,9,4
整形外科,4,10,13:00,3.67,5.0,6,3
整形外科,4,11,13:30,3.0,4.0,5,3
整形外科,4,12,14:00,2.67,3.0,4,3
整形外科,4,13,14:30,2.67,3.0,4,3
整形外科,4,14,15:00,2.67,4.0,6,3
整形外科,4,15,15:30,3.5,3.5,5,2
整形外科,4,16,16:00,2.0,2.5,3,2
整形外科,4,17,16:30,0.0,2.0,2,1
整形外科,4,18,17:00,1.0,2.0,2,1
整形外科,4,19,17:30,1.0,1.0,1,1
歯科口腔外科,0,1,08:30,1.0,1.0,1,1
歯科口腔外科,0,2,09:00,6.0,7.0,7,3
歯科口腔外科,0,3,09:30,2.67,5.0,5,3
歯科口腔外科,0,4,10:00,4.0,5.0,8,3
歯科口腔外科,0,5,10:30,4.33,6.0,9,3
歯科口腔外科,0,6,11:00,3.67,6.0,6,3
歯科口腔外科,0,7,11:30,5.33,8.0,8,3
歯科口腔外科,0,8,12:00,4.33,7.0,9,3
歯科口腔外科,0,9,12:30,1.67,3.0,5,3
歯科口腔外科,0,10,13:00,1.0,2.0,4,3
歯科口腔外科,0,11,13:30,3.33,4.0,7,3
歯科口腔外科,0,12,14:00,3.67,4.0,4,3
歯科口腔外科,0,13,14:30,1.33,3.0,5,3
歯科口腔外科,0,14,15:00,2.0,3.0,5,3
歯科口腔外科,0,15,15:30,2.5,3.0,5,3
歯科口腔外科,0,16,16:00,1.67,2.0,4,3
歯科口腔外科,0,17,16:30,2.67,2.0,7,3
歯科口腔外科,0,18,17:00,1.5,3.0,3,3
歯科口腔外科,0,19,17:30,1.0,1.0,1,2
歯科口腔外科,1,1,08:30,1.67,2.0,2,3
歯科口腔外科,1,2,09:00,6.75,7.0,11,4
歯科口腔外科,1,3,09:30,3.25,7.0,8,4
歯科口腔外科,1,4,10:00,5.0,7.5,8,4
歯科口腔外科,1,5,10:30,4.0,6.5,8,4
歯科口腔外科,1,6,11:00,6.0,8.0,11,4
歯科口腔外科,1,7,11:30,4.25,8.5,9,4
歯科口腔外科,1,8,12:00,2.75,5.5,7,4
歯科口腔外科,1,9,12:30,1.67,3.5,6,4
歯科口腔外科,1,10,13:00,2.0,2.0,6,4
歯科口腔外科,1,11,13:30,4.0,6.0,8,4
歯科口腔外科,1,12,14:00,4.25,6.5,8,4
歯科口腔外科,1,13,14:30,2.5,6.0,7,4
歯科口腔外科,1,14,15:00,4.25,5.5,8,4
歯科口腔外科,1,15,15:30,1.67,4.0,5,4
歯科口腔外科,1,16,16:00,3.25,4.0,7,4
歯科口腔外科,1,17,16:30,1.33,2.0,5,4
歯科口腔外科,1,18,17:00,2.0,2.0,4,3
歯科口腔外科,1,19,17:30,1.0,1.0,1,3
歯科口腔外科,1,20,18:00,1.5,2.0,2,2
歯科口腔外科,1,21,18:30,1.0,1.0,1,2
歯科口腔外科,1,22,19:00,1.0,1.5,2,2
歯科口腔外科,1,23,19:30,1.0,1.0,1,2
歯科口腔外科,2,1,08:30,1.33,1.0,2,3
歯科口腔外科,2,2,09:00,3.67,5.0,6,3
歯科口腔外科,2,3,09:30,3.33,5.0,6,3
歯科口腔外科,2,4,10:00,3.67,5.0,7,3
歯科口腔外科,2,5,10:30,1.67,4.0,4,3
歯科口腔外科,2,6,11:00,2.0,3.0,4,3
歯科口腔外科,2,7,11:30,3.5,4.0,4,3
歯科口腔外科,2,8,12:00,1.5,2.0,2,3
歯科口腔外科,2,9,12:30,2.0,2.0,3,3
歯科口腔外科,2,10,13:00,1.5,1.5,2,2
歯科口腔外科,2,11,13:30,2.0,4.0,4,3
歯科口腔外科,2,12,14:00,2.0,3.0,3,3
歯科口腔外科,2,13,14:30,2.5,4.0,5,3
歯科口腔外科,2,14,15:00,2.67,3.0,9,3
歯科口腔外科,2,15,15:30,3.0,5.0,5,3
歯科口腔外科,2,16,16:00,1.33,3.0,4,3
歯科口腔外科,2,17,16:30,2.0,2.0,3,3
歯科口腔外科,2,18,17:00,0.0,1.5,2,2
歯科口腔外科,2,19,17:30,0.0,2.0,2,1
歯科口腔外科,2,20,18:00,1.0,3.0,3,1
歯科口腔外科,2,21,18:30,0.0,1.0,1,1
歯科口腔外科,3,1,08:30,1.75,2.0,2,4
歯科口腔外科,3,2,09:00,4.75,6.0,10,4
歯科口腔外科,3,3,09:30,4.0,5.5,6,4
歯科口腔外科,3,4,10:00,6.0,7.0,10,4
歯科口腔外科,3,5,10:30,5.75,9.5,11,4
歯科口腔外科,3,6,11:00,4.5,7.5,8,4
歯科口腔外科,3,7,11:30,6.0,9.0,10,4
歯科口腔外科,3,8,12:00,3.25,5.0,6,4
歯科口腔外科,3,9,12:30,2.0,3.0,5,4
歯科口腔外科,3,10,13:00,2.5,4.0,5,4
歯科口腔外科,3,11,13:30,3.0,5.0,6,4
歯科口腔外科,3,12,14:00,3.5,5.5,6,4
歯科口腔外科,3,13,14:30,2.75,5.0,8,4
歯科口腔外科,3,14,15:00,2.5,5.5,7,4
歯科口腔外科,3,15,15:30,2.0,3.5,5,4
歯科口腔外科,3,16,16:00,4.0,5.5,7,4
歯科口腔外科,3,17,16:30,2.33,4.0,5,4
歯科口腔外科,3,18,17:00,2.0,3.0,4,2
歯科口腔外科,3,19,17:30,0.0,2.0,2,1
歯科口腔外科,3,20,18:00,1.0,1.5,2,2
歯科口腔外科,3,21,18:30,1.0,2.0,2,1
歯科口腔外科,3,22,19:00,1.0,2.0,2,1
歯科口腔外科,4,1,08:30,2.75,2.5,4,4
歯科口腔外科,4,2,09:00,4.25,7.0,7,4
歯科口腔外科,4,3,09:30,2.25,4.0,5,4
歯科口腔外科,4,4,10:00,2.25,3.5,5,4
歯科口腔外科,4,5,10:30,1.5,2.5,4,4
歯科口腔外科,4,6,11:00,2.67,3.5,4,4
歯科口腔外科,4,7,11:30,2.0,2.5,4,4
歯科口腔外科,4,8,12:00,1.67,2.0,4,4
歯科口腔外科,4,9,12:30,1.0,1.0,1,2
歯科口腔外科,4,10,13:00,1.0,1.0,2,3
歯科口腔外科,4,11,13:30,1.75,2.5,3,4
歯科口腔外科,4,12,14:00,1.0,1.0,2,4
歯科口腔外科,4,13,14:30,1.33,2.0,2,4
歯科口腔外科,4,14,15:00,3.0,3.5,5,4
歯科口腔外科,4,15,15:30,3.75,5.0,7,4
歯科口腔外科,4,16,16:00,2.75,4.0,7,4
歯科口腔外科,4,17,16:30,2.0,2.0,4,3
歯科口腔外科,4,18,17:00,1.5,2.5,3,2
歯科口腔外科,4,19,17:30,1.0,1.0,1,1
歯科口腔外科,4,20,18:00,2.0,2.0,2,1
歯科口腔外科,4,22,19:00,1.0,1.0,1,1
歯科口腔外科,4,23,19:30,0.0,1.0,1,1
泌尿器科,0,1,08:30,4.0,4.0,7,2
泌尿器科,0,2,09:00,10.67,9.5,16,4
泌尿器科,0,3,09:30,10.0,11.0,12,3
泌尿器科,0,4,10:00,13.0,14.0,19,3
泌尿器科,0,5,10:30,12.33,16.0,17,3
泌尿器科,0,6,11:00,12.67,13.0,21,3
泌尿器科,0,7,11:30,9.0,14.0,16,3
泌尿器科,0,8,12:00,7.0,11.0,13,3
泌尿器科,0,9,12:30,6.0,6.0,8,3
泌尿器科,0,10,13:00,8.67,12.0,12,3
泌尿器科,0,11,13:30,7.0,8.0,13,3
泌尿器科,0,12,14:00,8.67,12.0,13,3
泌尿器科,0,13,14:30,6.67,6.0,14,3
泌尿器科,0,14,15:00,5.0,4.0,12,3
泌尿器科,0,15,15:30,2.0,2.0,3,3
泌尿器科,0,16,16:00,2.0,2.0,5,3
泌尿器科,0,17,16:30,1.0,1.0,1,1
泌尿器科,1,1,08:30,2.75,2.0,6,4
泌尿器科,1,2,09:00,17.5,20.5,22,4
泌尿器科,1,3,09:30,14.5,16.5,18,4
泌尿器科,1,4,10:00,12.25,14.5,16,4
泌尿器科,1,5,10:30,12.0,14.5,18,4
泌尿器科,1,6,11:00,13.25,15.5,19,4
泌尿器科,1,7,11:30,10.5,11.5,21,4
泌尿器科,1,8,12:00,8.75,12.0,13,4
泌尿器科,1,9,12:30,9.75,10.5,17,4
泌尿器科,1,10,13:00,7.0,8.0,13,4
泌尿器科,1,11,13:30,7.0,7.0,12,4
泌尿器科,1,12,14:00,7.0,9.0,10,4
泌尿器科,1,13,14:30,6.25,8.5,11,4
泌尿器科,1,14,15:00,2.67,4.0,6,4
泌尿器科,1,15,15:30,1.67,2.0,5,3
泌尿器科,1,16,16:00,1.33,2.0,2,3
泌尿器科,1,17,16:30,0.0,1.0,1,2
泌尿器科,1,18,17:00,1.0,1.0,1,1
泌尿器科,1,19,17:30,0.0,1.0,1,1
泌尿器科,2,1,08:30,2.33,3.0,3,3
泌尿器科,2,2,09:00,13.67,16.0,17,3
泌尿器科,2,3,09:30,18.0,19.0,22,3
泌尿器科,2,4,10:00,13.33,16.0,17,3
泌尿器科,2,5,10:30,20.0,22.0,26,3
泌尿器科,2,6,11:00,15.67,19.0,21,3
泌尿器科,2,7,11:30,16.33,20.0,25,3
泌尿器科,2,8,12:00,13.0,18.0,19,3
泌尿器科,2,9,12:30,13.33,17.0,20,3
泌尿器科,2,10,13:00,8.67,10.0,12,3
泌尿器科,2,11,13:30,7.67,9.0,13,3
泌尿器科,2,12,14:00,12.33,14.0,17,3
泌尿器科,2,13,14:30,10.0,10.0,17,3
泌尿器科,2,14,15:00,10.0,9.0,18,3
泌尿器科,2,15,15:30,7.67,9.0,15,3
泌尿器科,2,16,16:00,7.5,10.0,11,3
泌尿器科,2,17,16:30,1.0,2.0,2,2
泌尿器科,2,18,17:00,1.0,1.5,2,2
泌尿器科,2,19,17:30,1.0,1.0,1,2
泌尿器科,2,20,18:00,0.0,1.0,1,1
泌尿器科,2,21,18:30,0.0,1.0,1,1
泌尿器科,2,22,19:00,1.0,1.0,1,1
泌尿器科,3,2,09:00,4.0,4.5,6,4
泌尿器科,3,3,09:30,3.0,5.0,5,4
泌尿器科,3,4,10:00,2.75,5.0,6,4
泌尿器科,3,5,10:30,4.0,4.5,7,4
泌尿器科,3,6,11:00,3.75,5.5,6,4
泌尿器科,3,7,11:30,2.75,3.5,6,4
泌尿器科,3,8,12:00,4.0,3.0,6,3
泌尿器科,3,9,12:30,1.0,2.0,3,3
泌尿器科,3,10,13:00,1.0,1.0,1,2
泌尿器科,3,12,14:00,2.0,2.0,2,1
泌尿器科,3,13,14:30,4.0,4.5,6,2
泌尿器科,3,14,15:00,1.0,2.5,3,2
泌尿器科,3,15,15:30,2.0,2.0,2,1
泌尿器科,3,16,16:00,1.0,2.0,2,1
泌尿器科,4,1,08:30,1.5,1.5,2,2
泌尿器科,4,2,09:00,12.5,12.5,17,4
泌尿器科,4,3,09:30,10.5,13.0,13,4
泌尿器科,4,4,10:00,10.25,12.5,17,4
泌尿器科,4,5,10:30,12.25,11.5,20,4
泌尿器科,4,6,11:00,11.25,11.5,18,4
泌尿器科,4,7,11:30,10.75,13.0,17,4
泌尿器科,4,8,12:00,10.75,12.5,15,4
泌尿器科,4,9,12:30,6.5,8.0,12,4
泌尿器科,4,10,13:00,5.0,5.5,9,4
泌尿器科,4,11,13:30,5.75,6.5,10,4
泌尿器科,4,12,14:00,6.0,7.0,12,4
泌尿器科,4,13,14:30,5.5,6.5,9,4
泌尿器科,4,14,15:00,4.75,4.5,10,4
泌尿器科,4,15,15:30,3.25,3.0,9,4
泌尿器科,4,16,16:00,3.5,4.5,8,2
泌尿器科,4,17,16:30,1.0,1.0,1,3
泌尿器科,4,19,17:30,1.0,1.0,1,1
泌尿器科,4,20,18:00,2.0,2.0,2,1
泌尿器科,4,21,18:30,0.0,1.0,1,1
泌尿器科,5,0,08:00,1.0,1.0,1,1
泌尿器科,5,1,08:30,0.0,1.0,1,1
泌尿器科,5,21,18:30,1.0,1.0,1,1
消化器内科,0,1,08:30,4.33,4.0,8,3
消化器内科,0,2,09:00,6.33,10.0,10,3
消化器内科,0,3,09:30,6.0,10.0,11,3
消化器内科,0,4,10:00,6.33,9.0,10,3
消化器内科,0,5,10:30,6.33,10.0,10,3
消化器内科,0,6,11:00,7.67,10.0,13,3
消化器内科,0,7,11:30,6.0,7.0,13,3
消化器内科,0,8,12:00,4.67,6.0,9,3
消化器内科,0,9,12:30,4.5,4.0,6,3
消化器内科,0,10,13:00,5.33,7.0,9,3
消化器内科,0,11,13:30,5.0,8.0,9,3
消化器内科,0,12,14:00,4.67,7.0,8,3
消化器内科,0,13,14:30,4.0,6.0,7,3
消化器内科,0,14,15:00,3.33,5.0,7,3
消化器内科,0,15,15:30,3.5,4.0,7,2
消化器内科,0,16,16:00,1.0,1.0,1,2
消化器内科,0,17,16:30,0.0,1.0,1,1
消化器内科,0,19,17:30,1.0,1.0,1,1
消化器内科,0,21,18:30,1.0,1.0,1,1
消化器内科,0,22,19:00,0.0,1.0,1,1
消化器内科,1,1,08:30,1.0,1.0,1,2
消化器内科,1,2,09:00,4.25,4.5,7,4
消化器内科,1,3,09:30,3.0,5.0,5,4
消化器内科,1,4,10:00,3.25,3.5,7,4
消化器内科,1,5,10:30,3.0,3.0,5,4
消化器内科,1,6,11:00,3.5,4.5,8,4
消化器内科,1,7,11:30,3.25,5.0,7,4
消化器内科,1,8,12:00,3.0,4.0,7,4
消化器内科,1,9,12:30,1.0,2.0,2,3
消化器内科,1,10,13:00,3.25,3.0,6,4
消化器内科,1,11,13:30,1.75,3.0,5,4
消化器内科,1,12,14:00,3.25,4.0,6,4
消化器内科,1,13,14:30,3.75,6.0,8,4
消化器内科,1,14,15:00,1.67,4.0,4,3
消化器内科,1,15,15:30,1.67,2.0,2,3
消化器内科,1,16,16:00,1.0,2.0,2,3
消化器内科,1,17,16:30,1.0,1.0,1,2
消化器内科,1,19,17:30,1.0,1.0,1,1
消化器内科,1,20,18:00,1.0,1.0,1,1
消化器内科,2,1,08:30,2.33,2.0,3,3
消化器内科,2,2,09:00,6.67,8.0,9,3
消化器内科,2,3,09:30,5.0,6.0,7,3
消化器内科,2,4,10:00,6.0,6.0,9,3
消化器内科,2,5,10:30,5.33,7.0,9,3
消化器内科,2,6,11:00,4.33,5.0,7,3
消化器内科,2,7,11:30,7.67,8.0,9,3
消化器内科,2,8,12:00,3.33,4.0,8,3
消化器内科,2,9,12:30,4.0,6.0,7,3
消化器内科,2,10,13:00,5.67,8.0,9,3
消化器内科,2,11,13:30,5.0,6.0,8,3
消化器内科,2,12,14:00,5.0,7.0,8,3
消化器内科,2,13,14:30,3.33,5.0,7,3
消化器内科,2,14,15:00,4.0,4.0,8,3
消化器内科,2,15,15:30,3.67,4.0,7,3
消化器内科,2,16,16:00,2.33,3.0,4,3
消化器内科,2,17,16:30,2.67,3.0,4,3
消化器内科,2,18,17:00,0.0,1.0,1,1
消化器内科,2,19,17:30,1.0,1.0,1,1
消化器内科,3,1,08:30,1.5,1.5,2,4
消化器内科,3,2,09:00,6.5,8.0,9,4
消化器内科,3,3,09:30,5.0,7.0,9,4
消化器内科,3,4,10:00,6.0,7.5,8,4
消化器内科,3,5,10:30,4.5,6.0,7,4
消化器内科,3,6,11:00,5.0,6.5,9,4
消化器内科,3,7,11:30,5.0,7.0,8,4
消化器内科,3,8,12:00,2.0,3.5,4,4
消化器内科,3,9,12:30,3.0,4.5,6,4
消化器内科,3,10,13:00,3.5,4.5,5,4
消化器内科,3,11,13:30,4.25,5.0,7,4
消化器内科,3,12,14:00,5.5,6.5,9,4
消化器内科,3,13,14:30,4.5,5.5,8,4
消化器内科,3,14,15:00,2.5,3.0,5,4
消化器内科,3,15,15:30,1.67,2.0,3,4
消化器内科,3,16,16:00,1.0,1.0,1,1
消化器内科,3,17,16:30,0.0,1.0,1,1
消化器内科,4,1,08:30,2.5,3.0,3,4
消化器内科,4,2,09:00,7.25,9.0,10,4
消化器内科,4,3,09:30,5.5,7.5,8,4
消化器内科,4,4,10:00,6.5,7.5,11,4
消化器内科,4,5,10:30,5.0,6.5,7,4
消化器内科,4,6,11:00,6.0,7.0,9,4
消化器内科,4,7,11:30,5.75,7.0,11,4
消化器内科,4,8,12:00,5.5,6.5,9,4
消化器内科,4,9,12:30,4.0,4.5,9,4
消化器内科,4,10,13:00,3.75,4.5,10,4
消化器内科,4,11,13:30,3.75,4.5,5,4
消化器内科,4,12,14:00,3.5,4.5,7,4
消化器内科,4,13,14:30,3.5,5.0,6,4
消化器内科,4,14,15:00,2.5,4.0,5,4
消化器内科,4,15,15:30,2.5,3.0,4,4
消化器内科,4,16,16:00,1.5,2.0,4,4
消化器内科,4,17,16:30,2.0,2.0,2,2
消化器内科,4,18,17:00,1.0,1.0,1,1
産婦人科,0,2,09:00,7.0,7.0,8,3
産婦人科,0,3,09:30,8.0,11.0,12,3
産婦人科,0,4,10:00,10.67,14.0,16,3
産婦人科,0,5,10:30,9.0,14.0,15,3
産婦人科,0,6,11:00,8.0,11.0,11,3
産婦人科,0,7,11:30,9.0,10.0,16,3
産婦人科,0,8,12:00,6.33,12.0,12,3
産婦人科,0,9,12:30,4.33,10.0,10,3
産婦人科,0,10,13:00,5.67,10.0,11,3
産婦人科,0,11,13:30,6.0,10.0,11,3
産婦人科,0,12,14:00,6.67,11.0,11,3
産婦人科,0,13,14:30,6.0,8.0,10,3
産婦人科,0,14,15:00,5.0,9.0,11,3
産婦人科,0,15,15:30,4.67,7.0,9,3
産婦人科,0,16,16:00,4.0,7.0,7,3
産婦人科,0,17,16:30,3.5,4.5,6,2
産婦人科,0,18,17:00,4.0,3.0,5,2
産婦人科,0,19,17:30,0.0,1.0,1,1
産婦人科,1,2,09:00,2.33,2.0,4,3
産婦人科,1,3,09:30,2.75,4.0,4,4
産婦人科,1,4,10:00,3.0,4.5,6,4
産婦人科,1,5,10:30,3.25,5.5,8,4
産婦人科,1,6,11:00,2.5,5.0,6,4
産婦人科,1,7,11:30,3.5,6.0,8,4
産婦人科,1,8,12:00,3.0,4.0,7,4
産婦人科,1,9,12:30,2.25,5.0,7,4
産婦人科,1,10,13:00,2.25,4.5,6,4
産婦人科,1,11,13:30,3.67,5.0,6,4
産婦人科,1,12,14:00,1.33,4.0,4,3
産婦人科,1,13,14:30,2.0,2.0,3,3
産婦人科,1,14,15:00,0.0,1.5,2,2
産婦人科,1,15,15:30,1.0,1.0,1,1
産婦人科,1,16,16:00,0.0,1.0,1,1
産婦人科,1,18,17:00,1.0,1.0,1,1
産婦人科,2,0,08:00,1.0,1.0,1,1
産婦人科,2,1,08:30,1.0,1.0,1,3
産婦人科,2,2,09:00,8.67,9.0,12,3
産婦人科,2,3,09:30,5.67,9.0,9,3
産婦人科,2,4,10:00,9.0,10.0,12,3
産婦人科,2,5,10:30,8.67,12.0,14,3
産婦人科,2,6,11:00,8.33,12.0,12,3
産婦人科,2,7,11:30,8.0,9.0,15,3
産婦人科,2,8,12:00,10.67,16.0,16,3
産婦人科,2,9,12:30,5.33,7.0,15,3
産婦人科,2,10,13:00,8.0,11.0,16,3
産婦人科,2,11,13:30,6.0,8.0,13,3
産婦人科,2,12,14:00,7.33,13.0,13,3
産婦人科,2,13,14:30,4.67,8.0,8,3
産婦人科,2,14,15:00,6.67,8.0,13,3
産婦人科,2,15,15:30,2.33,5.0,5,3
産婦人科,2,16,16:00,2.0,2.0,3,2
産婦人科,2,17,16:30,1.0,1.0,1,1
産婦人科,2,18,17:00,1.0,1.0,2,3
産婦人科,2,19,17:30,0.0,1.0,1,1
産婦人科,2,20,18:00,1.0,1.0,1,1
産婦人科,2,21,18:30,1.0,1.0,1,1
産婦人科,2,22,19:00,1.0,2.0,2,1
産婦人科,3,2,09:00,5.0,4.5,7,4
産婦人科,3,3,09:30,6.0,7.5,12,4
産婦人科,3,4,10:00,5.0,7.5,9,4
産婦人科,3,5,10:30,6.5,9.0,11,4
産婦人科,3,6,11:00,7.25,8.5,13,4
産婦人科,3,7,11:30,8.25,10.0,13,4
産婦人科,3,8,12:00,3.5,7.0,10,4
産婦人科,3,9,12:30,5.25,7.0,9,4
産婦人科,3,10,13:00,5.5,7.5,9,4
産婦人科,3,11,13:30,5.25,7.0,10,4
産婦人科,3,12,14:00,5.5,7.0,10,4
産婦人科,3,13,14:30,6.0,8.0,11,4
産婦人科,3,14,15:00,3.5,5.5,6,4
産婦人科,3,15,15:30,4.0,5.0,7,4
産婦人科,3,16,16:00,1.5,3.0,4,3
産婦人科,3,17,16:30,1.0,2.5,3,2
産婦人科,3,18,17:00,0.0,2.0,2,1
産婦人科,3,20,18:00,1.0,1.0,1,1
産婦人科,3,21,18:30,0.0,1.0,1,1
産婦人科,4,1,08:30,1.0,1.0,1,2
産婦人科,4,2,09:00,4.25,4.5,7,4
産婦人科,4,3,09:30,6.0,9.0,10,4
産婦人科,4,4,10:00,5.25,7.5,11,4
産婦人科,4,5,10:30,6.25,9.5,11,4
産婦人科,4,6,11:00,8.0,8.5,15,4
産婦人科,4,7,11:30,3.5,6.5,8,4
産婦人科,4,8,12:00,4.75,7.0,10,4
産婦人科,4,9,12:30,3.75,5.0,9,4
産婦人科,4,10,13:00,3.67,4.0,8,4
産婦人科,4,11,13:30,3.75,5.5,7,4
産婦人科,4,12,14:00,3.25,5.0,7,4
産婦人科,4,13,14:30,1.5,3.5,6,4
産婦人科,4,14,15:00,2.75,3.0,5,4
産婦人科,4,15,15:30,2.5,3.0,4,3
産婦人科,4,16,16:00,1.5,2.0,3,3
産婦人科,4,17,16:30,1.5,2.0,2,3
産婦人科,4,18,17:00,0.0,2.0,2,1
産婦人科,4,19,17:30,0.0,2.0,2,1
産婦人科,4,23,19:30,1.0,1.0,1,1
産婦人科,5,10,13:00,1.0,1.0,1,1
産婦人科,5,17,16:30,1.0,1.0,1,1
産婦人科,5,18,17:00,0.0,1.0,1,1
産婦人科,6,20,18:00,1.0,1.0,1,2
皮膚科,0,1,08:30,1.5,1.5,2,2
皮膚科,0,2,09:00,6.33,7.0,9,3
皮膚科,0,3,09:30,7.67,10.0,12,3
皮膚科,0,4,10:00,7.33,9.0,10,3
皮膚科,0,5,10:30,5.0,10.0,10,3
皮膚科,0,6,11:00,6.33,9.0,10,3
皮膚科,0,7,11:30,5.33,7.0,10,3
皮膚科,0,8,12:00,4.0,4.0,9,3
皮膚科,0,9,12:30,0.0,1.0,2,3
皮膚科,0,10,13:00,2.0,2.0,2,2
皮膚科,0,11,13:30,0.0,1.0,1,1
皮膚科,0,12,14:00,1.0,1.0,1,1
皮膚科,0,13,14:30,1.0,1.5,2,2
皮膚科,0,14,15:00,1.0,1.0,1,1
皮膚科,0,15,15:30,1.0,1.0,1,1
皮膚科,0,17,16:30,1.0,1.0,1,1
皮膚科,0,18,17:00,0.0,1.0,1,1
皮膚科,0,19,17:30,1.0,1.0,1,1
皮膚科,1,1,08:30,1.0,1.0,1,2
皮膚科,1,2,09:00,5.0,5.5,6,4
皮膚科,1,3,09:30,5.25,6.5,8,4
皮膚科,1,4,10:00,5.25,6.0,10,4
皮膚科,1,5,10:30,5.0,6.0,8,4
皮膚科,1,6,11:00,4.0,6.0,8,4
皮膚科,1,7,11:30,3.75,6.0,7,4
皮膚科,1,8,12:00,5.0,6.5,10,4
皮膚科,1,9,12:30,2.75,4.0,8,4
皮膚科,1,10,13:00,1.25,3.0,5,4
皮膚科,1,11,13:30,1.33,2.0,3,3
皮膚科,1,12,14:00,4.75,6.0,6,4
皮膚科,1,13,14:30,3.0,4.5,6,4
皮膚科,1,14,15:00,2.75,4.0,6,4
皮膚科,1,15,15:30,1.0,2.0,3,4
皮膚科,1,16,16:00,1.0,1.5,2,2
皮膚科,1,17,16:30,1.0,1.0,1,2
皮膚科,1,18,17:00,0.0,1.0,1,1
皮膚科,2,1,08:30,1.33,1.0,2,3
皮膚科,2,2,09:00,7.0,8.0,11,3
皮膚科,2,3,09:30,5.67,9.0,10,3
皮膚科,2,4,10:00,5.0,8.0,9,3
皮膚科,2,5,10:30,5.33,6.0,11,3
皮膚科,2,6,11:00,5.33,6.0,8,3
皮膚科,2,7,11:30,5.67,8.0,9,3
皮膚科,2,8,12:00,1.33,2.0,3,3
皮膚科,2,9,12:30,2.0,2.5,3,2
皮膚科,2,10,13:00,1.0,1.5,2,2
皮膚科,2,12,14:00,2.0,2.0,2,2
皮膚科,2,13,14:30,2.67,4.0,4,3
皮膚科,2,14,15:00,2.67,4.0,4,3
皮膚科,2,15,15:30,2.0,3.0,4,3
皮膚科,2,16,16:00,1.0,1.0,1,3
皮膚科,2,17,16:30,1.0,2.0,2,1
皮膚科,2,18,17:00,0.0,1.0,1,1
皮膚科,3,1,08:30,1.25,1.0,2,4
皮膚科,3,2,09:00,2.75,4.0,5,4
皮膚科,3,3,09:30,5.25,6.5,9,4
皮膚科,3,4,10:00,4.5,5.5,8,4
皮膚科,3,5,10:30,5.75,7.5,10,4
皮膚科,3,6,11:00,3.0,6.0,7,4
皮膚科,3,7,11:30,4.5,6.5,7,4
皮膚科,3,8,12:00,2.25,3.5,5,4
皮膚科,3,9,12:30,2.0,2.0,6,4
皮膚科,3,10,13:00,4.0,6.0,6,1
皮膚科,3,11,13:30,0.0,2.0,2,1
皮膚科,3,12,14:00,1.0,1.0,1,1
皮膚科,3,13,14:30,1.0,1.0,1,1
皮膚科,3,14,15:00,0.0,1.0,1,1
皮膚科,3,15,15:30,0.0,1.0,1,1
皮膚科,4,1,08:30,2.5,2.0,5,4
皮膚科,4,2,09:00,10.25,12.0,13,4
皮膚科,4,3,09:30,6.75,10.0,12,4
皮膚科,4,4,10:00,10.0,11.5,13,4
皮膚科,4,5,10:30,8.0,11.0,12,4
皮膚科,4,6,11:00,7.0,9.0,12,4
皮膚科,4,7,11:30,7.25,10.0,12,4
皮膚科,4,8,12:00,5.5,7.5,8,4
皮膚科,4,9,12:30,2.0,4.0,6,4
皮膚科,4,10,13:00,1.67,3.0,4,3
皮膚科,4,11,13:30,1.0,1.0,1,3
皮膚科,4,12,14:00,8.25,8.0,10,4
皮膚科,4,13,14:30,6.75,10.0,12,4
皮膚科,4,14,15:00,4.75,8.0,11,4
皮膚科,4,15,15:30,3.75,6.0,7,4
皮膚科,4,16,16:00,1.67,3.0,3,4
皮膚科,4,17,16:30,2.0,2.0,3,2
皮膚科,4,18,17:00,1.0,1.5,2,2
皮膚科,4,22,19:00,1.0,1.0,1,1
皮膚科,6,12,14:00,1.0,1.0,1,1
皮膚科,6,13,14:30,0.0,1.0,1,1
皮膚科,6,15,15:30,1.0,1.0,1,1
眼科,0,1,08:30,1.67,2.0,2,3
眼科,0,2,09:00,8.33,10.0,11,3
眼科,0,3,09:30,10.33,13.0,14,3
眼科,0,4,10:00,14.67,17.0,19,3
眼科,0,5,10:30,9.33,13.0,15,3
眼科,0,6,11:00,10.0,13.0,16,3
眼科,0,7,11:30,8.0,11.0,11,3
眼科,0,8,12:00,7.33,11.0,12,3
眼科,0,9,12:30,8.33,13.0,15,3
眼科,0,10,13:00,2.67,5.0,6,3
眼科,0,11,13:30,5.33,6.0,11,3
眼科,0,12,14:00,7.0,8.0,12,3
眼科,0,13,14:30,10.67,14.0,15,3
眼科,0,14,15:00,8.67,12.0,13,3
眼科,0,15,15:30,6.67,9.0,10,3
眼科,0,16,16:00,3.33,6.0,7,3
眼科,0,17,16:30,2.67,4.0,6,3
眼科,0,18,17:00,2.5,3.0,3,2
眼科,1,1,08:30,2.75,2.5,5,4
眼科,1,2,09:00,11.5,12.5,14,4
眼科,1,3,09:30,8.75,10.5,17,4
眼科,1,4,10:00,7.5,8.0,12,4
眼科,1,5,10:30,9.0,9.0,18,4
眼科,1,6,11:00,7.25,8.0,16,4
眼科,1,7,11:30,6.75,9.0,11,4
眼科,1,8,12:00,6.0,8.5,10,4
眼科,1,9,12:30,3.0,4.5,6,4
眼科,1,10,13:00,8.5,9.0,11,4
眼科,1,11,13:30,7.0,8.5,10,4
眼科,1,12,14:00,10.75,13.5,17,4
眼科,1,13,14:30,11.25,12.0,18,4
眼科,1,14,15:00,7.25,8.0,16,4
眼科,1,15,15:30,5.25,6.5,11,4
眼科,1,16,16:00,3.0,3.5,8,4
眼科,1,17,16:30,2.0,1.0,6,3
眼科,1,18,17:00,1.0,1.5,2,2
眼科,2,0,08:00,1.0,1.0,1,1
眼科,2,1,08:30,2.0,2.0,3,3
眼科,2,2,09:00,4.33,5.0,6,3
眼科,2,3,09:30,9.67,11.0,17,3
眼科,2,4,10:00,10.33,14.0,15,3
眼科,2,5,10:30,8.67,11.0,14,3
眼科,2,6,11:00,12.67,16.0,20,3
眼科,2,7,11:30,10.67,16.0,16,3
眼科,2,8,12:00,7.67,13.0,14,3
眼科,2,9,12:30,6.0,8.0,11,3
眼科,2,10,13:00,6.33,9.0,12,3
眼科,2,11,13:30,4.67,6.0,7,3
眼科,2,12,14:00,3.67,6.0,7,3
眼科,2,13,14:30,4.33,7.0,9,3
眼科,2,14,15:00,7.0,10.0,11,3
眼科,2,15,15:30,7.67,10.0,12,3
眼科,2,16,16:00,8.33,12.0,15,3
眼科,2,17,16:30,8.0,8.0,15,3
眼科,2,18,17:00,3.0,3.0,7,3
眼科,2,19,17:30,1.0,1.0,1,2
眼科,2,20,18:00,1.0,1.0,1,1
眼科,3,1,08:30,3.0,3.0,4,2
眼科,3,2,09:00,6.0,6.0,11,4
眼科,3,3,09:30,11.0,12.0,17,4
眼科,3,4,10:00,10.5,13.0,17,4
眼科,3,5,10:30,10.0,13.5,14,4
眼科,3,6,11:00,12.0,15.5,17,4
眼科,3,7,11:30,6.5,10.5,14,4
眼科,3,8,12:00,6.0,8.0,10,4
眼科,3,9,12:30,3.0,5.5,7,4
眼科,3,10,13:00,2.25,2.0,5,4
眼科,3,11,13:30,3.75,5.0,7,4
眼科,3,12,14:00,3.25,4.0,6,4
眼科,3,13,14:30,3.5,4.5,6,4
眼科,3,14,15:00,4.0,6.5,8,4
眼科,3,15,15:30,4.25,6.0,7,4
眼科,3,16,16:00,4.5,6.0,7,4
眼科,3,17,16:30,2.5,3.5,5,4
眼科,3,18,17:00,2.67,3.0,5,4
眼科,3,19,17:30,4.0,4.5,5,2
眼科,3,20,18:00,1.5,2.5,3,2
眼科,3,21,18:30,0.0,2.0,2,1
眼科,4,1,08:30,4.0,4.0,5,3
眼科,4,2,09:00,7.5,8.0,10,4
眼科,4,3,09:30,8.75,10.0,12,4
眼科,4,4,10:00,15.0,18.0,21,4
眼科,4,5,10:30,11.75,15.5,19,4
眼科,4,6,11:00,9.5,12.0,15,4
眼科,4,7,11:30,9.25,12.5,15,4
眼科,4,8,12:00,9.25,12.0,14,4
眼科,4,9,12:30,8.5,11.0,13,4
眼科,4,10,13:00,6.0,8.5,15,4
眼科,4,11,13:30,7.0,9.5,11,4
眼科,4,12,14:00,8.0,9.0,15,4
眼科,4,13,14:30,6.75,8.0,15,4
眼科,4,14,15:00,8.25,11.5,13,4
眼科,4,15,15:30,7.0,10.0,13,4
眼科,4,16,16:00,6.25,9.5,13,4
眼科,4,17,16:30,1.33,4.0,5,3
眼科,4,18,17:00,2.0,3.0,4,2
眼科,4,19,17:30,0.0,1.0,1,1
禁煙外来,3,11,13:30,1.0,1.0,1,1
禁煙外来,3,12,14:00,1.0,2.0,2,1
禁煙外来,3,13,14:30,1.0,2.0,2,1
禁煙外来,3,14,15:00,1.0,1.0,1,3
禁煙外来,3,15,15:30,0.0,1.0,1,2
禁煙外来,3,16,16:00,1.0,2.0,2,1
総合内科,0,2,09:00,4.33,5.0,6,3
総合内科,0,3,09:30,3.67,5.0,6,3
総合内科,0,4,10:00,5.33,8.0,12,3
総合内科,0,5,10:30,5.33,9.0,10,3
総合内科,0,6,11:00,3.33,6.0,7,3
総合内科,0,7,11:30,5.33,7.0,8,3
総合内科,0,8,12:00,3.33,7.0,8,3
総合内科,0,9,12:30,2.0,3.0,6,3
総合内科,0,10,13:00,3.33,3.0,5,3
総合内科,0,11,13:30,4.0,4.0,9,3
総合内科,0,12,14:00,2.0,3.0,4,3
総合内科,0,13,14:30,1.67,2.0,2,3
総合内科,0,14,15:00,2.33,2.0,4,3
総合内科,0,15,15:30,2.0,2.0,4,3
総合内科,0,16,16:00,0.0,1.0,1,1
総合内科,0,17,16:30,1.0,1.0,1,1
総合内科,0,19,17:30,1.0,1.0,1,1
総合内科,0,20,18:00,1.0,1.0,1,1
総合内科,0,21,18:30,0.0,1.0,1,1
総合内科,1,2,09:00,5.75,5.5,9,4
総合内科,1,3,09:30,3.75,5.5,7,4
総合内科,1,4,10:00,3.75,6.0,6,4
総合内科,1,5,10:30,4.5,7.0,7,4
総合内科,1,6,11:00,4.33,6.0,9,4
総合内科,1,7,11:30,3.25,4.5,7,4
総合内科,1,8,12:00,1.33,3.5,4,4
総合内科,1,9,12:30,1.75,2.0,4,4
総合内科,1,10,13:00,3.25,5.0,5,4
総合内科,1,11,13:30,2.5,5.0,6,4
総合内科,1,12,14:00,3.25,4.0,7,4
総合内科,1,13,14:30,2.33,3.0,5,3
総合内科,1,14,15:00,2.0,3.5,5,4
総合内科,1,15,15:30,1.33,2.0,2,3
総合内科,1,16,16:00,1.0,1.0,1,2
総合内科,1,17,16:30,2.0,2.0,2,1
総合内科,1,18,17:00,0.0,1.0,1,1
総合内科,2,2,09:00,3.0,3.0,4,2
総合内科,2,3,09:30,4.67,5.0,8,3
総合内科,2,4,10:00,4.67,7.0,10,3
総合内科,2,5,10:30,4.67,7.0,9,3
総合内科,2,6,11:00,6.33,9.0,11,3
総合内科,2,7,11:30,3.0,6.0,8,3
総合内科,2,8,12:00,2.67,4.0,4,3
総合内科,2,9,12:30,1.5,2.0,3,3
総合内科,2,10,13:00,1.67,2.0,3,3
総合内科,2,11,13:30,2.33,2.0,5,3
総合内科,2,12,14:00,2.33,2.0,6,3
総合内科,2,13,14:30,1.5,2.0,4,3
総合内科,2,14,15:00,2.0,4.0,5,2
総合内科,2,15,15:30,1.0,2.0,3,2
総合内科,2,16,16:00,1.0,2.0,3,2
総合内科,2,17,16:30,1.0,1.0,1,1
総合内科,3,1,08:30,2.0,2.0,2,1
総合内科,3,2,09:00,3.75,4.0,5,4
総合内科,3,3,09:30,6.25,7.5,9,4
総合内科,3,4,10:00,6.0,8.0,8,4
総合内科,3,5,10:30,5.5,8.5,10,4
総合内科,3,6,11:00,6.0,8.0,9,4
総合内科,3,7,11:30,5.0,6.5,8,4
総合内科,3,8,12:00,3.5,5.5,7,4
総合内科,3,9,12:30,3.25,4.5,6,4
総合内科,3,10,13:00,4.0,7.0,7,4
総合内科,3,11,13:30,2.75,5.0,6,4
総合内科,3,12,14:00,1.5,1.5,5,4
総合内科,3,13,14:30,1.67,2.0,2,3
総合内科,3,14,15:00,1.67,2.0,3,3
総合内科,3,15,15:30,1.33,3.0,3,3
総合内科,3,16,16:00,1.33,2.0,3,3
総合内科,3,17,16:30,0.0,1.0,1,1
総合内科,3,18,17:00,1.5,1.5,2,2
総合内科,3,19,17:30,1.0,1.0,1,1
総合内科,4,2,09:00,3.0,2.5,5,4
総合内科,4,3,09:30,4.75,5.0,7,4
総合内科,4,4,10:00,3.75,5.5,6,4
総合内科,4,5,10:30,4.5,7.5,8,4
総合内科,4,6,11:00,4.5,6.5,8,4
総合内科,4,7,11:30,4.75,7.0,9,4
総合内科,4,8,12:00,3.25,5.0,5,4
総合内科,4,9,12:30,3.0,4.0,8,4
総合内科,4,10,13:00,4.0,6.0,7,4
総合内科,4,11,13:30,2.75,3.5,7,4
総合内科,4,12,14:00,3.25,3.0,10,4
総合内科,4,13,14:30,2.33,3.5,5,4
総合内科,4,14,15:00,2.0,1.5,5,4
総合内科,4,15,15:30,2.67,3.0,6,4
総合内科,4,16,16:00,2.0,2.0,3,3
総合内科,4,17,16:30,1.67,1.0,3,3
総合内科,4,18,17:00,1.0,2.0,3,2
総合内科,4,19,17:30,0.0,1.0,1,1
耳鼻咽喉科,0,1,08:30,1.0,1.0,1,3
耳鼻咽喉科,0,2,09:00,5.67,7.0,8,3
耳鼻咽喉科,0,3,09:30,3.33,4.0,7,3
耳鼻咽喉科,0,4,10:00,5.0,6.0,9,3
耳鼻咽喉科,0,5,10:30,4.67,7.0,9,3
耳鼻咽喉科,0,6,11:00,5.33,6.0,11,3
耳鼻咽喉科,0,7,11:30,4.0,5.0,9,3
耳鼻咽喉科,0,8,12:00,1.67,2.0,3,3
耳鼻咽喉科,0,9,12:30,1.0,1.0,1,2
耳鼻咽喉科,0,10,13:00,1.0,1.0,1,2
耳鼻咽喉科,0,11,13:30,1.0,2.0,2,2
耳鼻咽喉科,0,12,14:00,0.0,1.0,1,1
耳鼻咽喉科,0,13,14:30,1.0,1.0,1,2
耳鼻咽喉科,0,15,15:30,1.0,1.0,1,1
耳鼻咽喉科,0,18,17:00,1.0,1.0,1,1
耳鼻咽喉科,1,1,08:30,5.0,4.5,8,4
耳鼻咽喉科,1,2,09:00,9.25,10.5,14,4
耳鼻咽喉科,1,3,09:30,7.5,10.0,14,4
耳鼻咽喉科,1,4,10:00,8.0,11.5,14,4
耳鼻咽喉科,1,5,10:30,9.0,11.5,13,4
耳鼻咽喉科,1,6,11:00,7.25,10.0,12,4
耳鼻咽喉科,1,7,11:30,6.75,8.5,13,4
耳鼻咽喉科,1,8,12:00,3.5,4.5,7,4
耳鼻咽喉科,1,9,12:30,2.75,3.0,6,4
耳鼻咽喉科,1,10,13:00,2.75,3.0,6,4
耳鼻咽喉科,1,11,13:30,4.0,5.0,6,4
耳鼻咽喉科,1,12,14:00,3.0,4.5,5,4
耳鼻咽喉科,1,13,14:30,5.5,7.0,9,4
耳鼻咽喉科,1,14,15:00,4.0,4.5,6,4
耳鼻咽喉科,1,15,15:30,3.0,3.5,5,4
耳鼻咽喉科,1,16,16:00,1.0,1.0,1,2
耳鼻咽喉科,1,17,16:30,1.0,1.0,1,1
耳鼻咽喉科,1,18,17:00,1.0,1.0,1,1
耳鼻咽喉科,2,1,08:30,1.5,1.5,2,2
耳鼻咽喉科,2,2,09:00,5.67,6.0,7,3
耳鼻咽喉科,2,3,09:30,7.0,8.0,11,3
耳鼻咽喉科,2,4,10:00,6.33,11.0,13,3
耳鼻咽喉科,2,5,10:30,6.33,8.0,12,3
耳鼻咽喉科,2,6,11:00,4.0,5.0,9,3
耳鼻咽喉科,2,7,11:30,2.67,4.0,4,3
耳鼻咽喉科,2,8,12:00,2.67,4.0,6,3
耳鼻咽喉科,2,9,12:30,4.0,4.0,5,3
耳鼻咽喉科,2,10,13:00,1.5,2.0,3,3
耳鼻咽喉科,2,11,13:30,3.0,4.0,4,3
耳鼻咽喉科,2,12,14:00,4.0,5.0,7,3
耳鼻咽喉科,2,13,14:30,2.67,5.0,7,3
耳鼻咽喉科,2,14,15:00,3.0,5.0,5,3
耳鼻咽喉科,2,15,15:30,2.5,4.5,5,2
耳鼻咽喉科,2,16,16:00,2.0,4.0,5,3
耳鼻咽喉科,2,17,16:30,1.0,1.0,2,3
耳鼻咽喉科,2,18,17:00,1.0,1.0,1,1
耳鼻咽喉科,3,1,08:30,4.5,4.0,8,4
耳鼻咽喉科,3,2,09:00,8.5,10.0,14,4
耳鼻咽喉科,3,3,09:30,8.0,10.0,12,4
耳鼻咽喉科,3,4,10:00,8.5,11.0,13,4
耳鼻咽喉科,3,5,10:30,9.25,11.5,14,4
耳鼻咽喉科,3,6,11:00,4.75,7.0,10,4
耳鼻咽喉科,3,7,11:30,6.25,8.5,10,4
耳鼻咽喉科,3,8,12:00,5.0,6.0,10,4
耳鼻咽喉科,3,9,12:30,2.0,2.5,6,4
耳鼻咽喉科,3,10,13:00,2.75,3.5,5,4
耳鼻咽喉科,3,11,13:30,4.0,5.0,6,4
耳鼻咽喉科,3,12,14:00,5.25,6.0,10,4
耳鼻咽喉科,3,13,14:30,3.5,5.5,10,4
耳鼻咽喉科,3,14,15:00,3.25,4.0,8,4
耳鼻咽喉科,3,15,15:30,3.5,3.5,8,4
耳鼻咽喉科,3,16,16:00,2.0,3.0,4,2
耳鼻咽喉科,3,17,16:30,2.0,3.0,3,3
耳鼻咽喉科,3,18,17:00,0.0,2.5,3,2
耳鼻咽喉科,3,19,17:30,0.0,1.0,1,1
耳鼻咽喉科,4,1,08:30,1.0,1.0,1,4
耳鼻咽喉科,4,2,09:00,4.5,5.0,7,4
耳鼻咽喉科,4,3,09:30,4.75,7.0,9,4
耳鼻咽喉科,4,4,10:00,6.0,8.0,12,4
耳鼻咽喉科,4,5,10:30,4.25,6.5,9,4
耳鼻咽喉科,4,6,11:00,5.75,7.0,11,4
耳鼻咽喉科,4,7,11:30,3.75,5.5,7,4
耳鼻咽喉科,4,8,12:00,2.5,4.0,5,4
耳鼻咽喉科,4,9,12:30,3.33,3.5,6,4
耳鼻咽喉科,4,10,13:00,1.67,2.5,3,4
耳鼻咽喉科,4,11,13:30,2.0,2.0,3,2
耳鼻咽喉科,4,12,14:00,2.25,2.5,3,4
耳鼻咽喉科,4,13,14:30,2.25,3.5,4,4
耳鼻咽喉科,4,14,15:00,2.0,2.0,4,4
耳鼻咽喉科,4,15,15:30,1.0,3.0,3,1
耳鼻咽喉科,4,16,16:00,1.0,1.0,1,1
耳鼻咽喉科,4,17,16:30,1.0,1.0,1,1
耳鼻咽喉科,4,18,17:00,0.0,1.0,1,1
脳神経内科,0,1,08:30,2.0,2.0,2,1
脳神経内科,0,2,09:00,3.5,4.0,5,2
脳神経内科,0,3,09:30,2.67,2.0,4,3
脳神経内科,0,4,10:00,1.67,2.0,3,3
脳神経内科,0,5,10:30,3.0,4.0,6,3
脳神経内科,0,6,11:00,3.33,5.0,5,3
脳神経内科,0,7,11:30,2.0,3.0,4,3
脳神経内科,0,8,12:00,1.5,2.0,2,3
脳神経内科,0,9,12:30,2.0,1.0,5,3
脳神経内科,0,10,13:00,2.0,2.0,4,3
脳神経内科,0,11,13:30,3.0,4.0,5,3
脳神経内科,0,12,14:00,3.0,3.0,4,3
脳神経内科,0,13,14:30,0.0,1.0,1,1
脳神経内科,0,14,15:00,1.0,1.0,1,1
脳神経内科,1,2,09:00,1.67,2.0,2,3
脳神経内科,1,3,09:30,4.0,4.0,7,3
脳神経内科,1,4,10:00,1.67,2.0,4,3
脳神経内科,1,5,10:30,2.67,3.0,4,3
脳神経内科,1,6,11:00,1.5,2.0,3,3
脳神経内科,1,7,11:30,2.0,2.0,2,1
脳神経内科,1,8,12:00,1.0,1.0,1,2
脳神経内科,1,9,12:30,1.0,1.0,1,1
脳神経内科,1,18,17:00,1.0,1.0,1,1
脳神経内科,1,19,17:30,0.0,1.0,1,1
脳神経内科,2,1,08:30,1.0,1.0,1,3
脳神経内科,2,2,09:00,2.0,2.0,3,3
脳神経内科,2,3,09:30,3.0,2.0,6,3
脳神経内科,2,4,10:00,5.0,5.0,6,3
脳神経内科,2,5,10:30,3.33,4.0,5,3
脳神経内科,2,6,11:00,2.0,3.0,5,3
脳神経内科,2,7,11:30,2.5,3.0,3,3
脳神経内科,2,8,12:00,2.0,2.0,3,2
脳神経内科,2,9,12:30,1.0,2.0,2,1
脳神経内科,2,10,13:00,1.0,1.0,1,1
脳神経内科,2,12,14:00,1.0,1.0,1,1
脳神経内科,2,16,16:00,1.0,1.0,1,1
脳神経内科,2,17,16:30,0.0,1.0,1,1
脳神経内科,3,1,08:30,3.33,3.0,4,3
脳神経内科,3,2,09:00,4.0,5.5,7,4
脳神経内科,3,3,09:30,4.5,5.0,8,4
脳神経内科,3,4,10:00,4.75,6.5,7,4
脳神経内科,3,5,10:30,3.5,6.0,6,4
脳神経内科,3,6,11:00,4.75,7.0,8,4
脳神経内科,3,7,11:30,3.0,4.5,6,4
脳神経内科,3,8,12:00,3.0,4.5,5,4
脳神経内科,3,9,12:30,2.67,5.0,5,3
脳神経内科,3,10,13:00,2.0,2.5,4,2
脳神経内科,3,11,13:30,2.0,1.5,2,2
脳神経内科,3,13,14:30,1.0,1.0,1,1
脳神経内科,3,14,15:00,1.0,1.0,1,1
脳神経内科,3,20,18:00,1.0,1.0,1,1
脳神経内科,4,2,09:00,4.67,4.0,6,3
脳神経内科,4,3,09:30,5.0,6.0,6,3
脳神経内科,4,4,10:00,3.0,3.0,5,3
脳神経内科,4,5,10:30,2.75,3.5,6,4
脳神経内科,4,6,11:00,2.5,2.5,5,4
脳神経内科,4,7,11:30,2.5,3.0,4,4
脳神経内科,4,8,12:00,1.0,1.0,2,3
脳神経内科,4,9,12:30,1.33,2.0,2,3
脳神経内科,4,10,13:00,2.0,2.0,3,2
脳神経内科,4,11,13:30,1.0,1.0,1,3
脳神経内科,4,12,14:00,1.5,1.5,2,2
脳神経内科,4,13,14:30,1.0,1.0,1,1
脳神経外科,0,2,09:00,1.0,1.0,1,2
脳神経外科,0,3,09:30,0.0,1.0,1,2
脳神経外科,0,4,10:00,2.0,2.0,2,1
脳神経外科,0,5,10:30,0.0,2.0,2,1
脳神経外科,0,6,11:00,0.0,1.0,1,1
脳神経外科,0,20,18:00,1.0,1.0,1,1
脳神経外科,1,0,08:00,1.0,1.0,1,1
脳神経外科,1,1,08:30,1.0,1.0,1,3
脳神経外科,1,2,09:00,2.75,3.5,4,4
脳神経外科,1,3,09:30,2.25,3.5,5,4
脳神経外科,1,4,10:00,2.0,2.0,5,4
脳神経外科,1,5,10:30,2.33,3.0,4,3
脳神経外科,1,6,11:00,2.0,3.0,3,3
脳神経外科,1,7,11:30,4.0,3.0,5,2
脳神経外科,1,8,12:00,0.0,2.0,2,1
脳神経外科,2,1,08:30,3.0,3.0,4,3
脳神経外科,2,2,09:00,4.67,6.0,8,3
脳神経外科,2,3,09:30,4.0,5.0,6,3
脳神経外科,2,4,10:00,4.67,6.0,8,3
脳神経外科,2,5,10:30,2.33,4.0,6,3
脳神経外科,2,6,11:00,1.5,3.0,3,2
脳神経外科,2,7,11:30,0.0,1.0,1,2
脳神経外科,2,8,12:00,0.0,1.0,1,2
脳神経外科,3,2,09:00,1.0,1.0,1,2
脳神経外科,3,3,09:30,1.0,1.5,2,2
脳神経外科,3,4,10:00,1.0,1.0,1,4
脳神経外科,3,5,10:30,1.5,2.0,3,3
脳神経外科,3,6,11:00,1.0,1.5,2,2
脳神経外科,3,7,11:30,1.0,1.0,2,3
脳神経外科,3,8,12:00,1.0,1.5,2,2
脳神経外科,3,9,12:30,0.0,1.0,1,1
脳神経外科,3,13,14:30,1.0,1.0,1,1
脳神経外科,3,14,15:00,0.0,1.0,1,1
脳神経外科,4,1,08:30,2.5,2.5,4,2
脳神経外科,4,2,09:00,1.67,3.0,3,3
脳神経外科,4,3,09:30,3.0,1.5,7,4
脳神経外科,4,4,10:00,2.0,2.5,4,4
脳神経外科,4,5,10:30,1.5,1.0,2,4
脳神経外科,4,6,11:00,1.0,2.0,2,3
脳神経外科,4,7,11:30,1.0,1.0,2,3
脳神経外科,4,8,12:00,1.0,1.0,1,2
脳神経外科,4,9,12:30,1.0,2.0,2,1
脳神経外科,4,10,13:00,0.0,1.0,1,1
脳神経外科,4,16,16:00,1.0,1.0,1,1
脳神経外科,4,19,17:30,1.0,1.0,1,1
脳神経外科,4,20,18:00,1.0,1.0,1,2
脳神経外科,4,23,19:30,1.0,1.0,1,1
脳神経外科,5,6,11:00,1.0,1.0,1,1
脳神経外科,5,13,14:30,1.0,1.0,1,1
脳神経外科,5,14,15:00,1.0,1.0,1,1
脳神経外科,5,17,16:30,1.0,1.0,1,1
腎内科,0,2,09:00,5.0,5.0,5,3
腎内科,0,3,09:30,4.0,4.0,9,3
腎内科,0,4,10:00,4.33,5.0,11,3
腎内科,0,5,10:30,5.33,6.0,10,3
腎内科,0,6,11:00,5.33,8.0,8,3
腎内科,0,7,11:30,3.0,4.0,6,3
腎内科,0,8,12:00,2.0,3.0,4,3
腎内科,0,9,12:30,5.0,1.0,5,3
腎内科,0,10,13:00,5.0,7.0,7,1
腎内科,0,11,13:30,4.0,3.0,7,3
腎内科,0,12,14:00,2.0,2.0,6,3
腎内科,0,13,14:30,1.67,2.0,2,3
腎内科,0,14,15:00,1.0,2.0,2,1
腎内科,0,15,15:30,1.0,1.5,2,2
腎内科,0,17,16:30,1.0,1.0,1,1
腎内科,1,0,08:00,1.0,1.0,1,2
腎内科,1,2,09:00,2.0,2.0,3,4
腎内科,1,3,09:30,2.75,4.0,5,4
腎内科,1,4,10:00,4.5,6.0,7,4
腎内科,1,5,10:30,3.25,5.5,6,4
腎内科,1,6,11:00,4.75,5.5,8,4
腎内科,1,7,11:30,4.25,5.0,7,4
腎内科,1,8,12:00,2.0,2.5,3,4
腎内科,1,9,12:30,2.5,2.5,4,4
腎内科,1,10,13:00,2.75,3.5,4,4
腎内科,1,11,13:30,1.0,1.5,2,4
腎内科,1,12,14:00,1.0,1.0,1,3
腎内科,1,13,14:30,1.33,2.0,2,3
腎内科,1,14,15:00,0.0,1.0,1,1
腎内科,1,15,15:30,2.0,2.0,2,1
腎内科,1,16,16:00,0.0,1.0,1,1
腎内科,2,1,08:30,1.0,1.0,1,1
腎内科,2,2,09:00,5.33,6.0,7,3
腎内科,2,3,09:30,6.67,8.0,10,3
腎内科,2,4,10:00,6.0,9.0,9,3
腎内科,2,5,10:30,6.33,7.0,8,3
腎内科,2,6,11:00,4.67,7.0,7,3
腎内科,2,7,11:30,4.67,7.0,8,3
腎内科,2,8,12:00,3.33,4.0,5,3
腎内科,2,9,12:30,1.67,3.0,3,3
腎内科,2,10,13:00,2.0,1.0,4,3
腎内科,2,11,13:30,1.0,1.0,2,3
腎内科,2,12,14:00,1.33,2.0,3,3
腎内科,2,13,14:30,1.0,2.0,2,3
腎内科,2,14,15:00,0.0,1.0,1,2
腎内科,2,15,15:30,1.0,2.0,2,1
腎内科,2,16,16:00,0.0,1.0,1,1
腎内科,3,0,08:00,1.0,1.0,1,1
腎内科,3,2,09:00,3.75,3.0,8,4
腎内科,3,3,09:30,3.0,4.0,6,4
腎内科,3,4,10:00,3.5,5.0,6,4
腎内科,3,5,10:30,3.25,5.0,6,4
腎内科,3,6,11:00,2.5,3.0,6,4
腎内科,3,7,11:30,3.0,4.5,5,4
腎内科,3,8,12:00,2.5,4.0,4,4
腎内科,3,9,12:30,2.67,3.0,5,4
腎内科,3,10,13:00,1.75,3.0,4,4
腎内科,3,11,13:30,2.5,3.5,4,4
腎内科,3,12,14:00,3.75,5.5,7,4
腎内科,3,13,14:30,3.75,7.0,8,4
腎内科,3,14,15:00,2.0,4.5,5,4
腎内科,3,15,15:30,1.33,3.0,5,4
腎内科,3,16,16:00,1.0,2.0,2,4
腎内科,3,17,16:30,1.0,1.0,2,3
腎内科,4,1,08:30,1.0,1.0,1,2
腎内科,4,2,09:00,2.0,2.5,3,4
腎内科,4,3,09:30,2.5,3.5,5,4
腎内科,4,4,10:00,3.5,4.5,6,4
腎内科,4,5,10:30,2.75,3.5,5,4
腎内科,4,6,11:00,2.67,3.0,5,4
腎内科,4,7,11:30,2.75,3.0,5,4
腎内科,4,8,12:00,2.5,3.5,5,4
腎内科,4,9,12:30,3.5,4.0,5,3
腎内科,4,10,13:00,1.33,2.0,3,3
腎内科,4,11,13:30,0.0,1.0,1,2
腎内科,4,14,15:00,1.0,1.0,1,1
腎内科,4,15,15:30,1.0,1.0,1,2
腎内科,4,16,16:00,0.0,1.0,1,2
腎内科,4,17,16:30,0.0,1.0,1,1
臨床腫瘍科,0,2,09:00,1.0,1.0,1,3
臨床腫瘍科,0,3,09:30,1.0,1.0,1,2
臨床腫瘍科,0,4,10:00,1.0,1.5,2,2
臨床腫瘍科,0,5,10:30,1.33,1.0,3,3
臨床腫瘍科,0,6,11:00,2.0,3.0,4,2
臨床腫瘍科,0,7,11:30,1.33,2.0,3,3
臨床腫瘍科,0,8,12:00,1.0,1.0,2,3
臨床腫瘍科,0,9,12:30,1.0,1.0,1,3
臨床腫瘍科,0,10,13:00,1.0,1.0,1,2
臨床腫瘍科,0,11,13:30,0.0,1.0,1,1
臨床腫瘍科,0,12,14:00,0.0,1.0,1,1
臨床腫瘍科,1,2,09:00,1.5,1.5,2,2
臨床腫瘍科,1,3,09:30,2.67,3.0,5,3
臨床腫瘍科,1,4,10:00,1.5,2.5,3,4
臨床腫瘍科,1,5,10:30,2.0,2.0,4,3
臨床腫瘍科,1,6,11:00,2.67,2.0,6,3
臨床腫瘍科,1,7,11:30,2.67,3.0,4,4
臨床腫瘍科,1,8,12:00,2.0,1.0,3,3
臨床腫瘍科,1,9,12:30,3.0,4.0,4,1
臨床腫瘍科,1,10,13:00,1.0,1.0,1,2
臨床腫瘍科,1,11,13:30,1.0,1.0,1,1
臨床腫瘍科,1,12,14:00,1.0,1.5,2,2
臨床腫瘍科,1,13,14:30,1.0,1.0,1,1
臨床腫瘍科,1,15,15:30,1.0,1.0,1,1
臨床腫瘍科,1,16,16:00,0.0,1.0,1,1
臨床腫瘍科,2,2,09:00,2.0,2.0,2,1
臨床腫瘍科,2,3,09:30,1.0,1.0,1,2
臨床腫瘍科,2,4,10:00,1.5,1.5,2,2
臨床腫瘍科,2,5,10:30,1.67,2.0,3,3
臨床腫瘍科,2,6,11:00,1.33,2.0,2,3
臨床腫瘍科,2,7,11:30,1.67,1.0,4,3
臨床腫瘍科,2,8,12:00,3.0,4.0,4,3
臨床腫瘍科,2,9,12:30,1.33,2.0,3,3
臨床腫瘍科,2,10,13:00,1.33,1.0,2,3
臨床腫瘍科,2,11,13:30,1.5,2.5,3,2
臨床腫瘍科,2,12,14:00,1.0,1.5,2,2
臨床腫瘍科,2,13,14:30,1.0,1.0,1,2
臨床腫瘍科,2,14,15:00,0.0,1.0,1,1
臨床腫瘍科,2,15,15:30,1.0,1.0,1,2
臨床腫瘍科,3,1,08:30,1.0,1.0,1,1
臨床腫瘍科,3,2,09:00,1.0,1.0,2,3
臨床腫瘍科,3,3,09:30,1.0,1.0,1,3
臨床腫瘍科,3,4,10:00,0.0,1.0,1,1
臨床腫瘍科,3,5,10:30,1.0,1.0,1,2
臨床腫瘍科,3,6,11:00,1.5,1.5,3,4
臨床腫瘍科,3,7,11:30,1.67,2.0,3,3
臨床腫瘍科,3,8,12:00,2.0,3.0,3,1
臨床腫瘍科,3,9,12:30,1.0,1.0,1,2
臨床腫瘍科,3,10,13:00,1.0,1.0,1,2
臨床腫瘍科,3,11,13:30,1.5,1.5,2,2
臨床腫瘍科,3,12,14:00,1.0,1.0,1,3
臨床腫瘍科,3,13,14:30,1.0,1.0,1,2
臨床腫瘍科,3,14,15:00,0.0,1.0,1,1
臨床腫瘍科,4,4,10:00,1.0,1.0,1,1
臨床腫瘍科,4,5,10:30,0.0,1.0,1,1
血液内科,0,1,08:30,1.0,1.0,1,1
血液内科,0,2,09:00,4.33,4.0,7,3
血液内科,0,3,09:30,5.0,5.0,8,3
血液内科,0,4,10:00,5.33,6.0,7,3
血液内科,0,5,10:30,4.33,4.0,7,3
血液内科,0,6,11:00,4.67,6.0,7,3
血液内科,0,7,11:30,6.0,6.0,11,3
血液内科,0,8,12:00,3.33,3.0,6,3
血液内科,0,9,12:30,5.5,5.0,7,3
血液内科,0,10,13:00,2.67,4.0,5,3
血液内科,0,11,13:30,3.33,4.0,5,3
血液内科,0,12,14:00,2.0,2.0,4,3
血液内科,0,13,14:30,2.0,2.0,3,3
血液内科,0,14,15:00,1.0,1.0,2,3
血液内科,0,15,15:30,4.0,2.5,4,2
血液内科,1,2,09:00,5.5,5.0,8,4
血液内科,1,3,09:30,6.75,7.5,10,4
血液内科,1,4,10:00,6.25,7.5,10,4
血液内科,1,5,10:30,4.0,5.5,8,4
血液内科,1,6,11:00,4.0,5.0,5,4
血液内科,1,7,11:30,5.0,5.5,7,4
血液内科,1,8,12:00,3.25,4.5,7,4
血液内科,1,9,12:30,2.75,4.5,6,4
血液内科,1,10,13:00,1.75,2.0,3,4
血液内科,1,11,13:30,1.0,2.0,3,3
血液内科,1,12,14:00,0.0,1.0,1,1
血液内科,1,13,14:30,1.0,1.0,1,2
血液内科,1,14,15:00,1.0,1.0,1,2
血液内科,1,15,15:30,2.0,2.0,2,1
血液内科,1,17,16:30,1.0,1.0,1,1
血液内科,1,18,17:00,0.0,1.0,1,1
血液内科,1,19,17:30,0.0,1.0,1,1
血液内科,1,23,19:30,1.0,1.0,1,1
血液内科,2,2,09:00,1.5,1.5,2,2
血液内科,2,3,09:30,1.67,2.0,3,3
血液内科,2,4,10:00,2.67,3.0,4,3
血液内科,2,5,10:30,3.67,5.0,6,3
血液内科,2,6,11:00,4.0,4.0,8,3
血液内科,2,7,11:30,4.67,7.0,7,3
血液内科,2,8,12:00,2.0,3.0,4,3
血液内科,2,9,12:30,2.33,2.0,5,3
血液内科,2,10,13:00,2.0,3.0,4,3
血液内科,2,11,13:30,2.33,3.0,4,3
血液内科,2,12,14:00,2.67,4.0,4,3
血液内科,2,13,14:30,1.33,2.0,2,3
血液内科,2,14,15:00,1.5,1.0,3,3
血液内科,2,15,15:30,0.0,1.0,1,1
血液内科,2,16,16:00,0.0,1.0,1,1
血液内科,2,17,16:30,1.0,1.0,1,2
血液内科,2,20,18:00,1.0,1.0,1,1
血液内科,3,2,09:00,3.0,3.0,4,4
血液内科,3,3,09:30,5.5,7.0,7,4
血液内科,3,4,10:00,4.75,5.0,8,4
血液内科,3,5,10:30,4.0,4.0,9,4
血液内科,3,6,11:00,3.25,5.5,6,4
血液内科,3,7,11:30,5.0,5.0,9,4
血液内科,3,8,12:00,1.67,3.0,4,3
血液内科,3,9,12:30,2.5,2.0,4,3
血液内科,3,10,13:00,1.5,2.0,3,4
血液内科,3,11,13:30,1.33,1.0,3,4
血液内科,3,12,14:00,0.0,1.0,1,2
血液内科,3,13,14:30,0.0,1.0,1,2
血液内科,3,17,16:30,1.0,1.0,1,1
血液内科,4,2,09:00,3.25,3.0,4,4
血液内科,4,3,09:30,6.25,7.5,8,4
血液内科,4,4,10:00,5.75,6.0,10,4
血液内科,4,5,10:30,5.0,6.0,8,4
血液内科,4,6,11:00,4.25,7.5,9,4
血液内科,4,7,11:30,5.0,6.5,7,4
血液内科,4,8,12:00,4.75,6.0,8,4
血液内科,4,9,12:30,2.0,3.0,5,4
血液内科,4,10,13:00,1.0,2.0,2,3
血液内科,4,14,15:00,3.0,3.0,3,1
血液内科,4,15,15:30,0.0,1.0,1,1
血液内科,4,16,16:00,1.0,1.0,1,2
血液内科,4,17,16:30,0.0,1.0,1,1
通院治療センター,0,8,12:00,1.0,1.0,1,1
通院治療センター,0,9,12:30,0.0,1.0,1,1
通院治療センター,0,10,13:00,1.0,1.0,1,1
通院治療センター,0,11,13:30,0.0,1.0,1,1
通院治療センター,0,12,14:00,1.0,1.0,1,1
通院治療センター,1,2,09:00,1.0,1.0,1,1
通院治療センター,1,3,09:30,0.0,1.0,1,1
通院治療センター,1,5,10:30,1.0,1.0,1,1
通院治療センター,1,11,13:30,1.0,1.0,1,1
通院治療センター,1,12,14:00,1.0,1.0,1,1
通院治療センター,1,13,14:30,1.0,1.0,1,1
通院治療センター,1,14,15:00,1.0,1.0,1,2
通院治療センター,1,16,16:00,1.0,1.0,1,1
通院治療センター,1,17,16:30,0.0,1.0,1,1
通院治療センター,2,4,10:00,1.0,1.0,1,1
通院治療センター,2,9,12:30,1.0,1.0,1,1
通院治療センター,2,10,13:00,0.0,1.0,1,1
通院治療センター,2,11,13:30,1.0,1.0,1,1
通院治療センター,2,12,14:00,1.0,1.0,1,1
通院治療センター,2,13,14:30,0.0,1.0,1,1
通院治療センター,2,14,15:00,1.0,1.0,1,1
通院治療センター,2,15,15:30,1.0,1.0,1,1
通院治療センター,2,16,16:00,0.0,1.0,1,1
通院治療センター,3,3,09:30,1.0,1.0,1,1
通院治療センター,3,4,10:00,0.0,1.0,1,1
通院治療センター,3,10,13:00,1.0,1.0,1,4
通院治療センター,3,11,13:30,1.0,1.0,2,4
通院治療センター,3,13,14:30,1.0,1.0,1,1
通院治療センター,3,14,15:00,3.0,3.0,3,1
通院治療センター,3,15,15:30,0.0,1.0,1,1
通院治療センター,4,7,11:30,1.0,1.0,1,1
通院治療センター,4,8,12:00,0.0,1.0,1,1
遺伝診療科,1,10,13:00,1.0,1.0,1,3
遺伝診療科,1,11,13:30,2.0,1.0,2,3
遺伝診療科,1,12,14:00,1.5,1.5,2,2
遺伝診療科,1,13,14:30,1.0,1.0,1,1
遺伝診療科,1,14,15:00,0.0,1.0,1,1
遺伝診療科,2,16,16:00,1.0,1.0,1,1
遺伝診療科,2,17,16:30,0.0,1.0,1,1
遺伝診療科,3,2,09:00,1.0,1.0,1,1
遺伝診療科,3,3,09:30,1.0,1.0,1,2
遺伝診療科,3,4,10:00,1.0,1.0,1,3
遺伝診療科,3,5,10:30,1.0,1.0,1,2
遺伝診療科,3,6,11:00,1.0,1.0,1,3
遺伝診療科,3,7,11:30,1.0,1.0,1,3
遺伝診療科,3,8,12:00,0.0,1.0,1,1
遺伝診療科,3,9,12:30,0.0,1.0,1,1
遺伝診療科,4,4,10:00,1.0,1.0,1,1
遺伝診療科,4,16,16:00,2.0,2.0,2,1
麻酔科,0,4,10:00,2.67,3.0,3,3
麻酔科,0,5,10:30,2.0,2.0,3,3
麻酔科,0,6,11:00,2.67,3.0,5,3
麻酔科,0,7,11:30,3.0,3.0,4,3
麻酔科,0,8,12:00,3.0,4.0,4,3
麻酔科,0,9,12:30,1.67,3.0,3,3
麻酔科,0,11,13:30,2.0,2.0,2,1
麻酔科,0,12,14:00,3.0,3.0,3,3
麻酔科,0,13,14:30,2.0,3.0,3,3
麻酔科,0,14,15:00,1.5,1.5,2,2
麻酔科,0,15,15:30,1.0,1.0,1,2
麻酔科,0,16,16:00,0.0,1.0,1,1
麻酔科,1,4,10:00,1.75,2.0,2,4
麻酔科,1,5,10:30,3.0,3.5,4,4
麻酔科,1,6,11:00,2.5,3.5,4,4
麻酔科,1,7,11:30,2.0,2.5,4,4
麻酔科,1,8,12:00,3.33,3.5,4,4
麻酔科,1,9,12:30,1.75,2.5,3,4
麻酔科,1,10,13:00,1.0,2.0,2,2
麻酔科,1,11,13:30,2.25,2.0,3,4
麻酔科,1,12,14:00,2.75,3.0,4,4
麻酔科,1,13,14:30,1.67,2.0,3,3
麻酔科,1,14,15:00,2.0,3.0,3,1
麻酔科,2,4,10:00,2.5,2.5,3,2
麻酔科,2,5,10:30,2.0,3.0,3,3
麻酔科,2,6,11:00,2.0,3.0,4,3
麻酔科,2,7,11:30,2.5,3.0,3,2
麻酔科,2,8,12:00,1.67,2.0,3,3
麻酔科,2,9,12:30,2.0,2.0,3,2
麻酔科,2,10,13:00,1.0,1.0,1,2
麻酔科,2,11,13:30,2.0,2.0,3,3
麻酔科,2,12,14:00,1.67,3.0,3,3
麻酔科,2,13,14:30,1.0,2.0,2,3
麻酔科,2,14,15:00,1.5,2.5,3,2
麻酔科,3,3,09:30,1.0,1.0,1,1
麻酔科,3,4,10:00,2.75,3.0,4,4
麻酔科,3,5,10:30,2.25,3.0,4,4
麻酔科,3,6,11:00,2.75,3.0,5,4
麻酔科,3,7,11:30,3.25,4.0,4,4
麻酔科,3,8,12:00,2.0,2.5,4,4
麻酔科,3,9,12:30,2.0,2.5,4,4
麻酔科,3,10,13:00,0.0,1.0,1,2
麻酔科,3,11,13:30,2.25,2.5,3,4
麻酔科,3,12,14:00,3.25,4.0,5,4
麻酔科,3,13,14:30,2.0,2.5,4,4
麻酔科,3,14,15:00,1.0,1.5,2,2
麻酔科,3,15,15:30,2.0,3.0,3,1
麻酔科,3,16,16:00,0.0,1.0,1,1
麻酔科,4,4,10:00,2.0,2.0,3,4
麻酔科,4,5,10:30,2.33,3.0,5,3
麻酔科,4,6,11:00,3.0,4.0,5,3
麻酔科,4,7,11:30,2.0,3.0,3,3
麻酔科,4,8,12:00,3.0,4.0,4,4
麻酔科,4,9,12:30,1.67,2.0,3,4
麻酔科,4,10,13:00,1.0,1.0,1,1
麻酔科,4,11,13:30,2.25,2.5,3,4
麻酔科,4,12,14:00,3.0,3.5,5,4
麻酔科,4,13,14:30,1.33,2.0,3,3
ﾘﾊﾋﾞﾘﾃｰｼｮﾝ科,0,3,09:30,1.0,1.0,1,1
ﾘﾊﾋﾞﾘﾃｰｼｮﾝ科,0,11,13:30,1.0,1.0,1,1
ﾘﾊﾋﾞﾘﾃｰｼｮﾝ科,0,16,16:00,1.0,1.0,1,1
ﾘﾊﾋﾞﾘﾃｰｼｮﾝ科,1,2,09:00,2.0,2.0,2,2
ﾘﾊﾋﾞﾘﾃｰｼｮﾝ科,1,3,09:30,1.67,2.0,3,3
ﾘﾊﾋﾞﾘﾃｰｼｮﾝ科,1,4,10:00,2.0,2.0,3,2
ﾘﾊﾋﾞﾘﾃｰｼｮﾝ科,1,5,10:30,0.0,1.0,1,1
ﾘﾊﾋﾞﾘﾃｰｼｮﾝ科,3,3,09:30,1.0,1.0,1,1
ﾘﾊﾋﾞﾘﾃｰｼｮﾝ科,4,1,08:30,1.0,1.0,1,1
ﾘﾊﾋﾞﾘﾃｰｼｮﾝ科,4,2,09:00,3.5,4.0,6,4
ﾘﾊﾋﾞﾘﾃｰｼｮﾝ科,4,3,09:30,2.0,2.0,3,3
ﾘﾊﾋﾞﾘﾃｰｼｮﾝ科,4,4,10:00,0.0,1.0,1,1
ﾘﾊﾋﾞﾘﾃｰｼｮﾝ科,4,15,15:30,1.0,1.0,1,1
ﾘﾊﾋﾞﾘﾃｰｼｮﾝ科,4,16,16:00,0.0,1.0,1,1
ﾘﾊﾋﾞﾘﾃｰｼｮﾝ科,4,17,16:30,1.0,1.0,1,1
ﾘﾊﾋﾞﾘﾃｰｼｮﾝ科,4,18,17:00,0.0,1.0,1,1
ﾘﾊﾋﾞﾘﾃｰｼｮﾝ科,4,19,17:30,0.0,1.0,1,1
ﾘﾊﾋﾞﾘﾃｰｼｮﾝ科,4,20,18:00,0.0,1.0,1,1
