診療科名,月,診療区分,診察時間_階級,併科受診フラグ,紹介状有無,初再診区分,予約フラグ,診察前検査フラグ,件数
PICCCVポートセンター,2025-12,薬のみ,0-4分,有,紹介状無し,再診,枠なし予約,なし,25
PICCCVポートセンター,2025-12,薬のみ,0-4分,無,紹介状無し,再診,枠なし予約,なし,40
PICCCVポートセンター,2025-12,薬のみ,30分以上,無,紹介状無し,再診,枠なし予約,なし,1
PICCCVポートセンター,2025-12,薬のみ,不明,有,紹介状無し,再診,枠なし予約,なし,1
PICCCVポートセンター,2025-12,薬のみ,不明,無,紹介状無し,再診,枠なし予約,なし,2
がんゲノム,2025-12,通常診療,10-14分,有,紹介状無し,再診,枠あり予約,なし,1
がんゲノム,2025-12,通常診療,15-29分,有,紹介状無し,再診,枠あり予約,なし,2
がんゲノム,2025-12,通常診療,15-29分,,紹介状無し,再診,枠あり予約,なし,1
がんゲノム,2025-12,通常診療,30分以上,有,紹介状無し,再診,枠あり予約,なし,1
がんゲノム,2025-12,通常診療,30分以上,,紹介状無し,再診,枠あり予約,なし,2
がんゲノム,2025-12,通常診療,5-9分,有,紹介状無し,再診,枠あり予約,なし,1
アレルギー科,2025-12,薬のみ,0-4分,無,紹介状無し,再診,枠なし予約,なし,4
アレルギー科,2025-12,薬のみ,10-14分,有,紹介状無し,再診,枠なし予約,なし,1
アレルギー科,2025-12,薬のみ,15-29分,無,紹介状無し,再診,枠なし予約,なし,2
アレルギー科,2025-12,薬のみ,5-9分,有,紹介状無し,再診,枠なし予約,検査未,1
アレルギー科,2025-12,薬のみ,5-9分,無,紹介状無し,再診,枠なし予約,なし,1
アレルギー科,2025-12,通常診療,0-4分,有,紹介状無し,再診,枠あり予約,なし,11
アレルギー科,2025-12,通常診療,0-4分,有,紹介状無し,再診,枠あり予約,検査済,3
アレルギー科,2025-12,通常診療,0-4分,,紹介状無し,再診,枠あり予約,なし,21
アレルギー科,2025-12,通常診療,0-4分,,紹介状無し,再診,枠あり予約,検査済,5
アレルギー科,2025-12,通常診療,10-14分,有,紹介状無し,再診,枠あり予約,なし,6
アレルギー科,2025-12,通常診療,10-14分,有,紹介状無し,再診,枠あり予約,検査済,3
アレルギー科,2025-12,通常診療,10-14分,無,紹介状無し,再診,枠あり予約,,1
アレルギー科,2025-12,通常診療,10-14分,,紹介状無し,再診,枠あり予約,なし,15
アレルギー科,2025-12,通常診療,10-14分,,紹介状無し,再診,枠あり予約,至急済,6
アレルギー科,2025-12,通常診療,15-29分,有,紹介状無し,再診,枠あり予約,なし,1
アレルギー科,2025-12,通常診療,15-29分,,紹介状あり,初診,枠あり予約,なし,1
アレルギー科,2025-12,通常診療,15-29分,,紹介状無し,再診,枠あり予約,なし,2
アレルギー科,2025-12,通常診療,15-29分,,紹介状無し,再診,枠あり予約,至急済,1
アレルギー科,2025-12,通常診療,30分以上,有,紹介状無し,再診,枠あり予約,なし,1
アレルギー科,2025-12,通常診療,30分以上,,紹介状あり,初診,枠あり予約,なし,1
アレルギー科,2025-12,通常診療,5-9分,有,紹介状無し,再診,枠あり予約,なし,21
アレルギー科,2025-12,通常診療,5-9分,有,紹介状無し,再診,枠あり予約,検査済,2
アレルギー科,2025-12,通常診療,5-9分,有,紹介状無し,再診,枠あり予約,至急済,1
アレルギー科,2025-12,通常診療,5-9分,,紹介状無し,再診,枠あり予約,なし,34
アレルギー科,2025-12,通常診療,5-9分,,紹介状無し,再診,枠あり予約,検査済,15
アレルギー科,2025-12,通常診療,5-9分,,紹介状無し,再診,枠あり予約,至急済,7
アレルギー科,2025-12,通常診療,不明,有,紹介状無し,再診,枠あり予約,なし,1
アレルギー科,2025-12,通常診療,不明,有,紹介状無し,再診,枠あり予約,検査済,1
アレルギー科,2025-12,通常診療,不明,,紹介状無し,再診,枠あり予約,なし,5
ソーシャルワーカー,2025-12,薬のみ,0-4分,有,紹介状無し,再診,枠なし予約,なし,5
ソーシャルワーカー,2025-12,薬のみ,0-4分,無,紹介状無し,再診,枠なし予約,なし,3
ソーシャルワーカー,2025-12,薬のみ,不明,有,紹介状無し,再診,枠なし予約,なし,3
ソーシャルワーカー,2025-12,薬のみ,不明,無,紹介状無し,再診,枠なし予約,なし,8
ソーシャルワーカー,2025-12,通常診療,0-4分,有,紹介状無し,再診,枠あり予約,なし,21
ソーシャルワーカー,2025-12,通常診療,0-4分,,紹介状無し,再診,枠あり予約,なし,45
ソーシャルワーカー,2025-12,通常診療,不明,有,紹介状無し,再診,枠あり予約,なし,6
ソーシャルワーカー,2025-12,通常診療,不明,,紹介状無し,再診,枠あり予約,なし,23
メンタルケア科,2025-12,薬のみ,0-4分,有,紹介状無し,再診,枠なし予約,なし,14
メンタルケア科,2025-12,薬のみ,0-4分,無,紹介状無し,再診,枠なし予約,なし,25
メンタルケア科,2025-12,薬のみ,10-14分,有,紹介状無し,再診,枠なし予約,なし,3
メンタルケア科,2025-12,薬のみ,10-14分,無,紹介状無し,再診,枠なし予約,なし,3
メンタルケア科,2025-12,薬のみ,15-29分,有,紹介状無し,再診,枠なし予約,なし,3
メンタルケア科,2025-12,薬のみ,15-29分,無,紹介状無し,再診,枠なし予約,なし,6
メンタルケア科,2025-12,薬のみ,30分以上,有,紹介状無し,再診,枠なし予約,なし,5
メンタルケア科,2025-12,薬のみ,30分以上,無,紹介状無し,再診,枠なし予約,なし,6
メンタルケア科,2025-12,薬のみ,5-9分,有,紹介状無し,再診,枠なし予約,なし,8
メンタルケア科,2025-12,薬のみ,5-9分,無,紹介状無し,再診,枠なし予約,なし,8
メンタルケア科,2025-12,薬のみ,不明,有,紹介状無し,再診,枠なし予約,なし,1
メンタルケア科,2025-12,薬のみ,不明,無,紹介状無し,再診,枠なし予約,なし,13
メンタルケア科,2025-12,通常診療,0-4分,有,紹介状無し,再診,枠あり予約,なし,10
メンタルケア科,2025-12,通常診療,0-4分,,紹介状無し,再診,枠あり予約,なし,48
メンタルケア科,2025-12,通常診療,10-14分,有,紹介状無し,再診,枠あり予約,なし,13
メンタルケア科,2025-12,通常診療,10-14分,,紹介状無し,再診,枠あり予約,なし,53
メンタルケア科,2025-12,通常診療,10-14分,,紹介状無し,再診,枠あり予約,検査済,4
メンタルケア科,2025-12,通常診療,15-29分,有,紹介状無し,再診,枠あり予約,なし,7
メンタルケア科,2025-12,通常診療,15-29分,,紹介状無し,再診,枠あり予約,なし,32
メンタルケア科,2025-12,通常診療,15-29分,,紹介状無し,再診,枠あり予約,検査済,1
メンタルケア科,2025-12,通常診療,30分以上,有,紹介状無し,再診,枠あり予約,なし,1
メンタルケア科,2025-12,通常診療,30分以上,,紹介状あり,初診,枠あり予約,なし,1
メンタルケア科,2025-12,通常診療,30分以上,,紹介状無し,再診,枠あり予約,なし,2
メンタルケア科,2025-12,通常診療,30分以上,,紹介状無し,初診,枠あり予約,,1
メンタルケア科,2025-12,通常診療,5-9分,有,紹介状無し,再診,枠あり予約,なし,10
メンタルケア科,2025-12,通常診療,5-9分,,紹介状無し,再診,枠あり予約,なし,68
メンタルケア科,2025-12,通常診療,不明,有,紹介状無し,再診,枠あり予約,なし,2
メンタルケア科,2025-12,通常診療,不明,,紹介状無し,再診,枠あり予約,なし,25
リウマチ膠原病内科,2025-12,薬のみ,0-4分,有,紹介状無し,再診,枠なし予約,なし,12
リウマチ膠原病内科,2025-12,薬のみ,0-4分,無,紹介状無し,再診,枠なし予約,なし,43
リウマチ膠原病内科,2025-12,薬のみ,0-4分,無,紹介状無し,再診,枠なし予約,検査済,1
リウマチ膠原病内科,2025-12,薬のみ,0-4分,,紹介状無し,再診,枠なし予約,なし,1
リウマチ膠原病内科,2025-12,薬のみ,10-14分,有,紹介状無し,再診,枠なし予約,なし,5
リウマチ膠原病内科,2025-12,薬のみ,10-14分,無,紹介状無し,再診,枠なし予約,なし,3
リウマチ膠原病内科,2025-12,薬のみ,10-14分,無,紹介状無し,再診,枠なし予約,至急済,1
リウマチ膠原病内科,2025-12,薬のみ,15-29分,有,紹介状無し,再診,枠なし予約,なし,6
リウマチ膠原病内科,2025-12,薬のみ,15-29分,有,紹介状無し,再診,枠なし予約,検査済,1
リウマチ膠原病内科,2025-12,薬のみ,15-29分,有,紹介状無し,再診,枠なし予約,至急済,1
リウマチ膠原病内科,2025-12,薬のみ,15-29分,無,紹介状無し,再診,枠なし予約,なし,6
リウマチ膠原病内科,2025-12,薬のみ,15-29分,無,紹介状無し,再診,枠なし予約,検査済,3
リウマチ膠原病内科,2025-12,薬のみ,15-29分,無,紹介状無し,再診,枠なし予約,至急済,3
リウマチ膠原病内科,2025-12,薬のみ,15-29分,,紹介状無し,再診,枠なし予約,なし,1
リウマチ膠原病内科,2025-12,薬のみ,30分以上,有,紹介状無し,再診,枠なし予約,なし,3
リウマチ膠原病内科,2025-12,薬のみ,30分以上,無,紹介状無し,再診,枠なし予約,なし,3
リウマチ膠原病内科,2025-12,薬のみ,5-9分,有,紹介状無し,再診,枠なし予約,なし,12
リウマチ膠原病内科,2025-12,薬のみ,5-9分,無,紹介状無し,再診,枠なし予約,なし,7
リウマチ膠原病内科,2025-12,薬のみ,5-9分,無,紹介状無し,再診,枠なし予約,検査済,4
リウマチ膠原病内科,2025-12,薬のみ,5-9分,無,紹介状無し,再診,枠なし予約,至急済,1
リウマチ膠原病内科,2025-12,薬のみ,不明,無,紹介状無し,再診,枠なし予約,なし,5
リウマチ膠原病内科,2025-12,通常診療,0-4分,有,紹介状無し,再診,枠あり予約,なし,38
リウマチ膠原病内科,2025-12,通常診療,0-4分,有,紹介状無し,再診,枠あり予約,検査済,16
リウマチ膠原病内科,2025-12,通常診療,0-4分,有,紹介状無し,再診,枠あり予約,至急済,10
リウマチ膠原病内科,2025-12,通常診療,0-4分,有,紹介状無し,再診,枠あり予約,,1
リウマチ膠原病内科,2025-12,通常診療,0-4分,無,紹介状無し,再診,枠あり予約,,1
リウマチ膠原病内科,2025-12,通常診療,0-4分,,紹介状あり,初診,枠あり予約,なし,3
リウマチ膠原病内科,2025-12,通常診療,0-4分,,紹介状無し,再診,枠あり予約,なし,64
リウマチ膠原病内科,2025-12,通常診療,0-4分,,紹介状無し,再診,枠あり予約,検査未,1
リウマチ膠原病内科,2025-12,通常診療,0-4分,,紹介状無し,再診,枠あり予約,検査済,95
リウマチ膠原病内科,2025-12,通常診療,0-4分,,紹介状無し,再診,枠あり予約,至急済,49
リウマチ膠原病内科,2025-12,通常診療,10-14分,有,紹介状あり,初診,枠あり予約,なし,3
リウマチ膠原病内科,2025-12,通常診療,10-14分,有,紹介状無し,再診,枠あり予約,なし,21
リウマチ膠原病内科,2025-12,通常診療,10-14分,有,紹介状無し,再診,枠あり予約,検査済,13
リウマチ膠原病内科,2025-12,通常診療,10-14分,有,紹介状無し,再診,枠あり予約,至急済,7
リウマチ膠原病内科,2025-12,通常診療,10-14分,,紹介状あり,初診,枠あり予約,なし,9
リウマチ膠原病内科,2025-12,通常診療,10-14分,,紹介状無し,再診,枠あり予約,なし,43
リウマチ膠原病内科,2025-12,通常診療,10-14分,,紹介状無し,再診,枠あり予約,検査済,57
リウマチ膠原病内科,2025-12,通常診療,10-14分,,紹介状無し,再診,枠あり予約,至急済,36
リウマチ膠原病内科,2025-12,通常診療,15-29分,有,紹介状あり,初診,枠あり予約,なし,1
リウマチ膠原病内科,2025-12,通常診療,15-29分,有,紹介状無し,再診,枠あり予約,なし,8
リウマチ膠原病内科,2025-12,通常診療,15-29分,有,紹介状無し,再診,枠あり予約,検査済,10
リウマチ膠原病内科,2025-12,通常診療,15-29分,有,紹介状無し,再診,枠あり予約,至急済,7
リウマチ膠原病内科,2025-12,通常診療,15-29分,有,紹介状無し,初診,枠あり予約,なし,1
リウマチ膠原病内科,2025-12,通常診療,15-29分,無,紹介状無し,再診,枠あり予約,,3
リウマチ膠原病内科,2025-12,通常診療,15-29分,,紹介状あり,初診,枠あり予約,なし,8
リウマチ膠原病内科,2025-12,通常診療,15-29分,,紹介状無し,再診,枠あり予約,なし,28
リウマチ膠原病内科,2025-12,通常診療,15-29分,,紹介状無し,再診,枠あり予約,検査未,1
リウマチ膠原病内科,2025-12,通常診療,15-29分,,紹介状無し,再診,枠あり予約,検査済,21
リウマチ膠原病内科,2025-12,通常診療,15-29分,,紹介状無し,再診,枠あり予約,至急済,14
リウマチ膠原病内科,2025-12,通常診療,30分以上,有,紹介状無し,再診,枠あり予約,検査済,1
リウマチ膠原病内科,2025-12,通常診療,30分以上,,紹介状あり,初診,枠あり予約,なし,1
リウマチ膠原病内科,2025-12,通常診療,30分以上,,紹介状無し,再診,枠あり予約,なし,5
リウマチ膠原病内科,2025-12,通常診療,30分以上,,紹介状無し,再診,枠あり予約,検査済,2
リウマチ膠原病内科,2025-12,通常診療,30分以上,,紹介状無し,再診,枠あり予約,至急済,1
リウマチ膠原病内科,2025-12,通常診療,5-9分,有,紹介状あり,初診,枠あり予約,なし,1
リウマチ膠原病内科,2025-12,通常診療,5-9分,有,紹介状無し,再診,枠あり予約,なし,35
リウマチ膠原病内科,2025-12,通常診療,5-9分,有,紹介状無し,再診,枠あり予約,検査中,3
リウマチ膠原病内科,2025-12,通常診療,5-9分,有,紹介状無し,再診,枠あり予約,検査済,35
リウマチ膠原病内科,2025-12,通常診療,5-9分,有,紹介状無し,再診,枠あり予約,至急済,24
リウマチ膠原病内科,2025-12,通常診療,5-9分,有,紹介状無し,初診,枠あり予約,なし,1
リウマチ膠原病内科,2025-12,通常診療,5-9分,,紹介状あり,初診,枠あり予約,なし,2
リウマチ膠原病内科,2025-12,通常診療,5-9分,,紹介状無し,再診,枠あり予約,なし,73
リウマチ膠原病内科,2025-12,通常診療,5-9分,,紹介状無し,再診,枠あり予約,検査中,1
リウマチ膠原病内科,2025-12,通常診療,5-9分,,紹介状無し,再診,枠あり予約,検査未,1
リウマチ膠原病内科,2025-12,通常診療,5-9分,,紹介状無し,再診,枠あり予約,検査済,159
リウマチ膠原病内科,2025-12,通常診療,5-9分,,紹介状無し,再診,枠あり予約,至急済,87
リウマチ膠原病内科,2025-12,通常診療,不明,有,紹介状無し,再診,枠あり予約,なし,9
リウマチ膠原病内科,2025-12,通常診療,不明,有,紹介状無し,再診,枠あり予約,検査未,2
リウマチ膠原病内科,2025-12,通常診療,不明,有,紹介状無し,再診,枠あり予約,検査済,1
リウマチ膠原病内科,2025-12,通常診療,不明,有,紹介状無し,再診,枠あり予約,至急済,1
リウマチ膠原病内科,2025-12,通常診療,不明,,紹介状あり,初診,枠あり予約,なし,1
リウマチ膠原病内科,2025-12,通常診療,不明,,紹介状無し,再診,枠あり予約,なし,14
リウマチ膠原病内科,2025-12,通常診療,不明,,紹介状無し,再診,枠あり予約,検査未,11
リウマチ膠原病内科,2025-12,通常診療,不明,,紹介状無し,再診,枠あり予約,検査済,1
一般消化器外科,2025-12,薬のみ,0-4分,有,紹介状無し,再診,枠なし予約,なし,24
一般消化器外科,2025-12,薬のみ,0-4分,有,紹介状無し,再診,,なし,5
一般消化器外科,2025-12,薬のみ,0-4分,有,紹介状無し,再診,,,1
一般消化器外科,2025-12,薬のみ,0-4分,無,紹介状無し,再診,枠なし予約,なし,38
一般消化器外科,2025-12,薬のみ,0-4分,無,紹介状無し,再診,,なし,6
一般消化器外科,2025-12,薬のみ,10-14分,有,紹介状無し,再診,枠なし予約,なし,4
一般消化器外科,2025-12,薬のみ,10-14分,無,紹介状無し,再診,枠なし予約,なし,2
一般消化器外科,2025-12,薬のみ,10-14分,無,紹介状無し,再診,,なし,1
一般消化器外科,2025-12,薬のみ,15-29分,有,紹介状無し,再診,枠なし予約,なし,5
一般消化器外科,2025-12,薬のみ,15-29分,有,紹介状無し,再診,,なし,1
一般消化器外科,2025-12,薬のみ,15-29分,無,紹介状無し,再診,,なし,1
一般消化器外科,2025-12,薬のみ,30分以上,有,紹介状無し,再診,枠なし予約,なし,1
一般消化器外科,2025-12,薬のみ,5-9分,有,紹介状無し,再診,枠なし予約,なし,3
一般消化器外科,2025-12,薬のみ,5-9分,無,紹介状無し,再診,枠なし予約,なし,3
一般消化器外科,2025-12,薬のみ,5-9分,無,紹介状無し,再診,,なし,1
一般消化器外科,2025-12,薬のみ,不明,無,紹介状無し,再診,枠なし予約,なし,5
一般消化器外科,2025-12,薬のみ,不明,無,紹介状無し,再診,枠なし予約,検査済,1
一般消化器外科,2025-12,薬のみ,不明,,紹介状無し,再診,枠なし予約,なし,1
一般消化器外科,2025-12,通常診療,0-4分,有,紹介状あり,再診,枠あり予約,,1
一般消化器外科,2025-12,通常診療,0-4分,有,紹介状あり,初診,枠あり予約,なし,2
一般消化器外科,2025-12,通常診療,0-4分,有,紹介状あり,初診,枠あり予約,,2
一般消化器外科,2025-12,通常診療,0-4分,有,紹介状無し,再診,枠あり予約,なし,35
一般消化器外科,2025-12,通常診療,0-4分,有,紹介状無し,再診,枠あり予約,検査未,1
一般消化器外科,2025-12,通常診療,0-4分,有,紹介状無し,再診,枠あり予約,検査済,23
一般消化器外科,2025-12,通常診療,0-4分,有,紹介状無し,再診,枠あり予約,至急済,5
一般消化器外科,2025-12,通常診療,0-4分,有,紹介状無し,初診,枠あり予約,なし,1
一般消化器外科,2025-12,通常診療,0-4分,無,紹介状無し,再診,枠あり予約,,8
一般消化器外科,2025-12,通常診療,0-4分,,紹介状あり,再診,枠あり予約,,2
一般消化器外科,2025-12,通常診療,0-4分,,紹介状あり,初診,枠あり予約,なし,2
一般消化器外科,2025-12,通常診療,0-4分,,紹介状あり,初診,枠あり予約,至急済,1
一般消化器外科,2025-12,通常診療,0-4分,,紹介状あり,初診,枠あり予約,,2
一般消化器外科,2025-12,通常診療,0-4分,,紹介状無し,再診,枠あり予約,なし,129
一般消化器外科,2025-12,通常診療,0-4分,,紹介状無し,再診,枠あり予約,検査済,52
一般消化器外科,2025-12,通常診療,0-4分,,紹介状無し,再診,枠あり予約,至急済,5
一般消化器外科,2025-12,通常診療,0-4分,,紹介状無し,再診,枠あり予約,,10
一般消化器外科,2025-12,通常診療,0-4分,,紹介状無し,初診,枠あり予約,,1
一般消化器外科,2025-12,通常診療,10-14分,有,紹介状あり,初診,枠あり予約,なし,1
一般消化器外科,2025-12,通常診療,10-14分,有,紹介状無し,再診,枠あり予約,なし,25
一般消化器外科,2025-12,通常診療,10-14分,有,紹介状無し,再診,枠あり予約,検査済,4
一般消化器外科,2025-12,通常診療,10-14分,有,紹介状無し,再診,枠あり予約,至急済,5
一般消化器外科,2025-12,通常診療,10-14分,有,紹介状無し,再診,枠あり予約,,1
一般消化器外科,2025-12,通常診療,10-14分,無,紹介状無し,再診,枠あり予約,,2
一般消化器外科,2025-12,通常診療,10-14分,,紹介状あり,初診,枠あり予約,なし,7
一般消化器外科,2025-12,通常診療,10-14分,,紹介状無し,再診,枠あり予約,なし,77
一般消化器外科,2025-12,通常診療,10-14分,,紹介状無し,再診,枠あり予約,検査済,39
一般消化器外科,2025-12,通常診療,10-14分,,紹介状無し,再診,枠あり予約,至急済,3
一般消化器外科,2025-12,通常診療,10-14分,,紹介状無し,再診,枠あり予約,,1
一般消化器外科,2025-12,通常診療,10-14分,,紹介状無し,初診,枠あり予約,なし,1
一般消化器外科,2025-12,通常診療,10-14分,,紹介状無し,初診,枠あり予約,,2
一般消化器外科,2025-12,通常診療,15-29分,有,紹介状あり,初診,枠あり予約,なし,2
一般消化器外科,2025-12,通常診療,15-29分,有,紹介状無し,再診,枠あり予約,なし,34
一般消化器外科,2025-12,通常診療,15-29分,有,紹介状無し,再診,枠あり予約,検査済,9
一般消化器外科,2025-12,通常診療,15-29分,有,紹介状無し,再診,枠あり予約,至急済,3
一般消化器外科,2025-12,通常診療,15-29分,無,紹介状無し,再診,枠あり予約,,2
一般消化器外科,2025-12,通常診療,15-29分,,紹介状あり,再診,枠あり予約,検査済,1
一般消化器外科,2025-12,通常診療,15-29分,,紹介状あり,再診,枠あり予約,,1
一般消化器外科,2025-12,通常診療,15-29分,,紹介状あり,初診,枠あり予約,なし,10
一般消化器外科,2025-12,通常診療,15-29分,,紹介状あり,初診,枠あり予約,,3
一般消化器外科,2025-12,通常診療,15-29分,,紹介状無し,再診,枠あり予約,なし,46
一般消化器外科,2025-12,通常診療,15-29分,,紹介状無し,再診,枠あり予約,検査済,17
一般消化器外科,2025-12,通常診療,15-29分,,紹介状無し,再診,枠あり予約,至急済,3
一般消化器外科,2025-12,通常診療,15-29分,,紹介状無し,再診,枠あり予約,,2
一般消化器外科,2025-12,通常診療,15-29分,,紹介状無し,初診,枠あり予約,,1
一般消化器外科,2025-12,通常診療,30分以上,有,紹介状あり,初診,枠あり予約,,1
一般消化器外科,2025-12,通常診療,30分以上,有,紹介状無し,再診,枠あり予約,なし,14
一般消化器外科,2025-12,通常診療,30分以上,有,紹介状無し,再診,枠あり予約,検査済,2
一般消化器外科,2025-12,通常診療,30分以上,,紹介状あり,初診,枠あり予約,なし,6
一般消化器外科,2025-12,通常診療,30分以上,,紹介状あり,初診,枠あり予約,,3
一般消化器外科,2025-12,通常診療,30分以上,,紹介状無し,再診,枠あり予約,なし,13
一般消化器外科,2025-12,通常診療,30分以上,,紹介状無し,再診,枠あり予約,検査済,2
一般消化器外科,2025-12,通常診療,5-9分,有,紹介状無し,再診,枠あり予約,なし,32
一般消化器外科,2025-12,通常診療,5-9分,有,紹介状無し,再診,枠あり予約,検査済,16
一般消化器外科,2025-12,通常診療,5-9分,有,紹介状無し,再診,枠あり予約,至急済,6
一般消化器外科,2025-12,通常診療,5-9分,有,紹介状無し,再診,枠あり予約,,1
一般消化器外科,2025-12,通常診療,5-9分,無,紹介状無し,再診,枠あり予約,,1
一般消化器外科,2025-12,通常診療,5-9分,,紹介状あり,再診,枠あり予約,,1
一般消化器外科,2025-12,通常診療,5-9分,,紹介状あり,初診,枠あり予約,なし,5
一般消化器外科,2025-12,通常診療,5-9分,,紹介状あり,初診,枠あり予約,,2
一般消化器外科,2025-12,通常診療,5-9分,,紹介状無し,再診,枠あり予約,なし,147
一般消化器外科,2025-12,通常診療,5-9分,,紹介状無し,再診,枠あり予約,検査未,1
一般消化器外科,2025-12,通常診療,5-9分,,紹介状無し,再診,枠あり予約,検査済,74
一般消化器外科,2025-12,通常診療,5-9分,,紹介状無し,再診,枠あり予約,至急済,12
一般消化器外科,2025-12,通常診療,5-9分,,紹介状無し,再診,枠あり予約,,1
一般消化器外科,2025-12,通常診療,5-9分,,紹介状無し,初診,枠あり予約,検査済,1
一般消化器外科,2025-12,通常診療,5-9分,,紹介状無し,初診,枠あり予約,,1
一般消化器外科,2025-12,通常診療,不明,有,紹介状無し,再診,枠あり予約,なし,24
一般消化器外科,2025-12,通常診療,不明,有,紹介状無し,再診,枠あり予約,検査未,1
一般消化器外科,2025-12,通常診療,不明,,紹介状あり,再診,枠あり予約,,1
一般消化器外科,2025-12,通常診療,不明,,紹介状あり,初診,枠あり予約,なし,1
一般消化器外科,2025-12,通常診療,不明,,紹介状無し,再診,枠あり予約,なし,54
一般消化器外科,2025-12,通常診療,不明,,紹介状無し,再診,枠あり予約,検査未,6
一般消化器外科,2025-12,通常診療,不明,,紹介状無し,再診,枠あり予約,至急済,1
中央処置室,2025-12,薬のみ,不明,有,紹介状無し,再診,枠なし予約,なし,9
中央処置室,2025-12,薬のみ,不明,無,紹介状無し,再診,枠なし予約,なし,2
中央処置室,2025-12,通常診療,0-4分,有,紹介状無し,再診,枠あり予約,なし,4
中央処置室,2025-12,通常診療,0-4分,,紹介状無し,再診,枠あり予約,なし,3
中央処置室,2025-12,通常診療,不明,有,紹介状無し,再診,枠あり予約,なし,122
中央処置室,2025-12,通常診療,不明,,紹介状無し,再診,枠あり予約,なし,30
乳腺外科,2025-12,薬のみ,0-4分,有,紹介状無し,再診,枠なし予約,なし,4
乳腺外科,2025-12,薬のみ,0-4分,有,紹介状無し,再診,枠なし予約,検査中,1
乳腺外科,2025-12,薬のみ,0-4分,有,紹介状無し,再診,,なし,1
乳腺外科,2025-12,薬のみ,0-4分,無,紹介状無し,再診,枠なし予約,なし,45
乳腺外科,2025-12,薬のみ,0-4分,無,紹介状無し,再診,枠なし予約,検査中,19
乳腺外科,2025-12,薬のみ,0-4分,無,紹介状無し,再診,枠なし予約,検査未,1
乳腺外科,2025-12,薬のみ,0-4分,無,紹介状無し,再診,枠なし予約,検査済,4
乳腺外科,2025-12,薬のみ,0-4分,無,紹介状無し,再診,枠なし予約,至急済,8
乳腺外科,2025-12,薬のみ,0-4分,,紹介状無し,再診,枠なし予約,なし,1
乳腺外科,2025-12,薬のみ,0-4分,,紹介状無し,再診,,なし,1
乳腺外科,2025-12,薬のみ,0-4分,,紹介状無し,初診,,,1
乳腺外科,2025-12,薬のみ,10-14分,有,紹介状無し,再診,枠なし予約,なし,2
乳腺外科,2025-12,薬のみ,10-14分,有,紹介状無し,再診,枠なし予約,検査中,1
乳腺外科,2025-12,薬のみ,10-14分,無,紹介状無し,再診,枠なし予約,なし,5
乳腺外科,2025-12,薬のみ,10-14分,無,紹介状無し,再診,枠なし予約,検査中,1
乳腺外科,2025-12,薬のみ,10-14分,無,紹介状無し,再診,枠なし予約,至急済,2
乳腺外科,2025-12,薬のみ,10-14分,無,紹介状無し,再診,,,1
乳腺外科,2025-12,薬のみ,10-14分,,紹介状あり,初診,,,1
乳腺外科,2025-12,薬のみ,10-14分,,紹介状無し,再診,,,1
乳腺外科,2025-12,薬のみ,15-29分,有,紹介状無し,再診,枠なし予約,なし,1
乳腺外科,2025-12,薬のみ,15-29分,無,紹介状無し,再診,枠なし予約,なし,4
乳腺外科,2025-12,薬のみ,15-29分,無,紹介状無し,再診,枠なし予約,検査済,2
乳腺外科,2025-12,薬のみ,30分以上,無,紹介状無し,再診,枠なし予約,なし,1
乳腺外科,2025-12,薬のみ,30分以上,無,紹介状無し,再診,枠なし予約,検査済,1
乳腺外科,2025-12,薬のみ,30分以上,無,紹介状無し,再診,枠なし予約,至急済,1
乳腺外科,2025-12,薬のみ,5-9分,有,紹介状無し,再診,枠なし予約,なし,3
乳腺外科,2025-12,薬のみ,5-9分,有,紹介状無し,再診,枠なし予約,検査中,4
乳腺外科,2025-12,薬のみ,5-9分,無,紹介状無し,再診,枠なし予約,なし,19
乳腺外科,2025-12,薬のみ,5-9分,無,紹介状無し,再診,枠なし予約,検査中,13
乳腺外科,2025-12,薬のみ,5-9分,無,紹介状無し,再診,枠なし予約,検査済,3
乳腺外科,2025-12,薬のみ,5-9分,無,紹介状無し,再診,枠なし予約,至急済,2
乳腺外科,2025-12,薬のみ,5-9分,,紹介状無し,再診,,,2
乳腺外科,2025-12,薬のみ,不明,有,紹介状無し,再診,枠なし予約,なし,1
乳腺外科,2025-12,薬のみ,不明,無,紹介状無し,再診,枠なし予約,なし,12
乳腺外科,2025-12,通常診療,0-4分,有,紹介状あり,初診,枠あり予約,なし,4
乳腺外科,2025-12,通常診療,0-4分,有,紹介状無し,再診,枠あり予約,なし,34
乳腺外科,2025-12,通常診療,0-4分,有,紹介状無し,再診,枠あり予約,検査中,37
乳腺外科,2025-12,通常診療,0-4分,有,紹介状無し,再診,枠あり予約,検査済,13
乳腺外科,2025-12,通常診療,0-4分,有,紹介状無し,再診,枠あり予約,至急済,21
乳腺外科,2025-12,通常診療,0-4分,有,紹介状無し,初診,枠あり予約,検査中,1
乳腺外科,2025-12,通常診療,0-4分,無,紹介状無し,再診,枠あり予約,なし,2
乳腺外科,2025-12,通常診療,0-4分,無,紹介状無し,再診,枠あり予約,,10
乳腺外科,2025-12,通常診療,0-4分,,紹介状あり,再診,枠あり予約,,1
乳腺外科,2025-12,通常診療,0-4分,,紹介状あり,初診,枠あり予約,なし,22
乳腺外科,2025-12,通常診療,0-4分,,紹介状あり,初診,枠あり予約,,2
乳腺外科,2025-12,通常診療,0-4分,,紹介状無し,再診,枠あり予約,なし,300
乳腺外科,2025-12,通常診療,0-4分,,紹介状無し,再診,枠あり予約,検査中,245
乳腺外科,2025-12,通常診療,0-4分,,紹介状無し,再診,枠あり予約,検査済,49
乳腺外科,2025-12,通常診療,0-4分,,紹介状無し,再診,枠あり予約,至急済,152
乳腺外科,2025-12,通常診療,0-4分,,紹介状無し,再診,枠あり予約,,4
乳腺外科,2025-12,通常診療,0-4分,,紹介状無し,初診,枠あり予約,なし,1
乳腺外科,2025-12,通常診療,0-4分,,紹介状無し,初診,枠あり予約,検査中,1
乳腺外科,2025-12,通常診療,10-14分,有,紹介状無し,再診,枠あり予約,なし,13
乳腺外科,2025-12,通常診療,10-14分,有,紹介状無し,再診,枠あり予約,検査中,2
乳腺外科,2025-12,通常診療,10-14分,有,紹介状無し,再診,枠あり予約,検査済,1
乳腺外科,2025-12,通常診療,10-14分,無,紹介状無し,再診,枠あり予約,,5
乳腺外科,2025-12,通常診療,10-14分,,紹介状あり,初診,枠あり予約,なし,4
乳腺外科,2025-12,通常診療,10-14分,,紹介状無し,再診,枠あり予約,なし,45
乳腺外科,2025-12,通常診療,10-14分,,紹介状無し,再診,枠あり予約,検査中,15
乳腺外科,2025-12,通常診療,10-14分,,紹介状無し,再診,枠あり予約,検査済,3
乳腺外科,2025-12,通常診療,10-14分,,紹介状無し,再診,枠あり予約,至急済,3
乳腺外科,2025-12,通常診療,10-14分,,紹介状無し,再診,枠あり予約,,1
乳腺外科,2025-12,通常診療,15-29分,有,紹介状あり,初診,枠あり予約,なし,1
乳腺外科,2025-12,通常診療,15-29分,有,紹介状無し,再診,枠あり予約,なし,11
乳腺外科,2025-12,通常診療,15-29分,有,紹介状無し,再診,枠あり予約,検査中,1
乳腺外科,2025-12,通常診療,15-29分,有,紹介状無し,再診,枠あり予約,検査済,3
乳腺外科,2025-12,通常診療,15-29分,有,紹介状無し,再診,枠あり予約,至急済,2
乳腺外科,2025-12,通常診療,15-29分,無,紹介状無し,再診,枠あり予約,,1
乳腺外科,2025-12,通常診療,15-29分,,紹介状あり,初診,枠あり予約,なし,7
乳腺外科,2025-12,通常診療,15-29分,,紹介状無し,再診,枠あり予約,なし,33
乳腺外科,2025-12,通常診療,15-29分,,紹介状無し,再診,枠あり予約,検査中,1
乳腺外科,2025-12,通常診療,15-29分,,紹介状無し,再診,枠あり予約,検査済,2
乳腺外科,2025-12,通常診療,15-29分,,紹介状無し,再診,枠あり予約,至急済,1
乳腺外科,2025-12,通常診療,15-29分,,紹介状無し,再診,枠あり予約,,1
乳腺外科,2025-12,通常診療,30分以上,有,紹介状無し,再診,枠あり予約,なし,5
乳腺外科,2025-12,通常診療,30分以上,有,紹介状無し,再診,枠あり予約,至急済,1
乳腺外科,2025-12,通常診療,30分以上,,紹介状あり,初診,枠あり予約,なし,2
乳腺外科,2025-12,通常診療,30分以上,,紹介状無し,再診,枠あり予約,なし,7
乳腺外科,2025-12,通常診療,5-9分,有,紹介状あり,初診,枠あり予約,なし,1
乳腺外科,2025-12,通常診療,5-9分,有,紹介状無し,再診,枠あり予約,なし,27
乳腺外科,2025-12,通常診療,5-9分,有,紹介状無し,再診,枠あり予約,検査中,12
乳腺外科,2025-12,通常診療,5-9分,有,紹介状無し,再診,枠あり予約,検査済,11
乳腺外科,2025-12,通常診療,5-9分,有,紹介状無し,再診,枠あり予約,至急済,10
乳腺外科,2025-12,通常診療,5-9分,有,紹介状無し,再診,枠あり予約,,1
乳腺外科,2025-12,通常診療,5-9分,有,紹介状無し,初診,枠あり予約,,1
乳腺外科,2025-12,通常診療,5-9分,無,紹介状無し,再診,枠あり予約,なし,1
乳腺外科,2025-12,通常診療,5-9分,無,紹介状無し,再診,枠あり予約,,8
乳腺外科,2025-12,通常診療,5-9分,,紹介状あり,初診,枠あり予約,なし,15
乳腺外科,2025-12,通常診療,5-9分,,紹介状あり,初診,枠あり予約,,1
乳腺外科,2025-12,通常診療,5-9分,,紹介状無し,再診,枠あり予約,なし,165
乳腺外科,2025-12,通常診療,5-9分,,紹介状無し,再診,枠あり予約,検査中,66
乳腺外科,2025-12,通常診療,5-9分,,紹介状無し,再診,枠あり予約,検査済,27
乳腺外科,2025-12,通常診療,5-9分,,紹介状無し,再診,枠あり予約,至急済,39
乳腺外科,2025-12,通常診療,5-9分,,紹介状無し,再診,枠あり予約,,1
乳腺外科,2025-12,通常診療,5-9分,,紹介状無し,初診,枠あり予約,なし,1
乳腺外科,2025-12,通常診療,5-9分,,紹介状無し,初診,枠あり予約,検査中,1
乳腺外科,2025-12,通常診療,5-9分,,紹介状無し,初診,枠あり予約,,1
乳腺外科,2025-12,通常診療,不明,有,紹介状無し,再診,枠あり予約,なし,6
乳腺外科,2025-12,通常診療,不明,有,紹介状無し,再診,枠あり予約,検査未,1
乳腺外科,2025-12,通常診療,不明,無,紹介状無し,再診,枠あり予約,なし,1
乳腺外科,2025-12,通常診療,不明,,紹介状無し,再診,枠あり予約,なし,29
乳腺外科,2025-12,通常診療,不明,,紹介状無し,再診,枠あり予約,検査中,1
乳腺外科,2025-12,通常診療,不明,,紹介状無し,再診,枠あり予約,検査未,22
乳腺外科,2025-12,通常診療,不明,,紹介状無し,再診,枠あり予約,,2
健診センター,2025-12,通常診療,0-4分,,紹介状無し,再診,枠あり予約,なし,8
健診センター,2025-12,通常診療,10-14分,,紹介状無し,再診,枠あり予約,なし,12
健診センター,2025-12,通常診療,15-29分,,紹介状無し,再診,枠あり予約,なし,12
健診センター,2025-12,通常診療,30分以上,,紹介状無し,再診,枠あり予約,なし,2
健診センター,2025-12,通常診療,5-9分,,紹介状無し,再診,枠あり予約,なし,20
健診センター,2025-12,通常診療,不明,,紹介状無し,再診,枠あり予約,なし,28
入退院支援センター,2025-12,薬のみ,0-4分,有,紹介状無し,再診,枠なし予約,なし,69
入退院支援センター,2025-12,薬のみ,0-4分,無,紹介状無し,再診,枠なし予約,なし,5
入退院支援センター,2025-12,通常診療,0-4分,有,紹介状無し,再診,枠あり予約,なし,578
入退院支援センター,2025-12,通常診療,0-4分,,紹介状無し,再診,枠あり予約,なし,69
内科,2025-12,薬のみ,不明,有,紹介状無し,再診,枠なし予約,なし,1
内科,2025-12,通常診療,0-4分,有,紹介状あり,初診,枠あり予約,,1
内科,2025-12,通常診療,0-4分,有,紹介状無し,再診,枠あり予約,,11
内科,2025-12,通常診療,0-4分,有,紹介状無し,初診,枠あり予約,,8
内科,2025-12,通常診療,0-4分,,紹介状あり,再診,枠あり予約,,4
内科,2025-12,通常診療,0-4分,,紹介状あり,初診,枠あり予約,,10
内科,2025-12,通常診療,0-4分,,紹介状無し,再診,枠あり予約,,48
内科,2025-12,通常診療,0-4分,,紹介状無し,初診,枠あり予約,,66
内科,2025-12,通常診療,10-14分,有,紹介状あり,初診,枠あり予約,,1
内科,2025-12,通常診療,10-14分,有,紹介状無し,再診,枠あり予約,,4
内科,2025-12,通常診療,10-14分,有,紹介状無し,初診,枠あり予約,,2
内科,2025-12,通常診療,10-14分,,紹介状あり,再診,枠あり予約,,1
内科,2025-12,通常診療,10-14分,,紹介状あり,初診,枠あり予約,,1
内科,2025-12,通常診療,10-14分,,紹介状無し,再診,枠あり予約,,10
内科,2025-12,通常診療,10-14分,,紹介状無し,初診,枠あり予約,,14
内科,2025-12,通常診療,15-29分,有,紹介状あり,初診,枠あり予約,,1
内科,2025-12,通常診療,15-29分,有,紹介状無し,再診,枠あり予約,,3
内科,2025-12,通常診療,15-29分,有,紹介状無し,初診,枠あり予約,なし,1
内科,2025-12,通常診療,15-29分,有,紹介状無し,初診,枠あり予約,,2
内科,2025-12,通常診療,15-29分,,紹介状あり,再診,枠あり予約,,3
内科,2025-12,通常診療,15-29分,,紹介状あり,初診,枠あり予約,,6
内科,2025-12,通常診療,15-29分,,紹介状無し,再診,枠あり予約,,23
内科,2025-12,通常診療,15-29分,,紹介状無し,初診,枠あり予約,,33
内科,2025-12,通常診療,30分以上,有,紹介状無し,再診,枠あり予約,,2
内科,2025-12,通常診療,30分以上,有,紹介状無し,初診,枠あり予約,,3
内科,2025-12,通常診療,30分以上,,紹介状あり,再診,枠あり予約,,1
内科,2025-12,通常診療,30分以上,,紹介状あり,初診,枠あり予約,,2
内科,2025-12,通常診療,30分以上,,紹介状無し,再診,枠あり予約,なし,1
内科,2025-12,通常診療,30分以上,,紹介状無し,再診,枠あり予約,,13
内科,2025-12,通常診療,30分以上,,紹介状無し,初診,枠あり予約,,31
内科,2025-12,通常診療,5-9分,有,紹介状あり,再診,枠あり予約,,1
内科,2025-12,通常診療,5-9分,有,紹介状無し,再診,枠あり予約,,6
内科,2025-12,通常診療,5-9分,有,紹介状無し,初診,枠あり予約,,4
内科,2025-12,通常診療,5-9分,,紹介状あり,再診,枠あり予約,,5
内科,2025-12,通常診療,5-9分,,紹介状あり,初診,枠あり予約,なし,1
内科,2025-12,通常診療,5-9分,,紹介状あり,初診,枠あり予約,,5
内科,2025-12,通常診療,5-9分,,紹介状無し,再診,枠あり予約,,14
内科,2025-12,通常診療,5-9分,,紹介状無し,初診,枠あり予約,なし,1
内科,2025-12,通常診療,5-9分,,紹介状無し,初診,枠あり予約,,15
内科,2025-12,通常診療,不明,有,紹介状無し,再診,枠あり予約,,2
内科,2025-12,通常診療,不明,,紹介状無し,再診,枠あり予約,,9
内科,2025-12,通常診療,不明,,紹介状無し,初診,枠あり予約,,16
呼吸器内科,2025-12,薬のみ,0-4分,有,紹介状無し,再診,枠なし予約,なし,38
呼吸器内科,2025-12,薬のみ,0-4分,有,紹介状無し,再診,枠なし予約,検査済,2
呼吸器内科,2025-12,薬のみ,0-4分,無,紹介状無し,再診,枠なし予約,なし,43
呼吸器内科,2025-12,薬のみ,0-4分,無,紹介状無し,再診,枠なし予約,検査済,2
呼吸器内科,2025-12,薬のみ,10-14分,有,紹介状無し,再診,枠なし予約,なし,9
呼吸器内科,2025-12,薬のみ,10-14分,無,紹介状無し,再診,枠なし予約,なし,4
呼吸器内科,2025-12,薬のみ,10-14分,,紹介状無し,再診,枠なし予約,なし,1
呼吸器内科,2025-12,薬のみ,15-29分,有,紹介状無し,再診,枠なし予約,なし,12
呼吸器内科,2025-12,薬のみ,15-29分,有,紹介状無し,再診,枠なし予約,検査済,1
呼吸器内科,2025-12,薬のみ,15-29分,無,紹介状無し,再診,枠なし予約,なし,4
呼吸器内科,2025-12,薬のみ,15-29分,無,紹介状無し,再診,枠なし予約,検査済,1
呼吸器内科,2025-12,薬のみ,15-29分,,紹介状あり,再診,,,1
呼吸器内科,2025-12,薬のみ,15-29分,,紹介状無し,再診,枠なし予約,なし,1
呼吸器内科,2025-12,薬のみ,30分以上,有,紹介状無し,再診,枠なし予約,なし,3
呼吸器内科,2025-12,薬のみ,30分以上,無,紹介状無し,再診,枠なし予約,なし,1
呼吸器内科,2025-12,薬のみ,5-9分,有,紹介状無し,再診,枠なし予約,なし,11
呼吸器内科,2025-12,薬のみ,5-9分,有,紹介状無し,再診,枠なし予約,検査済,3
呼吸器内科,2025-12,薬のみ,5-9分,無,紹介状無し,再診,枠なし予約,なし,6
呼吸器内科,2025-12,薬のみ,5-9分,無,紹介状無し,再診,枠なし予約,検査済,1
呼吸器内科,2025-12,薬のみ,不明,無,紹介状無し,再診,枠なし予約,なし,10
呼吸器内科,2025-12,通常診療,0-4分,有,紹介状あり,初診,枠あり予約,なし,1
呼吸器内科,2025-12,通常診療,0-4分,有,紹介状あり,初診,枠あり予約,,2
呼吸器内科,2025-12,通常診療,0-4分,有,紹介状無し,再診,枠あり予約,なし,57
呼吸器内科,2025-12,通常診療,0-4分,有,紹介状無し,再診,枠あり予約,検査中,2
呼吸器内科,2025-12,通常診療,0-4分,有,紹介状無し,再診,枠あり予約,検査済,24
呼吸器内科,2025-12,通常診療,0-4分,有,紹介状無し,再診,枠あり予約,至急済,3
呼吸器内科,2025-12,通常診療,0-4分,有,紹介状無し,再診,枠あり予約,,1
呼吸器内科,2025-12,通常診療,0-4分,有,紹介状無し,初診,枠あり予約,なし,1
呼吸器内科,2025-12,通常診療,0-4分,無,紹介状無し,再診,枠あり予約,,1
呼吸器内科,2025-12,通常診療,0-4分,,紹介状あり,再診,枠あり予約,,2
呼吸器内科,2025-12,通常診療,0-4分,,紹介状あり,初診,枠あり予約,なし,6
呼吸器内科,2025-12,通常診療,0-4分,,紹介状あり,初診,枠あり予約,至急済,1
呼吸器内科,2025-12,通常診療,0-4分,,紹介状あり,初診,枠あり予約,,4
呼吸器内科,2025-12,通常診療,0-4分,,紹介状無し,再診,枠あり予約,なし,101
呼吸器内科,2025-12,通常診療,0-4分,,紹介状無し,再診,枠あり予約,検査済,56
呼吸器内科,2025-12,通常診療,0-4分,,紹介状無し,再診,枠あり予約,至急済,7
呼吸器内科,2025-12,通常診療,0-4分,,紹介状無し,再診,枠あり予約,,4
呼吸器内科,2025-12,通常診療,0-4分,,紹介状無し,初診,枠あり予約,,1
呼吸器内科,2025-12,通常診療,10-14分,有,紹介状あり,初診,枠あり予約,なし,1
呼吸器内科,2025-12,通常診療,10-14分,有,紹介状あり,初診,枠あり予約,,1
呼吸器内科,2025-12,通常診療,10-14分,有,紹介状無し,再診,枠あり予約,なし,31
呼吸器内科,2025-12,通常診療,10-14分,有,紹介状無し,再診,枠あり予約,検査済,20
呼吸器内科,2025-12,通常診療,10-14分,有,紹介状無し,再診,枠あり予約,至急済,6
呼吸器内科,2025-12,通常診療,10-14分,有,紹介状無し,初診,枠あり予約,なし,1
呼吸器内科,2025-12,通常診療,10-14分,無,紹介状無し,再診,枠あり予約,,1
呼吸器内科,2025-12,通常診療,10-14分,,紹介状あり,初診,枠あり予約,なし,18
呼吸器内科,2025-12,通常診療,10-14分,,紹介状あり,初診,枠あり予約,検査済,1
呼吸器内科,2025-12,通常診療,10-14分,,紹介状あり,初診,枠あり予約,至急済,1
呼吸器内科,2025-12,通常診療,10-14分,,紹介状あり,初診,枠あり予約,,5
呼吸器内科,2025-12,通常診療,10-14分,,紹介状無し,再診,枠あり予約,なし,78
呼吸器内科,2025-12,通常診療,10-14分,,紹介状無し,再診,枠あり予約,検査済,45
呼吸器内科,2025-12,通常診療,10-14分,,紹介状無し,再診,枠あり予約,至急済,21
呼吸器内科,2025-12,通常診療,10-14分,,紹介状無し,初診,枠あり予約,なし,1
呼吸器内科,2025-12,通常診療,15-29分,有,紹介状あり,初診,枠あり予約,なし,3
呼吸器内科,2025-12,通常診療,15-29分,有,紹介状あり,初診,枠あり予約,,1
呼吸器内科,2025-12,通常診療,15-29分,有,紹介状無し,再診,枠あり予約,なし,22
呼吸器内科,2025-12,通常診療,15-29分,有,紹介状無し,再診,枠あり予約,検査中,2
呼吸器内科,2025-12,通常診療,15-29分,有,紹介状無し,再診,枠あり予約,検査済,12
呼吸器内科,2025-12,通常診療,15-29分,有,紹介状無し,再診,枠あり予約,至急済,10
呼吸器内科,2025-12,通常診療,15-29分,,紹介状あり,初診,枠あり予約,なし,12
呼吸器内科,2025-12,通常診療,15-29分,,紹介状あり,初診,枠あり予約,検査済,2
呼吸器内科,2025-12,通常診療,15-29分,,紹介状あり,初診,枠あり予約,至急済,2
呼吸器内科,2025-12,通常診療,15-29分,,紹介状あり,初診,枠あり予約,,5
呼吸器内科,2025-12,通常診療,15-29分,,紹介状無し,再診,枠あり予約,なし,54
呼吸器内科,2025-12,通常診療,15-29分,,紹介状無し,再診,枠あり予約,検査中,2
呼吸器内科,2025-12,通常診療,15-29分,,紹介状無し,再診,枠あり予約,検査済,30
呼吸器内科,2025-12,通常診療,15-29分,,紹介状無し,再診,枠あり予約,至急済,18
呼吸器内科,2025-12,通常診療,15-29分,,紹介状無し,初診,枠あり予約,,1
呼吸器内科,2025-12,通常診療,30分以上,有,紹介状あり,初診,枠あり予約,至急済,1
呼吸器内科,2025-12,通常診療,30分以上,有,紹介状無し,再診,枠あり予約,なし,4
呼吸器内科,2025-12,通常診療,30分以上,有,紹介状無し,再診,枠あり予約,検査済,5
呼吸器内科,2025-12,通常診療,30分以上,有,紹介状無し,再診,枠あり予約,至急済,2
呼吸器内科,2025-12,通常診療,30分以上,有,紹介状無し,初診,枠あり予約,,2
呼吸器内科,2025-12,通常診療,30分以上,無,紹介状無し,再診,枠あり予約,,1
呼吸器内科,2025-12,通常診療,30分以上,,紹介状あり,再診,枠あり予約,,1
呼吸器内科,2025-12,通常診療,30分以上,,紹介状あり,初診,枠あり予約,なし,2
呼吸器内科,2025-12,通常診療,30分以上,,紹介状あり,初診,枠あり予約,検査済,1
呼吸器内科,2025-12,通常診療,30分以上,,紹介状あり,初診,枠あり予約,,3
呼吸器内科,2025-12,通常診療,30分以上,,紹介状無し,再診,枠あり予約,なし,11
呼吸器内科,2025-12,通常診療,30分以上,,紹介状無し,再診,枠あり予約,検査済,1
呼吸器内科,2025-12,通常診療,30分以上,,紹介状無し,再診,枠あり予約,至急済,4
呼吸器内科,2025-12,通常診療,30分以上,,紹介状無し,再診,枠あり予約,,1
呼吸器内科,2025-12,通常診療,5-9分,有,紹介状あり,初診,枠あり予約,なし,3
呼吸器内科,2025-12,通常診療,5-9分,有,紹介状無し,再診,枠あり予約,なし,80
呼吸器内科,2025-12,通常診療,5-9分,有,紹介状無し,再診,枠あり予約,検査中,1
呼吸器内科,2025-12,通常診療,5-9分,有,紹介状無し,再診,枠あり予約,検査済,46
呼吸器内科,2025-12,通常診療,5-9分,有,紹介状無し,再診,枠あり予約,至急済,17
呼吸器内科,2025-12,通常診療,5-9分,,紹介状あり,初診,枠あり予約,なし,12
呼吸器内科,2025-12,通常診療,5-9分,,紹介状あり,初診,枠あり予約,,2
呼吸器内科,2025-12,通常診療,5-9分,,紹介状無し,再診,枠あり予約,なし,144
呼吸器内科,2025-12,通常診療,5-9分,,紹介状無し,再診,枠あり予約,検査中,3
呼吸器内科,2025-12,通常診療,5-9分,,紹介状無し,再診,枠あり予約,検査済,108
呼吸器内科,2025-12,通常診療,5-9分,,紹介状無し,再診,枠あり予約,至急済,40
呼吸器内科,2025-12,通常診療,5-9分,,紹介状無し,初診,枠あり予約,なし,2
呼吸器内科,2025-12,通常診療,不明,有,紹介状無し,再診,枠あり予約,なし,9
呼吸器内科,2025-12,通常診療,不明,有,紹介状無し,再診,枠あり予約,検査未,2
呼吸器内科,2025-12,通常診療,不明,,紹介状無し,再診,枠あり予約,なし,46
呼吸器内科,2025-12,通常診療,不明,,紹介状無し,再診,枠あり予約,検査未,10
呼吸器内科,2025-12,通常診療,不明,,紹介状無し,再診,枠あり予約,検査済,2
呼吸器内科,2025-12,通常診療,不明,,紹介状無し,再診,枠あり予約,,2
呼吸器外科,2025-12,薬のみ,0-4分,有,紹介状無し,再診,枠なし予約,なし,5
呼吸器外科,2025-12,薬のみ,0-4分,無,紹介状無し,再診,枠なし予約,なし,2
呼吸器外科,2025-12,薬のみ,15-29分,有,紹介状無し,再診,枠なし予約,なし,3
呼吸器外科,2025-12,薬のみ,15-29分,無,紹介状無し,再診,枠なし予約,なし,3
呼吸器外科,2025-12,薬のみ,30分以上,有,紹介状無し,再診,枠なし予約,なし,1
呼吸器外科,2025-12,薬のみ,5-9分,有,紹介状無し,再診,枠なし予約,なし,2
呼吸器外科,2025-12,薬のみ,5-9分,無,紹介状無し,再診,枠なし予約,なし,1
呼吸器外科,2025-12,薬のみ,不明,無,紹介状無し,再診,枠なし予約,なし,3
呼吸器外科,2025-12,通常診療,0-4分,有,紹介状あり,初診,枠あり予約,,2
呼吸器外科,2025-12,通常診療,0-4分,有,紹介状無し,再診,枠あり予約,なし,9
呼吸器外科,2025-12,通常診療,0-4分,有,紹介状無し,再診,枠あり予約,検査済,1
呼吸器外科,2025-12,通常診療,0-4分,,紹介状あり,初診,枠あり予約,,1
呼吸器外科,2025-12,通常診療,0-4分,,紹介状無し,再診,枠あり予約,なし,15
呼吸器外科,2025-12,通常診療,0-4分,,紹介状無し,再診,枠あり予約,検査済,7
呼吸器外科,2025-12,通常診療,10-14分,有,紹介状無し,再診,枠あり予約,なし,6
呼吸器外科,2025-12,通常診療,10-14分,有,紹介状無し,再診,枠あり予約,検査済,3
呼吸器外科,2025-12,通常診療,10-14分,有,紹介状無し,再診,枠あり予約,至急済,1
呼吸器外科,2025-12,通常診療,10-14分,,紹介状あり,初診,枠あり予約,なし,1
呼吸器外科,2025-12,通常診療,10-14分,,紹介状無し,再診,枠あり予約,なし,11
呼吸器外科,2025-12,通常診療,10-14分,,紹介状無し,再診,枠あり予約,検査済,11
呼吸器外科,2025-12,通常診療,15-29分,有,紹介状無し,再診,枠あり予約,なし,11
呼吸器外科,2025-12,通常診療,15-29分,,紹介状あり,初診,枠あり予約,なし,1
呼吸器外科,2025-12,通常診療,15-29分,,紹介状無し,再診,枠あり予約,なし,15
呼吸器外科,2025-12,通常診療,15-29分,,紹介状無し,再診,枠あり予約,検査済,4
呼吸器外科,2025-12,通常診療,30分以上,有,紹介状無し,再診,枠あり予約,なし,5
呼吸器外科,2025-12,通常診療,30分以上,,紹介状あり,初診,枠あり予約,なし,1
呼吸器外科,2025-12,通常診療,30分以上,,紹介状無し,再診,枠あり予約,なし,2
呼吸器外科,2025-12,通常診療,30分以上,,紹介状無し,再診,枠あり予約,検査済,1
呼吸器外科,2025-12,通常診療,5-9分,有,紹介状無し,再診,枠あり予約,なし,6
呼吸器外科,2025-12,通常診療,5-9分,有,紹介状無し,再診,枠あり予約,検査済,4
呼吸器外科,2025-12,通常診療,5-9分,有,紹介状無し,再診,枠あり予約,至急済,2
呼吸器外科,2025-12,通常診療,5-9分,,紹介状無し,再診,枠あり予約,なし,36
呼吸器外科,2025-12,通常診療,5-9分,,紹介状無し,再診,枠あり予約,検査済,19
呼吸器外科,2025-12,通常診療,5-9分,,紹介状無し,再診,枠あり予約,至急済,12
呼吸器外科,2025-12,通常診療,5-9分,,紹介状無し,再診,枠あり予約,,1
呼吸器外科,2025-12,通常診療,5-9分,,紹介状無し,初診,枠あり予約,なし,1
呼吸器外科,2025-12,通常診療,不明,有,紹介状無し,再診,枠あり予約,なし,1
呼吸器外科,2025-12,通常診療,不明,,紹介状無し,再診,枠あり予約,なし,6
呼吸器外科,2025-12,通常診療,不明,,紹介状無し,再診,枠あり予約,検査未,1
外来手術室,2025-12,薬のみ,0-4分,有,紹介状無し,再診,枠なし予約,なし,20
外来手術室,2025-12,薬のみ,0-4分,無,紹介状無し,再診,枠なし予約,なし,39
外来手術室,2025-12,薬のみ,不明,有,紹介状無し,再診,枠なし予約,なし,3
外来手術室,2025-12,薬のみ,不明,無,紹介状無し,再診,枠なし予約,なし,3
外来手術室,2025-12,通常診療,0-4分,有,紹介状無し,再診,枠あり予約,なし,132
外来手術室,2025-12,通常診療,0-4分,,紹介状無し,再診,枠あり予約,なし,194
外来手術室,2025-12,通常診療,不明,有,紹介状無し,再診,枠あり予約,なし,8
外来手術室,2025-12,通常診療,不明,,紹介状無し,再診,枠あり予約,なし,44
小児科,2025-12,薬のみ,0-4分,有,紹介状無し,再診,枠なし予約,なし,9
小児科,2025-12,薬のみ,0-4分,無,紹介状無し,再診,枠なし予約,なし,18
小児科,2025-12,薬のみ,0-4分,無,紹介状無し,再診,枠なし予約,検査済,1
小児科,2025-12,薬のみ,10-14分,無,紹介状無し,再診,枠なし予約,なし,3
小児科,2025-12,薬のみ,10-14分,無,紹介状無し,再診,,なし,1
小児科,2025-12,薬のみ,15-29分,有,紹介状無し,再診,枠なし予約,なし,1
小児科,2025-12,薬のみ,15-29分,無,紹介状無し,再診,枠なし予約,なし,12
小児科,2025-12,薬のみ,30分以上,無,紹介状無し,再診,枠なし予約,なし,3
小児科,2025-12,薬のみ,5-9分,有,紹介状無し,再診,枠なし予約,なし,1
小児科,2025-12,薬のみ,5-9分,有,紹介状無し,再診,,なし,1
小児科,2025-12,薬のみ,5-9分,無,紹介状無し,再診,枠なし予約,なし,6
小児科,2025-12,薬のみ,不明,有,紹介状無し,再診,枠なし予約,なし,1
小児科,2025-12,薬のみ,不明,無,紹介状無し,再診,枠なし予約,なし,2
小児科,2025-12,通常診療,0-4分,有,紹介状あり,初診,枠あり予約,なし,1
小児科,2025-12,通常診療,0-4分,有,紹介状無し,再診,枠あり予約,なし,9
小児科,2025-12,通常診療,0-4分,有,紹介状無し,再診,枠あり予約,,1
小児科,2025-12,通常診療,0-4分,無,紹介状あり,初診,枠あり予約,なし,1
小児科,2025-12,通常診療,0-4分,無,紹介状無し,再診,枠あり予約,なし,1
小児科,2025-12,通常診療,0-4分,,紹介状あり,初診,枠あり予約,なし,2
小児科,2025-12,通常診療,0-4分,,紹介状あり,初診,枠あり予約,,8
小児科,2025-12,通常診療,0-4分,,紹介状無し,再診,枠あり予約,なし,25
小児科,2025-12,通常診療,0-4分,,紹介状無し,再診,枠あり予約,検査済,11
小児科,2025-12,通常診療,0-4分,,紹介状無し,再診,枠あり予約,至急済,4
小児科,2025-12,通常診療,0-4分,,紹介状無し,再診,枠あり予約,,4
小児科,2025-12,通常診療,0-4分,,紹介状無し,初診,枠あり予約,,7
小児科,2025-12,通常診療,10-14分,有,紹介状無し,再診,枠あり予約,なし,1
小児科,2025-12,通常診療,10-14分,有,紹介状無し,初診,枠あり予約,,1
小児科,2025-12,通常診療,10-14分,,紹介状あり,初診,枠あり予約,なし,3
小児科,2025-12,通常診療,10-14分,,紹介状あり,初診,枠あり予約,,5
小児科,2025-12,通常診療,10-14分,,紹介状無し,再診,枠あり予約,なし,66
小児科,2025-12,通常診療,10-14分,,紹介状無し,再診,枠あり予約,検査済,5
小児科,2025-12,通常診療,10-14分,,紹介状無し,再診,枠あり予約,至急済,5
小児科,2025-12,通常診療,10-14分,,紹介状無し,初診,枠あり予約,,8
小児科,2025-12,通常診療,15-29分,有,紹介状あり,初診,枠あり予約,なし,2
小児科,2025-12,通常診療,15-29分,有,紹介状無し,再診,枠あり予約,なし,10
小児科,2025-12,通常診療,15-29分,有,紹介状無し,再診,枠あり予約,検査済,1
小児科,2025-12,通常診療,15-29分,有,紹介状無し,初診,枠あり予約,なし,1
小児科,2025-12,通常診療,15-29分,無,紹介状無し,再診,枠あり予約,なし,1
小児科,2025-12,通常診療,15-29分,,紹介状あり,初診,枠あり予約,なし,3
小児科,2025-12,通常診療,15-29分,,紹介状あり,初診,枠あり予約,,7
小児科,2025-12,通常診療,15-29分,,紹介状無し,再診,枠あり予約,なし,115
小児科,2025-12,通常診療,15-29分,,紹介状無し,再診,枠あり予約,検査未,1
小児科,2025-12,通常診療,15-29分,,紹介状無し,再診,枠あり予約,検査済,17
小児科,2025-12,通常診療,15-29分,,紹介状無し,再診,枠あり予約,至急済,4
小児科,2025-12,通常診療,15-29分,,紹介状無し,再診,枠あり予約,,4
小児科,2025-12,通常診療,15-29分,,紹介状無し,初診,枠あり予約,,19
小児科,2025-12,通常診療,30分以上,有,紹介状あり,初診,枠あり予約,なし,2
小児科,2025-12,通常診療,30分以上,有,紹介状無し,再診,枠あり予約,なし,2
小児科,2025-12,通常診療,30分以上,無,紹介状無し,再診,枠あり予約,なし,1
小児科,2025-12,通常診療,30分以上,無,紹介状無し,再診,枠あり予約,,1
小児科,2025-12,通常診療,30分以上,,紹介状あり,初診,枠あり予約,なし,4
小児科,2025-12,通常診療,30分以上,,紹介状あり,初診,枠あり予約,,5
小児科,2025-12,通常診療,30分以上,,紹介状無し,再診,枠あり予約,なし,59
小児科,2025-12,通常診療,30分以上,,紹介状無し,再診,枠あり予約,検査済,4
小児科,2025-12,通常診療,30分以上,,紹介状無し,再診,枠あり予約,至急済,5
小児科,2025-12,通常診療,30分以上,,紹介状無し,再診,枠あり予約,,3
小児科,2025-12,通常診療,30分以上,,紹介状無し,初診,枠あり予約,,12
小児科,2025-12,通常診療,5-9分,有,紹介状無し,再診,枠あり予約,なし,1
小児科,2025-12,通常診療,5-9分,無,紹介状無し,再診,枠あり予約,なし,1
小児科,2025-12,通常診療,5-9分,無,紹介状無し,再診,枠あり予約,,1
小児科,2025-12,通常診療,5-9分,,紹介状あり,初診,枠あり予約,,5
小児科,2025-12,通常診療,5-9分,,紹介状無し,再診,枠あり予約,なし,38
小児科,2025-12,通常診療,5-9分,,紹介状無し,再診,枠あり予約,検査中,1
小児科,2025-12,通常診療,5-9分,,紹介状無し,再診,枠あり予約,検査済,16
小児科,2025-12,通常診療,5-9分,,紹介状無し,再診,枠あり予約,至急済,1
小児科,2025-12,通常診療,5-9分,,紹介状無し,初診,枠あり予約,,9
小児科,2025-12,通常診療,不明,有,紹介状無し,再診,枠あり予約,なし,4
小児科,2025-12,通常診療,不明,,紹介状あり,再診,枠あり予約,,1
小児科,2025-12,通常診療,不明,,紹介状あり,初診,枠あり予約,,1
小児科,2025-12,通常診療,不明,,紹介状無し,再診,枠あり予約,なし,33
小児科,2025-12,通常診療,不明,,紹介状無し,再診,枠あり予約,,4
小児科,2025-12,通常診療,不明,,紹介状無し,初診,枠あり予約,,7
形成外科,2025-12,薬のみ,0-4分,有,紹介状無し,再診,枠なし予約,なし,25
形成外科,2025-12,薬のみ,0-4分,無,紹介状無し,再診,枠なし予約,なし,20
形成外科,2025-12,薬のみ,0-4分,無,紹介状無し,再診,,なし,1
形成外科,2025-12,薬のみ,10-14分,有,紹介状無し,再診,枠なし予約,なし,4
形成外科,2025-12,薬のみ,10-14分,有,紹介状無し,再診,,なし,1
形成外科,2025-12,薬のみ,10-14分,無,紹介状無し,再診,枠なし予約,なし,11
形成外科,2025-12,薬のみ,15-29分,有,紹介状無し,再診,枠なし予約,なし,10
形成外科,2025-12,薬のみ,15-29分,有,紹介状無し,再診,,なし,2
形成外科,2025-12,薬のみ,15-29分,無,紹介状無し,再診,枠なし予約,なし,18
形成外科,2025-12,薬のみ,15-29分,無,紹介状無し,再診,,,1
形成外科,2025-12,薬のみ,30分以上,有,紹介状無し,再診,枠なし予約,なし,7
形成外科,2025-12,薬のみ,30分以上,無,紹介状無し,再診,枠なし予約,なし,6
形成外科,2025-12,薬のみ,5-9分,有,紹介状無し,再診,枠なし予約,なし,19
形成外科,2025-12,薬のみ,5-9分,無,紹介状無し,再診,枠なし予約,なし,10
形成外科,2025-12,薬のみ,5-9分,無,紹介状無し,再診,,なし,1
形成外科,2025-12,薬のみ,不明,有,紹介状無し,再診,枠なし予約,なし,1
形成外科,2025-12,薬のみ,不明,無,紹介状無し,再診,枠なし予約,なし,11
形成外科,2025-12,薬のみ,不明,,紹介状無し,再診,枠なし予約,なし,1
形成外科,2025-12,通常診療,0-4分,有,紹介状無し,再診,枠あり予約,なし,25
形成外科,2025-12,通常診療,0-4分,,紹介状あり,初診,枠あり予約,なし,1
形成外科,2025-12,通常診療,0-4分,,紹介状無し,再診,枠あり予約,なし,70
形成外科,2025-12,通常診療,0-4分,,紹介状無し,再診,枠あり予約,,2
形成外科,2025-12,通常診療,0-4分,,紹介状無し,初診,枠あり予約,,1
形成外科,2025-12,通常診療,10-14分,有,紹介状あり,初診,枠あり予約,なし,1
形成外科,2025-12,通常診療,10-14分,有,紹介状無し,再診,枠あり予約,なし,21
形成外科,2025-12,通常診療,10-14分,有,紹介状無し,初診,枠あり予約,なし,1
形成外科,2025-12,通常診療,10-14分,,紹介状あり,初診,枠あり予約,なし,8
形成外科,2025-12,通常診療,10-14分,,紹介状あり,初診,枠あり予約,,1
形成外科,2025-12,通常診療,10-14分,,紹介状無し,再診,枠あり予約,なし,42
形成外科,2025-12,通常診療,10-14分,,紹介状無し,初診,枠あり予約,なし,1
形成外科,2025-12,通常診療,15-29分,有,紹介状あり,初診,枠あり予約,なし,1
形成外科,2025-12,通常診療,15-29分,有,紹介状無し,再診,枠あり予約,なし,18
形成外科,2025-12,通常診療,15-29分,,紹介状あり,初診,枠あり予約,なし,12
形成外科,2025-12,通常診療,15-29分,,紹介状あり,初診,枠あり予約,,1
形成外科,2025-12,通常診療,15-29分,,紹介状無し,再診,枠あり予約,なし,57
形成外科,2025-12,通常診療,30分以上,有,紹介状無し,再診,枠あり予約,なし,6
形成外科,2025-12,通常診療,30分以上,,紹介状あり,初診,枠あり予約,なし,2
形成外科,2025-12,通常診療,30分以上,,紹介状あり,初診,枠あり予約,検査未,1
形成外科,2025-12,通常診療,30分以上,,紹介状無し,再診,枠あり予約,なし,11
形成外科,2025-12,通常診療,30分以上,,紹介状無し,初診,枠あり予約,,1
形成外科,2025-12,通常診療,5-9分,有,紹介状無し,再診,枠あり予約,なし,23
形成外科,2025-12,通常診療,5-9分,,紹介状あり,初診,枠あり予約,なし,3
形成外科,2025-12,通常診療,5-9分,,紹介状無し,再診,枠あり予約,なし,99
形成外科,2025-12,通常診療,不明,有,紹介状無し,再診,枠あり予約,なし,7
形成外科,2025-12,通常診療,不明,,紹介状あり,初診,枠あり予約,なし,1
形成外科,2025-12,通常診療,不明,,紹介状無し,再診,枠あり予約,なし,25
形成外科,2025-12,通常診療,不明,,紹介状無し,再診,枠あり予約,検査済,1
循環器内科,2025-12,薬のみ,0-4分,有,紹介状無し,再診,枠なし予約,なし,49
循環器内科,2025-12,薬のみ,0-4分,有,紹介状無し,再診,枠なし予約,検査済,1
循環器内科,2025-12,薬のみ,0-4分,無,紹介状無し,再診,枠なし予約,なし,62
循環器内科,2025-12,薬のみ,0-4分,,紹介状無し,再診,枠なし予約,なし,1
循環器内科,2025-12,薬のみ,10-14分,有,紹介状無し,再診,枠なし予約,なし,3
循環器内科,2025-12,薬のみ,10-14分,無,紹介状無し,再診,枠なし予約,なし,3
循環器内科,2025-12,薬のみ,10-14分,無,紹介状無し,再診,枠なし予約,検査済,2
循環器内科,2025-12,薬のみ,15-29分,有,紹介状無し,再診,枠なし予約,なし,5
循環器内科,2025-12,薬のみ,15-29分,無,紹介状無し,再診,枠なし予約,なし,8
循環器内科,2025-12,薬のみ,15-29分,無,紹介状無し,再診,枠なし予約,検査済,2
循環器内科,2025-12,薬のみ,30分以上,有,紹介状無し,再診,枠なし予約,なし,2
循環器内科,2025-12,薬のみ,30分以上,無,紹介状無し,再診,枠なし予約,なし,1
循環器内科,2025-12,薬のみ,30分以上,無,紹介状無し,再診,枠なし予約,至急済,1
循環器内科,2025-12,薬のみ,5-9分,有,紹介状無し,再診,枠なし予約,なし,12
循環器内科,2025-12,薬のみ,5-9分,無,紹介状無し,再診,枠なし予約,なし,8
循環器内科,2025-12,薬のみ,5-9分,無,紹介状無し,再診,枠なし予約,検査済,3
循環器内科,2025-12,薬のみ,不明,有,紹介状無し,再診,枠なし予約,なし,1
循環器内科,2025-12,薬のみ,不明,無,紹介状無し,再診,枠なし予約,なし,7
循環器内科,2025-12,通常診療,0-4分,有,紹介状あり,再診,枠あり予約,,1
循環器内科,2025-12,通常診療,0-4分,有,紹介状あり,初診,枠あり予約,,1
循環器内科,2025-12,通常診療,0-4分,有,紹介状無し,再診,枠あり予約,なし,12
循環器内科,2025-12,通常診療,0-4分,有,紹介状無し,再診,枠あり予約,検査済,30
循環器内科,2025-12,通常診療,0-4分,有,紹介状無し,再診,枠あり予約,至急済,1
循環器内科,2025-12,通常診療,0-4分,有,紹介状無し,再診,枠あり予約,,3
循環器内科,2025-12,通常診療,0-4分,無,紹介状無し,再診,枠あり予約,,8
循環器内科,2025-12,通常診療,0-4分,,紹介状あり,再診,枠あり予約,,4
循環器内科,2025-12,通常診療,0-4分,,紹介状あり,初診,枠あり予約,なし,6
循環器内科,2025-12,通常診療,0-4分,,紹介状あり,初診,枠あり予約,,8
循環器内科,2025-12,通常診療,0-4分,,紹介状無し,再診,枠あり予約,なし,77
循環器内科,2025-12,通常診療,0-4分,,紹介状無し,再診,枠あり予約,検査未,1
循環器内科,2025-12,通常診療,0-4分,,紹介状無し,再診,枠あり予約,検査済,128
循環器内科,2025-12,通常診療,0-4分,,紹介状無し,再診,枠あり予約,至急済,8
循環器内科,2025-12,通常診療,0-4分,,紹介状無し,再診,枠あり予約,,8
循環器内科,2025-12,通常診療,0-4分,,紹介状無し,初診,枠あり予約,なし,2
循環器内科,2025-12,通常診療,0-4分,,紹介状無し,初診,枠あり予約,,7
循環器内科,2025-12,通常診療,10-14分,有,紹介状あり,初診,枠あり予約,なし,1
循環器内科,2025-12,通常診療,10-14分,有,紹介状無し,再診,枠あり予約,なし,13
循環器内科,2025-12,通常診療,10-14分,有,紹介状無し,再診,枠あり予約,検査済,38
循環器内科,2025-12,通常診療,10-14分,無,紹介状無し,再診,枠あり予約,なし,1
循環器内科,2025-12,通常診療,10-14分,無,紹介状無し,再診,枠あり予約,,2
循環器内科,2025-12,通常診療,10-14分,,紹介状あり,初診,枠あり予約,なし,15
循環器内科,2025-12,通常診療,10-14分,,紹介状あり,初診,枠あり予約,検査済,2
循環器内科,2025-12,通常診療,10-14分,,紹介状あり,初診,枠あり予約,,5
循環器内科,2025-12,通常診療,10-14分,,紹介状無し,再診,枠あり予約,なし,51
循環器内科,2025-12,通常診療,10-14分,,紹介状無し,再診,枠あり予約,検査済,144
循環器内科,2025-12,通常診療,10-14分,,紹介状無し,再診,枠あり予約,至急済,3
循環器内科,2025-12,通常診療,10-14分,,紹介状無し,再診,枠あり予約,,2
循環器内科,2025-12,通常診療,10-14分,,紹介状無し,初診,枠あり予約,なし,3
循環器内科,2025-12,通常診療,10-14分,,紹介状無し,初診,枠あり予約,,2
循環器内科,2025-12,通常診療,15-29分,有,紹介状あり,初診,枠あり予約,なし,2
循環器内科,2025-12,通常診療,15-29分,有,紹介状無し,再診,枠あり予約,なし,13
循環器内科,2025-12,通常診療,15-29分,有,紹介状無し,再診,枠あり予約,検査済,15
循環器内科,2025-12,通常診療,15-29分,有,紹介状無し,再診,枠あり予約,至急済,2
循環器内科,2025-12,通常診療,15-29分,有,紹介状無し,再診,枠あり予約,,2
循環器内科,2025-12,通常診療,15-29分,無,紹介状あり,再診,枠あり予約,,2
循環器内科,2025-12,通常診療,15-29分,無,紹介状無し,再診,枠あり予約,,4
循環器内科,2025-12,通常診療,15-29分,,紹介状あり,再診,枠あり予約,,1
循環器内科,2025-12,通常診療,15-29分,,紹介状あり,初診,枠あり予約,なし,25
循環器内科,2025-12,通常診療,15-29分,,紹介状あり,初診,枠あり予約,検査済,4
循環器内科,2025-12,通常診療,15-29分,,紹介状あり,初診,枠あり予約,,12
循環器内科,2025-12,通常診療,15-29分,,紹介状無し,再診,枠あり予約,なし,45
循環器内科,2025-12,通常診療,15-29分,,紹介状無し,再診,枠あり予約,検査未,1
循環器内科,2025-12,通常診療,15-29分,,紹介状無し,再診,枠あり予約,検査済,113
循環器内科,2025-12,通常診療,15-29分,,紹介状無し,再診,枠あり予約,至急済,5
循環器内科,2025-12,通常診療,15-29分,,紹介状無し,再診,枠あり予約,,3
循環器内科,2025-12,通常診療,15-29分,,紹介状無し,初診,枠あり予約,,3
循環器内科,2025-12,通常診療,30分以上,有,紹介状あり,初診,枠あり予約,なし,1
循環器内科,2025-12,通常診療,30分以上,有,紹介状無し,再診,枠あり予約,なし,2
循環器内科,2025-12,通常診療,30分以上,有,紹介状無し,再診,枠あり予約,,1
循環器内科,2025-12,通常診療,30分以上,無,紹介状無し,再診,枠あり予約,,1
循環器内科,2025-12,通常診療,30分以上,,紹介状あり,初診,枠あり予約,なし,2
循環器内科,2025-12,通常診療,30分以上,,紹介状あり,初診,枠あり予約,,1
循環器内科,2025-12,通常診療,30分以上,,紹介状無し,再診,枠あり予約,なし,4
循環器内科,2025-12,通常診療,30分以上,,紹介状無し,再診,枠あり予約,検査済,10
循環器内科,2025-12,通常診療,30分以上,,紹介状無し,再診,枠あり予約,,3
循環器内科,2025-12,通常診療,30分以上,,紹介状無し,初診,枠あり予約,,4
循環器内科,2025-12,通常診療,5-9分,有,紹介状あり,初診,枠あり予約,なし,1
循環器内科,2025-12,通常診療,5-9分,有,紹介状無し,再診,枠あり予約,なし,22
循環器内科,2025-12,通常診療,5-9分,有,紹介状無し,再診,枠あり予約,検査済,51
循環器内科,2025-12,通常診療,5-9分,有,紹介状無し,再診,枠あり予約,至急済,5
循環器内科,2025-12,通常診療,5-9分,有,紹介状無し,再診,枠あり予約,,2
循環器内科,2025-12,通常診療,5-9分,無,紹介状無し,再診,枠あり予約,,6
循環器内科,2025-12,通常診療,5-9分,,紹介状あり,初診,枠あり予約,なし,15
循環器内科,2025-12,通常診療,5-9分,,紹介状あり,初診,枠あり予約,至急済,1
循環器内科,2025-12,通常診療,5-9分,,紹介状あり,初診,枠あり予約,,3
循環器内科,2025-12,通常診療,5-9分,,紹介状無し,再診,枠あり予約,なし,123
循環器内科,2025-12,通常診療,5-9分,,紹介状無し,再診,枠あり予約,検査済,274
循環器内科,2025-12,通常診療,5-9分,,紹介状無し,再診,枠あり予約,至急済,10
循環器内科,2025-12,通常診療,5-9分,,紹介状無し,再診,枠あり予約,,4
循環器内科,2025-12,通常診療,5-9分,,紹介状無し,初診,枠あり予約,,2
循環器内科,2025-12,通常診療,不明,有,紹介状無し,再診,枠あり予約,なし,3
循環器内科,2025-12,通常診療,不明,有,紹介状無し,再診,枠あり予約,検査未,3
循環器内科,2025-12,通常診療,不明,有,紹介状無し,再診,枠あり予約,検査済,1
循環器内科,2025-12,通常診療,不明,有,紹介状無し,初診,枠あり予約,,1
循環器内科,2025-12,通常診療,不明,,紹介状あり,初診,枠あり予約,なし,1
循環器内科,2025-12,通常診療,不明,,紹介状あり,初診,枠あり予約,,1
循環器内科,2025-12,通常診療,不明,,紹介状無し,再診,枠あり予約,なし,13
循環器内科,2025-12,通常診療,不明,,紹介状無し,再診,枠あり予約,検査未,33
循環器内科,2025-12,通常診療,不明,,紹介状無し,再診,枠あり予約,検査済,6
循環器内科,2025-12,通常診療,不明,,紹介状無し,再診,枠あり予約,,2
循環器内科,2025-12,通常診療,不明,,紹介状無し,初診,枠あり予約,,1
心臓血管外科,2025-12,薬のみ,0-4分,有,紹介状無し,再診,枠なし予約,なし,3
心臓血管外科,2025-12,薬のみ,0-4分,無,紹介状無し,再診,枠なし予約,なし,4
心臓血管外科,2025-12,薬のみ,10-14分,無,紹介状無し,再診,枠なし予約,なし,5
心臓血管外科,2025-12,薬のみ,15-29分,無,紹介状無し,再診,枠なし予約,なし,5
心臓血管外科,2025-12,薬のみ,30分以上,無,紹介状無し,再診,枠なし予約,なし,1
心臓血管外科,2025-12,薬のみ,5-9分,無,紹介状無し,再診,枠なし予約,なし,1
心臓血管外科,2025-12,薬のみ,不明,有,紹介状無し,再診,枠なし予約,なし,3
心臓血管外科,2025-12,薬のみ,不明,無,紹介状無し,再診,枠なし予約,なし,2
心臓血管外科,2025-12,通常診療,0-4分,有,紹介状無し,再診,枠あり予約,なし,2
心臓血管外科,2025-12,通常診療,0-4分,,紹介状あり,初診,枠あり予約,,1
心臓血管外科,2025-12,通常診療,0-4分,,紹介状無し,再診,枠あり予約,なし,8
心臓血管外科,2025-12,通常診療,10-14分,有,紹介状無し,再診,枠あり予約,なし,2
心臓血管外科,2025-12,通常診療,10-14分,,紹介状無し,再診,枠あり予約,なし,28
心臓血管外科,2025-12,通常診療,10-14分,,紹介状無し,再診,枠あり予約,検査済,3
心臓血管外科,2025-12,通常診療,15-29分,有,紹介状あり,初診,枠あり予約,なし,1
心臓血管外科,2025-12,通常診療,15-29分,有,紹介状無し,再診,枠あり予約,なし,15
心臓血管外科,2025-12,通常診療,15-29分,有,紹介状無し,再診,枠あり予約,検査済,1
心臓血管外科,2025-12,通常診療,15-29分,無,紹介状無し,再診,枠あり予約,,1
心臓血管外科,2025-12,通常診療,15-29分,,紹介状あり,初診,枠あり予約,なし,1
心臓血管外科,2025-12,通常診療,15-29分,,紹介状あり,初診,枠あり予約,,1
心臓血管外科,2025-12,通常診療,15-29分,,紹介状無し,再診,枠あり予約,なし,36
心臓血管外科,2025-12,通常診療,15-29分,,紹介状無し,再診,枠あり予約,検査済,21
心臓血管外科,2025-12,通常診療,30分以上,有,紹介状無し,再診,枠あり予約,なし,1
心臓血管外科,2025-12,通常診療,30分以上,,紹介状無し,再診,枠あり予約,なし,19
心臓血管外科,2025-12,通常診療,30分以上,,紹介状無し,再診,枠あり予約,検査済,3
心臓血管外科,2025-12,通常診療,30分以上,,紹介状無し,再診,枠あり予約,,1
心臓血管外科,2025-12,通常診療,5-9分,有,紹介状無し,再診,枠あり予約,なし,3
心臓血管外科,2025-12,通常診療,5-9分,無,紹介状無し,再診,枠あり予約,なし,1
心臓血管外科,2025-12,通常診療,5-9分,無,紹介状無し,再診,枠あり予約,,1
心臓血管外科,2025-12,通常診療,5-9分,,紹介状無し,再診,枠あり予約,なし,25
心臓血管外科,2025-12,通常診療,不明,,紹介状無し,再診,枠あり予約,なし,8
心臓血管外科,2025-12,通常診療,不明,,紹介状無し,再診,枠あり予約,検査未,1
感染症,2025-12,薬のみ,0-4分,有,紹介状無し,再診,枠なし予約,なし,1
感染症,2025-12,薬のみ,0-4分,無,紹介状無し,再診,枠なし予約,なし,6
感染症,2025-12,薬のみ,10-14分,有,紹介状無し,再診,枠なし予約,なし,2
感染症,2025-12,薬のみ,10-14分,無,紹介状無し,再診,枠なし予約,なし,2
感染症,2025-12,薬のみ,15-29分,無,紹介状無し,再診,枠なし予約,なし,1
感染症,2025-12,薬のみ,30分以上,無,紹介状無し,再診,枠なし予約,なし,2
感染症,2025-12,薬のみ,5-9分,有,紹介状無し,再診,枠なし予約,なし,1
感染症,2025-12,薬のみ,5-9分,無,紹介状無し,再診,枠なし予約,なし,1
感染症,2025-12,薬のみ,不明,有,紹介状無し,再診,枠なし予約,なし,2
感染症,2025-12,薬のみ,不明,無,紹介状無し,再診,枠なし予約,なし,2
感染症,2025-12,通常診療,0-4分,有,紹介状無し,再診,枠あり予約,なし,3
感染症,2025-12,通常診療,0-4分,,紹介状無し,再診,枠あり予約,なし,4
感染症,2025-12,通常診療,5-9分,有,紹介状無し,再診,枠あり予約,なし,1
感染症,2025-12,通常診療,不明,有,紹介状無し,再診,枠あり予約,なし,1
感染症,2025-12,通常診療,不明,,紹介状無し,再診,枠あり予約,なし,7
放射線治療科,2025-12,薬のみ,0-4分,有,紹介状無し,再診,枠なし予約,なし,33
放射線治療科,2025-12,薬のみ,0-4分,無,紹介状無し,再診,枠なし予約,なし,113
放射線治療科,2025-12,薬のみ,0-4分,,紹介状無し,再診,枠なし予約,なし,1
放射線治療科,2025-12,薬のみ,10-14分,有,紹介状無し,再診,枠なし予約,なし,15
放射線治療科,2025-12,薬のみ,10-14分,無,紹介状無し,再診,枠なし予約,なし,6
放射線治療科,2025-12,薬のみ,15-29分,有,紹介状無し,再診,枠なし予約,なし,9
放射線治療科,2025-12,薬のみ,15-29分,無,紹介状無し,再診,枠なし予約,なし,4
放射線治療科,2025-12,薬のみ,30分以上,有,紹介状無し,再診,枠なし予約,なし,4
放射線治療科,2025-12,薬のみ,30分以上,無,紹介状無し,再診,枠なし予約,なし,4
放射線治療科,2025-12,薬のみ,5-9分,有,紹介状無し,再診,枠なし予約,なし,8
放射線治療科,2025-12,薬のみ,5-9分,無,紹介状無し,再診,枠なし予約,なし,21
放射線治療科,2025-12,薬のみ,不明,有,紹介状無し,再診,枠なし予約,なし,4
放射線治療科,2025-12,薬のみ,不明,無,紹介状無し,再診,枠なし予約,なし,9
放射線治療科,2025-12,通常診療,0-4分,有,紹介状あり,初診,枠あり予約,なし,1
放射線治療科,2025-12,通常診療,0-4分,有,紹介状無し,再診,枠あり予約,なし,329
放射線治療科,2025-12,通常診療,0-4分,有,紹介状無し,再診,枠あり予約,検査未,8
放射線治療科,2025-12,通常診療,0-4分,,紹介状無し,再診,枠あり予約,なし,105
放射線治療科,2025-12,通常診療,0-4分,,紹介状無し,再診,枠あり予約,,1
放射線治療科,2025-12,通常診療,10-14分,有,紹介状無し,再診,枠あり予約,なし,25
放射線治療科,2025-12,通常診療,10-14分,有,紹介状無し,再診,枠あり予約,検査未,1
放射線治療科,2025-12,通常診療,10-14分,,紹介状無し,再診,枠あり予約,なし,15
放射線治療科,2025-12,通常診療,15-29分,有,紹介状あり,初診,枠あり予約,なし,2
放射線治療科,2025-12,通常診療,15-29分,有,紹介状無し,再診,枠あり予約,なし,26
放射線治療科,2025-12,通常診療,15-29分,,紹介状無し,再診,枠あり予約,なし,17
放射線治療科,2025-12,通常診療,30分以上,有,紹介状あり,初診,枠あり予約,なし,1
放射線治療科,2025-12,通常診療,30分以上,有,紹介状無し,再診,枠あり予約,なし,12
放射線治療科,2025-12,通常診療,30分以上,,紹介状無し,再診,枠あり予約,なし,5
放射線治療科,2025-12,通常診療,5-9分,有,紹介状無し,再診,枠あり予約,なし,108
放射線治療科,2025-12,通常診療,5-9分,有,紹介状無し,再診,枠あり予約,検査未,1
放射線治療科,2025-12,通常診療,5-9分,,紹介状無し,再診,枠あり予約,なし,43
放射線治療科,2025-12,通常診療,5-9分,,紹介状無し,再診,枠あり予約,検査済,1
放射線治療科,2025-12,通常診療,不明,有,紹介状無し,再診,枠あり予約,なし,26
放射線治療科,2025-12,通常診療,不明,,紹介状無し,再診,枠あり予約,なし,11
放射線診断科,2025-12,薬のみ,不明,無,紹介状無し,再診,枠なし予約,なし,1
放射線診断科,2025-12,通常診療,不明,,紹介状無し,再診,枠あり予約,なし,2
救急科,2025-12,薬のみ,0-4分,有,紹介状無し,再診,枠なし予約,なし,1
救急科,2025-12,薬のみ,10-14分,無,紹介状無し,再診,枠なし予約,なし,1
救急科,2025-12,薬のみ,不明,有,紹介状無し,再診,枠なし予約,なし,7
救急科,2025-12,薬のみ,不明,無,紹介状無し,再診,枠なし予約,なし,16
救急科,2025-12,通常診療,0-4分,有,紹介状あり,初診,枠あり予約,,1
救急科,2025-12,通常診療,0-4分,有,紹介状無し,再診,枠あり予約,,8
救急科,2025-12,通常診療,0-4分,有,紹介状無し,初診,枠あり予約,,17
救急科,2025-12,通常診療,0-4分,,紹介状あり,再診,枠あり予約,,3
救急科,2025-12,通常診療,0-4分,,紹介状あり,初診,枠あり予約,,1
救急科,2025-12,通常診療,0-4分,,紹介状無し,再診,枠あり予約,,35
救急科,2025-12,通常診療,0-4分,,紹介状無し,初診,枠あり予約,,88
救急科,2025-12,通常診療,10-14分,有,紹介状無し,再診,枠あり予約,,2
救急科,2025-12,通常診療,10-14分,有,紹介状無し,初診,枠あり予約,,2
救急科,2025-12,通常診療,10-14分,,紹介状無し,再診,枠あり予約,,5
救急科,2025-12,通常診療,10-14分,,紹介状無し,初診,枠あり予約,,16
救急科,2025-12,通常診療,15-29分,有,紹介状あり,再診,枠あり予約,,1
救急科,2025-12,通常診療,15-29分,有,紹介状あり,初診,枠あり予約,,1
救急科,2025-12,通常診療,15-29分,有,紹介状無し,再診,枠あり予約,,3
救急科,2025-12,通常診療,15-29分,有,紹介状無し,初診,枠あり予約,,7
救急科,2025-12,通常診療,15-29分,,紹介状あり,初診,枠あり予約,,2
救急科,2025-12,通常診療,15-29分,,紹介状無し,再診,枠あり予約,なし,1
救急科,2025-12,通常診療,15-29分,,紹介状無し,再診,枠あり予約,,16
救急科,2025-12,通常診療,15-29分,,紹介状無し,初診,枠あり予約,,23
救急科,2025-12,通常診療,30分以上,有,紹介状あり,再診,枠あり予約,,2
救急科,2025-12,通常診療,30分以上,有,紹介状あり,初診,枠あり予約,,2
救急科,2025-12,通常診療,30分以上,有,紹介状無し,再診,枠あり予約,,4
救急科,2025-12,通常診療,30分以上,有,紹介状無し,初診,枠あり予約,,3
救急科,2025-12,通常診療,30分以上,,紹介状あり,再診,枠あり予約,,1
救急科,2025-12,通常診療,30分以上,,紹介状無し,再診,枠あり予約,なし,2
救急科,2025-12,通常診療,30分以上,,紹介状無し,再診,枠あり予約,,11
救急科,2025-12,通常診療,30分以上,,紹介状無し,初診,枠あり予約,,27
救急科,2025-12,通常診療,5-9分,有,紹介状無し,再診,枠あり予約,,3
救急科,2025-12,通常診療,5-9分,有,紹介状無し,初診,枠あり予約,,4
救急科,2025-12,通常診療,5-9分,,紹介状無し,再診,枠あり予約,,13
救急科,2025-12,通常診療,5-9分,,紹介状無し,初診,枠あり予約,,25
救急科,2025-12,通常診療,不明,有,紹介状無し,再診,枠あり予約,なし,1
救急科,2025-12,通常診療,不明,有,紹介状無し,初診,枠あり予約,,2
救急科,2025-12,通常診療,不明,,紹介状無し,再診,枠あり予約,なし,6
救急科,2025-12,通常診療,不明,,紹介状無し,再診,枠あり予約,,6
救急科,2025-12,通常診療,不明,,紹介状無し,初診,枠あり予約,,37
整形外科,2025-12,薬のみ,0-4分,有,紹介状無し,再診,枠なし予約,なし,34
整形外科,2025-12,薬のみ,0-4分,有,紹介状無し,再診,枠なし予約,検査済,1
整形外科,2025-12,薬のみ,0-4分,無,紹介状無し,再診,枠なし予約,なし,77
整形外科,2025-12,薬のみ,0-4分,無,紹介状無し,再診,枠なし予約,検査済,2
整形外科,2025-12,薬のみ,0-4分,,紹介状無し,再診,枠なし予約,なし,1
整形外科,2025-12,薬のみ,10-14分,有,紹介状無し,再診,枠なし予約,なし,3
整形外科,2025-12,薬のみ,10-14分,無,紹介状無し,再診,枠なし予約,なし,11
整形外科,2025-12,薬のみ,10-14分,,紹介状無し,再診,,,1
整形外科,2025-12,薬のみ,15-29分,有,紹介状無し,再診,枠なし予約,なし,8
整形外科,2025-12,薬のみ,15-29分,無,紹介状無し,再診,枠なし予約,なし,15
整形外科,2025-12,薬のみ,15-29分,無,紹介状無し,再診,枠なし予約,至急済,1
整形外科,2025-12,薬のみ,30分以上,有,紹介状無し,再診,枠なし予約,なし,3
整形外科,2025-12,薬のみ,30分以上,無,紹介状無し,再診,枠なし予約,なし,1
整形外科,2025-12,薬のみ,30分以上,,紹介状無し,再診,枠なし予約,なし,1
整形外科,2025-12,薬のみ,5-9分,有,紹介状無し,再診,枠なし予約,なし,5
整形外科,2025-12,薬のみ,5-9分,無,紹介状無し,再診,枠なし予約,なし,17
整形外科,2025-12,薬のみ,5-9分,無,紹介状無し,再診,枠なし予約,検査済,4
整形外科,2025-12,薬のみ,不明,有,紹介状無し,再診,枠なし予約,なし,1
整形外科,2025-12,薬のみ,不明,無,紹介状無し,再診,枠なし予約,なし,23
整形外科,2025-12,通常診療,0-4分,有,紹介状あり,初診,枠あり予約,,2
整形外科,2025-12,通常診療,0-4分,有,紹介状あり,初診,枠なし予約,なし,1
整形外科,2025-12,通常診療,0-4分,有,紹介状無し,再診,枠あり予約,なし,28
整形外科,2025-12,通常診療,0-4分,有,紹介状無し,再診,枠あり予約,検査済,12
整形外科,2025-12,通常診療,0-4分,有,紹介状無し,再診,枠あり予約,,1
整形外科,2025-12,通常診療,0-4分,有,紹介状無し,初診,枠あり予約,,3
整形外科,2025-12,通常診療,0-4分,,紹介状あり,再診,枠あり予約,,1
整形外科,2025-12,通常診療,0-4分,,紹介状あり,初診,枠あり予約,なし,14
整形外科,2025-12,通常診療,0-4分,,紹介状あり,初診,枠あり予約,検査済,2
整形外科,2025-12,通常診療,0-4分,,紹介状あり,初診,枠あり予約,,7
整形外科,2025-12,通常診療,0-4分,,紹介状あり,初診,枠なし予約,なし,1
整形外科,2025-12,通常診療,0-4分,,紹介状あり,初診,枠なし予約,,1
整形外科,2025-12,通常診療,0-4分,,紹介状無し,再診,枠あり予約,なし,270
整形外科,2025-12,通常診療,0-4分,,紹介状無し,再診,枠あり予約,検査未,1
整形外科,2025-12,通常診療,0-4分,,紹介状無し,再診,枠あり予約,検査済,160
整形外科,2025-12,通常診療,0-4分,,紹介状無し,再診,枠あり予約,,6
整形外科,2025-12,通常診療,0-4分,,紹介状無し,初診,枠あり予約,,2
整形外科,2025-12,通常診療,10-14分,有,紹介状あり,初診,枠あり予約,なし,2
整形外科,2025-12,通常診療,10-14分,有,紹介状あり,初診,枠あり予約,検査済,3
整形外科,2025-12,通常診療,10-14分,有,紹介状無し,再診,枠あり予約,なし,34
整形外科,2025-12,通常診療,10-14分,有,紹介状無し,再診,枠あり予約,検査済,19
整形外科,2025-12,通常診療,10-14分,有,紹介状無し,初診,枠あり予約,,1
整形外科,2025-12,通常診療,10-14分,,紹介状あり,初診,枠あり予約,なし,38
整形外科,2025-12,通常診療,10-14分,,紹介状あり,初診,枠あり予約,検査済,3
整形外科,2025-12,通常診療,10-14分,,紹介状あり,初診,枠あり予約,,1
整形外科,2025-12,通常診療,10-14分,,紹介状無し,再診,枠あり予約,なし,112
整形外科,2025-12,通常診療,10-14分,,紹介状無し,再診,枠あり予約,検査済,85
整形外科,2025-12,通常診療,10-14分,,紹介状無し,再診,枠あり予約,至急済,2
整形外科,2025-12,通常診療,10-14分,,紹介状無し,再診,枠あり予約,,2
整形外科,2025-12,通常診療,10-14分,,紹介状無し,初診,枠あり予約,検査済,1
整形外科,2025-12,通常診療,10-14分,,紹介状無し,初診,枠あり予約,,2
整形外科,2025-12,通常診療,15-29分,有,紹介状あり,初診,枠あり予約,なし,1
整形外科,2025-12,通常診療,15-29分,有,紹介状あり,初診,枠あり予約,検査済,14
整形外科,2025-12,通常診療,15-29分,有,紹介状あり,初診,枠あり予約,,3
整形外科,2025-12,通常診療,15-29分,有,紹介状無し,再診,枠あり予約,なし,19
整形外科,2025-12,通常診療,15-29分,有,紹介状無し,再診,枠あり予約,検査済,19
整形外科,2025-12,通常診療,15-29分,有,紹介状無し,初診,枠あり予約,,1
整形外科,2025-12,通常診療,15-29分,無,紹介状無し,再診,枠あり予約,なし,1
整形外科,2025-12,通常診療,15-29分,,紹介状あり,初診,枠あり予約,なし,49
整形外科,2025-12,通常診療,15-29分,,紹介状あり,初診,枠あり予約,検査済,9
整形外科,2025-12,通常診療,15-29分,,紹介状あり,初診,枠あり予約,,4
整形外科,2025-12,通常診療,15-29分,,紹介状無し,再診,枠あり予約,なし,87
整形外科,2025-12,通常診療,15-29分,,紹介状無し,再診,枠あり予約,検査済,69
整形外科,2025-12,通常診療,15-29分,,紹介状無し,再診,枠あり予約,至急済,1
整形外科,2025-12,通常診療,15-29分,,紹介状無し,再診,枠あり予約,,2
整形外科,2025-12,通常診療,30分以上,有,紹介状あり,初診,枠あり予約,検査済,1
整形外科,2025-12,通常診療,30分以上,有,紹介状あり,初診,枠あり予約,,1
整形外科,2025-12,通常診療,30分以上,有,紹介状あり,初診,枠なし予約,なし,1
整形外科,2025-12,通常診療,30分以上,有,紹介状無し,再診,枠あり予約,なし,12
整形外科,2025-12,通常診療,30分以上,有,紹介状無し,再診,枠あり予約,検査済,3
整形外科,2025-12,通常診療,30分以上,有,紹介状無し,再診,枠あり予約,,2
整形外科,2025-12,通常診療,30分以上,有,紹介状無し,初診,枠あり予約,,1
整形外科,2025-12,通常診療,30分以上,,紹介状あり,初診,枠あり予約,なし,6
整形外科,2025-12,通常診療,30分以上,,紹介状あり,初診,枠あり予約,検査済,2
整形外科,2025-12,通常診療,30分以上,,紹介状あり,初診,枠あり予約,,7
整形外科,2025-12,通常診療,30分以上,,紹介状無し,再診,枠あり予約,なし,21
整形外科,2025-12,通常診療,30分以上,,紹介状無し,再診,枠あり予約,検査済,7
整形外科,2025-12,通常診療,30分以上,,紹介状無し,再診,枠あり予約,,2
整形外科,2025-12,通常診療,5-9分,有,紹介状あり,初診,枠あり予約,検査済,1
整形外科,2025-12,通常診療,5-9分,有,紹介状無し,再診,枠あり予約,なし,40
整形外科,2025-12,通常診療,5-9分,有,紹介状無し,再診,枠あり予約,検査済,19
整形外科,2025-12,通常診療,5-9分,有,紹介状無し,再診,枠あり予約,至急済,1
整形外科,2025-12,通常診療,5-9分,有,紹介状無し,初診,枠あり予約,,1
整形外科,2025-12,通常診療,5-9分,,紹介状あり,初診,枠あり予約,なし,25
整形外科,2025-12,通常診療,5-9分,,紹介状あり,初診,枠あり予約,検査済,4
整形外科,2025-12,通常診療,5-9分,,紹介状あり,初診,枠あり予約,,3
整形外科,2025-12,通常診療,5-9分,,紹介状無し,再診,枠あり予約,なし,195
整形外科,2025-12,通常診療,5-9分,,紹介状無し,再診,枠あり予約,検査未,1
整形外科,2025-12,通常診療,5-9分,,紹介状無し,再診,枠あり予約,検査済,181
整形外科,2025-12,通常診療,5-9分,,紹介状無し,再診,枠あり予約,至急済,2
整形外科,2025-12,通常診療,5-9分,,紹介状無し,再診,枠あり予約,,2
整形外科,2025-12,通常診療,5-9分,,紹介状無し,初診,枠あり予約,至急済,1
整形外科,2025-12,通常診療,5-9分,,紹介状無し,初診,枠あり予約,,2
整形外科,2025-12,通常診療,不明,有,紹介状無し,再診,枠あり予約,なし,4
整形外科,2025-12,通常診療,不明,有,紹介状無し,再診,枠あり予約,検査未,1
整形外科,2025-12,通常診療,不明,,紹介状あり,初診,枠あり予約,なし,2
整形外科,2025-12,通常診療,不明,,紹介状無し,再診,枠あり予約,なし,48
整形外科,2025-12,通常診療,不明,,紹介状無し,再診,枠あり予約,検査未,37
整形外科,2025-12,通常診療,不明,,紹介状無し,再診,枠あり予約,検査済,1
整形外科,2025-12,通常診療,不明,,紹介状無し,再診,枠あり予約,,3
歯科口腔外科,2025-12,薬のみ,0-4分,有,紹介状無し,再診,枠なし予約,なし,10
歯科口腔外科,2025-12,薬のみ,0-4分,有,紹介状無し,再診,,なし,3
歯科口腔外科,2025-12,薬のみ,0-4分,有,紹介状無し,初診,枠なし予約,なし,1
歯科口腔外科,2025-12,薬のみ,0-4分,無,紹介状無し,再診,枠なし予約,なし,45
歯科口腔外科,2025-12,薬のみ,0-4分,無,紹介状無し,再診,,なし,5
歯科口腔外科,2025-12,薬のみ,0-4分,無,紹介状無し,初診,,なし,1
歯科口腔外科,2025-12,薬のみ,0-4分,,紹介状あり,初診,,,1
歯科口腔外科,2025-12,薬のみ,0-4分,,紹介状無し,再診,枠なし予約,なし,1
歯科口腔外科,2025-12,薬のみ,10-14分,有,紹介状無し,再診,枠なし予約,なし,4
歯科口腔外科,2025-12,薬のみ,10-14分,有,紹介状無し,初診,,なし,1
歯科口腔外科,2025-12,薬のみ,10-14分,無,紹介状無し,再診,枠なし予約,なし,30
歯科口腔外科,2025-12,薬のみ,10-14分,無,紹介状無し,再診,,なし,1
歯科口腔外科,2025-12,薬のみ,10-14分,無,紹介状無し,初診,枠なし予約,なし,3
歯科口腔外科,2025-12,薬のみ,10-14分,無,紹介状無し,初診,,なし,3
歯科口腔外科,2025-12,薬のみ,15-29分,有,紹介状無し,再診,枠なし予約,なし,4
歯科口腔外科,2025-12,薬のみ,15-29分,有,紹介状無し,再診,,なし,1
歯科口腔外科,2025-12,薬のみ,15-29分,有,紹介状無し,初診,,なし,3
歯科口腔外科,2025-12,薬のみ,15-29分,無,紹介状あり,初診,枠なし予約,なし,1
歯科口腔外科,2025-12,薬のみ,15-29分,無,紹介状無し,再診,枠なし予約,なし,17
歯科口腔外科,2025-12,薬のみ,15-29分,無,紹介状無し,再診,,なし,1
歯科口腔外科,2025-12,薬のみ,15-29分,,紹介状あり,初診,,,1
歯科口腔外科,2025-12,薬のみ,15-29分,,紹介状無し,初診,,なし,1
歯科口腔外科,2025-12,薬のみ,30分以上,有,紹介状無し,再診,枠なし予約,なし,6
歯科口腔外科,2025-12,薬のみ,30分以上,有,紹介状無し,再診,,なし,2
歯科口腔外科,2025-12,薬のみ,30分以上,有,紹介状無し,初診,,なし,3
歯科口腔外科,2025-12,薬のみ,30分以上,無,紹介状無し,再診,枠なし予約,なし,14
歯科口腔外科,2025-12,薬のみ,30分以上,無,紹介状無し,再診,,なし,2
歯科口腔外科,2025-12,薬のみ,30分以上,無,紹介状無し,初診,枠なし予約,なし,1
歯科口腔外科,2025-12,薬のみ,30分以上,無,紹介状無し,初診,,なし,1
歯科口腔外科,2025-12,薬のみ,30分以上,,紹介状あり,初診,,,3
歯科口腔外科,2025-12,薬のみ,30分以上,,紹介状無し,初診,,,1
歯科口腔外科,2025-12,薬のみ,5-9分,有,紹介状無し,再診,枠なし予約,なし,5
歯科口腔外科,2025-12,薬のみ,5-9分,有,紹介状無し,初診,,なし,2
歯科口腔外科,2025-12,薬のみ,5-9分,無,紹介状無し,再診,枠なし予約,なし,28
歯科口腔外科,2025-12,薬のみ,5-9分,無,紹介状無し,初診,枠なし予約,なし,2
歯科口腔外科,2025-12,薬のみ,5-9分,,紹介状あり,初診,,,1
歯科口腔外科,2025-12,薬のみ,5-9分,,紹介状無し,再診,,なし,1
歯科口腔外科,2025-12,薬のみ,不明,有,紹介状無し,再診,枠なし予約,なし,2
歯科口腔外科,2025-12,薬のみ,不明,無,紹介状無し,再診,枠なし予約,なし,11
歯科口腔外科,2025-12,薬のみ,不明,無,紹介状無し,初診,,なし,1
歯科口腔外科,2025-12,通常診療,0-4分,有,紹介状無し,再診,枠あり予約,なし,23
歯科口腔外科,2025-12,通常診療,0-4分,有,紹介状無し,初診,枠あり予約,なし,3
歯科口腔外科,2025-12,通常診療,0-4分,,紹介状あり,初診,枠あり予約,なし,5
歯科口腔外科,2025-12,通常診療,0-4分,,紹介状無し,再診,枠あり予約,なし,44
歯科口腔外科,2025-12,通常診療,0-4分,,紹介状無し,再診,枠あり予約,,1
歯科口腔外科,2025-12,通常診療,0-4分,,紹介状無し,初診,枠あり予約,なし,3
歯科口腔外科,2025-12,通常診療,10-14分,有,紹介状無し,再診,枠あり予約,なし,26
歯科口腔外科,2025-12,通常診療,10-14分,有,紹介状無し,初診,枠あり予約,なし,8
歯科口腔外科,2025-12,通常診療,10-14分,無,紹介状無し,再診,枠あり予約,なし,1
歯科口腔外科,2025-12,通常診療,10-14分,無,紹介状無し,初診,枠あり予約,なし,1
歯科口腔外科,2025-12,通常診療,10-14分,,紹介状あり,初診,枠あり予約,なし,28
歯科口腔外科,2025-12,通常診療,10-14分,,紹介状無し,再診,枠あり予約,なし,121
歯科口腔外科,2025-12,通常診療,10-14分,,紹介状無し,初診,枠あり予約,なし,2
歯科口腔外科,2025-12,通常診療,15-29分,有,紹介状あり,初診,枠あり予約,なし,3
歯科口腔外科,2025-12,通常診療,15-29分,有,紹介状無し,再診,枠あり予約,なし,17
歯科口腔外科,2025-12,通常診療,15-29分,有,紹介状無し,初診,枠あり予約,なし,6
歯科口腔外科,2025-12,通常診療,15-29分,無,紹介状無し,再診,枠あり予約,なし,1
歯科口腔外科,2025-12,通常診療,15-29分,,紹介状あり,初診,枠あり予約,なし,72
歯科口腔外科,2025-12,通常診療,15-29分,,紹介状無し,再診,枠あり予約,なし,187
歯科口腔外科,2025-12,通常診療,15-29分,,紹介状無し,初診,枠あり予約,なし,3
歯科口腔外科,2025-12,通常診療,30分以上,有,紹介状無し,再診,枠あり予約,なし,12
歯科口腔外科,2025-12,通常診療,30分以上,有,紹介状無し,初診,枠あり予約,なし,3
歯科口腔外科,2025-12,通常診療,30分以上,,紹介状あり,初診,枠あり予約,なし,18
歯科口腔外科,2025-12,通常診療,30分以上,,紹介状あり,初診,枠あり予約,,1
歯科口腔外科,2025-12,通常診療,30分以上,,紹介状無し,再診,枠あり予約,なし,119
歯科口腔外科,2025-12,通常診療,30分以上,,紹介状無し,初診,枠あり予約,なし,3
歯科口腔外科,2025-12,通常診療,5-9分,有,紹介状無し,再診,枠あり予約,なし,19
歯科口腔外科,2025-12,通常診療,5-9分,有,紹介状無し,初診,枠あり予約,なし,4
歯科口腔外科,2025-12,通常診療,5-9分,,紹介状あり,初診,枠あり予約,なし,9
歯科口腔外科,2025-12,通常診療,5-9分,,紹介状無し,再診,枠あり予約,なし,105
歯科口腔外科,2025-12,通常診療,5-9分,,紹介状無し,初診,枠あり予約,なし,3
歯科口腔外科,2025-12,通常診療,5-9分,,紹介状無し,初診,枠あり予約,,1
歯科口腔外科,2025-12,通常診療,不明,有,紹介状無し,再診,枠あり予約,なし,3
歯科口腔外科,2025-12,通常診療,不明,有,紹介状無し,再診,枠あり予約,,4
歯科口腔外科,2025-12,通常診療,不明,,紹介状あり,初診,枠あり予約,なし,2
歯科口腔外科,2025-12,通常診療,不明,,紹介状無し,再診,枠あり予約,なし,30
歯科口腔外科,2025-12,通常診療,不明,,紹介状無し,再診,枠あり予約,,1
泌尿器科,2025-12,薬のみ,0-4分,有,紹介状無し,再診,枠なし予約,なし,272
泌尿器科,2025-12,薬のみ,0-4分,有,紹介状無し,再診,枠なし予約,検査済,2
泌尿器科,2025-12,薬のみ,0-4分,有,紹介状無し,再診,,なし,1
泌尿器科,2025-12,薬のみ,0-4分,無,紹介状無し,再診,枠なし予約,なし,496
泌尿器科,2025-12,薬のみ,0-4分,無,紹介状無し,再診,枠なし予約,検査中,2
泌尿器科,2025-12,薬のみ,0-4分,無,紹介状無し,再診,枠なし予約,検査未,1
泌尿器科,2025-12,薬のみ,0-4分,無,紹介状無し,再診,枠なし予約,検査済,32
泌尿器科,2025-12,薬のみ,0-4分,無,紹介状無し,再診,枠なし予約,至急済,1
泌尿器科,2025-12,薬のみ,0-4分,無,紹介状無し,再診,,なし,1
泌尿器科,2025-12,薬のみ,0-4分,,紹介状無し,再診,枠なし予約,なし,5
泌尿器科,2025-12,薬のみ,10-14分,有,紹介状無し,再診,枠なし予約,なし,2
泌尿器科,2025-12,薬のみ,10-14分,無,紹介状無し,再診,枠なし予約,なし,9
泌尿器科,2025-12,薬のみ,15-29分,有,紹介状無し,再診,枠なし予約,なし,11
泌尿器科,2025-12,薬のみ,15-29分,有,紹介状無し,再診,枠なし予約,検査済,1
泌尿器科,2025-12,薬のみ,15-29分,無,紹介状無し,再診,枠なし予約,なし,13
泌尿器科,2025-12,薬のみ,30分以上,有,紹介状無し,再診,枠なし予約,なし,5
泌尿器科,2025-12,薬のみ,5-9分,有,紹介状無し,再診,枠なし予約,なし,18
泌尿器科,2025-12,薬のみ,5-9分,有,紹介状無し,再診,枠なし予約,検査済,1
泌尿器科,2025-12,薬のみ,5-9分,無,紹介状無し,再診,枠なし予約,なし,14
泌尿器科,2025-12,薬のみ,5-9分,無,紹介状無し,再診,枠なし予約,検査済,6
泌尿器科,2025-12,薬のみ,不明,有,紹介状無し,再診,枠なし予約,なし,21
泌尿器科,2025-12,薬のみ,不明,有,紹介状無し,再診,枠なし予約,検査未,1
泌尿器科,2025-12,薬のみ,不明,無,紹介状無し,再診,枠なし予約,なし,32
泌尿器科,2025-12,薬のみ,不明,無,紹介状無し,再診,枠なし予約,検査未,1
泌尿器科,2025-12,薬のみ,不明,,紹介状無し,再診,枠なし予約,なし,1
泌尿器科,2025-12,通常診療,0-4分,有,紹介状あり,初診,枠あり予約,,2
泌尿器科,2025-12,通常診療,0-4分,有,紹介状無し,再診,枠あり予約,なし,90
泌尿器科,2025-12,通常診療,0-4分,有,紹介状無し,再診,枠あり予約,検査未,5
泌尿器科,2025-12,通常診療,0-4分,有,紹介状無し,再診,枠あり予約,検査済,314
泌尿器科,2025-12,通常診療,0-4分,有,紹介状無し,再診,枠あり予約,至急済,2
泌尿器科,2025-12,通常診療,0-4分,有,紹介状無し,再診,枠あり予約,,4
泌尿器科,2025-12,通常診療,0-4分,無,紹介状無し,再診,枠あり予約,なし,1
泌尿器科,2025-12,通常診療,0-4分,無,紹介状無し,再診,枠あり予約,,8
泌尿器科,2025-12,通常診療,0-4分,,紹介状あり,初診,枠あり予約,なし,4
泌尿器科,2025-12,通常診療,0-4分,,紹介状あり,初診,枠あり予約,検査済,1
泌尿器科,2025-12,通常診療,0-4分,,紹介状あり,初診,枠あり予約,,1
泌尿器科,2025-12,通常診療,0-4分,,紹介状無し,再診,枠あり予約,なし,430
泌尿器科,2025-12,通常診療,0-4分,,紹介状無し,再診,枠あり予約,検査未,5
泌尿器科,2025-12,通常診療,0-4分,,紹介状無し,再診,枠あり予約,検査済,593
泌尿器科,2025-12,通常診療,0-4分,,紹介状無し,再診,枠あり予約,至急済,11
泌尿器科,2025-12,通常診療,0-4分,,紹介状無し,再診,枠あり予約,,8
泌尿器科,2025-12,通常診療,0-4分,,紹介状無し,初診,枠あり予約,検査済,1
泌尿器科,2025-12,通常診療,0-4分,,紹介状無し,初診,枠あり予約,,3
泌尿器科,2025-12,通常診療,10-14分,有,紹介状あり,初診,枠あり予約,なし,2
泌尿器科,2025-12,通常診療,10-14分,有,紹介状あり,初診,枠あり予約,検査済,3
泌尿器科,2025-12,通常診療,10-14分,有,紹介状あり,初診,枠あり予約,,1
泌尿器科,2025-12,通常診療,10-14分,有,紹介状無し,再診,枠あり予約,なし,48
泌尿器科,2025-12,通常診療,10-14分,有,紹介状無し,再診,枠あり予約,検査未,2
泌尿器科,2025-12,通常診療,10-14分,有,紹介状無し,再診,枠あり予約,検査済,26
泌尿器科,2025-12,通常診療,10-14分,有,紹介状無し,再診,枠あり予約,至急済,1
泌尿器科,2025-12,通常診療,10-14分,有,紹介状無し,再診,枠あり予約,,3
泌尿器科,2025-12,通常診療,10-14分,無,紹介状無し,再診,枠あり予約,,3
泌尿器科,2025-12,通常診療,10-14分,,紹介状あり,初診,枠あり予約,なし,8
泌尿器科,2025-12,通常診療,10-14分,,紹介状あり,初診,枠あり予約,検査済,6
泌尿器科,2025-12,通常診療,10-14分,,紹介状あり,初診,枠あり予約,,2
泌尿器科,2025-12,通常診療,10-14分,,紹介状無し,再診,枠あり予約,なし,69
泌尿器科,2025-12,通常診療,10-14分,,紹介状無し,再診,枠あり予約,検査済,51
泌尿器科,2025-12,通常診療,10-14分,,紹介状無し,再診,枠あり予約,至急済,4
泌尿器科,2025-12,通常診療,10-14分,,紹介状無し,再診,枠あり予約,,5
泌尿器科,2025-12,通常診療,10-14分,,紹介状無し,初診,枠あり予約,,2
泌尿器科,2025-12,通常診療,15-29分,有,紹介状あり,再診,枠あり予約,なし,1
泌尿器科,2025-12,通常診療,15-29分,有,紹介状あり,初診,枠あり予約,なし,3
泌尿器科,2025-12,通常診療,15-29分,有,紹介状あり,初診,枠あり予約,検査済,2
泌尿器科,2025-12,通常診療,15-29分,有,紹介状あり,初診,枠あり予約,,1
泌尿器科,2025-12,通常診療,15-29分,有,紹介状無し,再診,枠あり予約,なし,24
泌尿器科,2025-12,通常診療,15-29分,有,紹介状無し,再診,枠あり予約,検査未,1
泌尿器科,2025-12,通常診療,15-29分,有,紹介状無し,再診,枠あり予約,検査済,12
泌尿器科,2025-12,通常診療,15-29分,有,紹介状無し,再診,枠あり予約,至急済,2
泌尿器科,2025-12,通常診療,15-29分,有,紹介状無し,再診,枠あり予約,,1
泌尿器科,2025-12,通常診療,15-29分,有,紹介状無し,初診,枠あり予約,,1
泌尿器科,2025-12,通常診療,15-29分,無,紹介状あり,再診,枠あり予約,,1
泌尿器科,2025-12,通常診療,15-29分,無,紹介状無し,再診,枠あり予約,なし,3
泌尿器科,2025-12,通常診療,15-29分,無,紹介状無し,再診,枠あり予約,,5
泌尿器科,2025-12,通常診療,15-29分,無,紹介状無し,再診,枠なし予約,,1
泌尿器科,2025-12,通常診療,15-29分,,紹介状あり,初診,枠あり予約,なし,5
泌尿器科,2025-12,通常診療,15-29分,,紹介状あり,初診,枠あり予約,検査済,4
泌尿器科,2025-12,通常診療,15-29分,,紹介状あり,初診,枠あり予約,,4
泌尿器科,2025-12,通常診療,15-29分,,紹介状無し,再診,枠あり予約,なし,28
泌尿器科,2025-12,通常診療,15-29分,,紹介状無し,再診,枠あり予約,検査済,27
泌尿器科,2025-12,通常診療,15-29分,,紹介状無し,再診,枠あり予約,至急済,1
泌尿器科,2025-12,通常診療,15-29分,,紹介状無し,再診,枠あり予約,,3
泌尿器科,2025-12,通常診療,15-29分,,紹介状無し,初診,枠あり予約,,3
泌尿器科,2025-12,通常診療,30分以上,有,紹介状無し,再診,枠あり予約,なし,2
泌尿器科,2025-12,通常診療,30分以上,有,紹介状無し,再診,枠あり予約,検査済,1
泌尿器科,2025-12,通常診療,30分以上,無,紹介状無し,再診,枠あり予約,,1
泌尿器科,2025-12,通常診療,30分以上,無,紹介状無し,再診,枠なし予約,,1
泌尿器科,2025-12,通常診療,30分以上,,紹介状あり,初診,枠あり予約,なし,2
泌尿器科,2025-12,通常診療,30分以上,,紹介状あり,初診,枠あり予約,,2
泌尿器科,2025-12,通常診療,30分以上,,紹介状無し,再診,枠あり予約,なし,2
泌尿器科,2025-12,通常診療,30分以上,,紹介状無し,再診,枠あり予約,検査済,3
泌尿器科,2025-12,通常診療,30分以上,,紹介状無し,再診,枠あり予約,,2
泌尿器科,2025-12,通常診療,5-9分,有,紹介状あり,再診,枠あり予約,検査済,1
泌尿器科,2025-12,通常診療,5-9分,有,紹介状あり,初診,枠あり予約,なし,4
泌尿器科,2025-12,通常診療,5-9分,有,紹介状あり,初診,枠あり予約,検査済,1
泌尿器科,2025-12,通常診療,5-9分,有,紹介状あり,初診,枠あり予約,,2
泌尿器科,2025-12,通常診療,5-9分,有,紹介状無し,再診,枠あり予約,なし,75
泌尿器科,2025-12,通常診療,5-9分,有,紹介状無し,再診,枠あり予約,検査済,132
泌尿器科,2025-12,通常診療,5-9分,有,紹介状無し,再診,枠あり予約,至急済,6
泌尿器科,2025-12,通常診療,5-9分,有,紹介状無し,再診,枠あり予約,,2
泌尿器科,2025-12,通常診療,5-9分,有,紹介状無し,初診,枠あり予約,検査未,1
泌尿器科,2025-12,通常診療,5-9分,無,紹介状無し,再診,枠あり予約,なし,2
泌尿器科,2025-12,通常診療,5-9分,無,紹介状無し,再診,枠あり予約,,13
泌尿器科,2025-12,通常診療,5-9分,,紹介状あり,再診,枠あり予約,,1
泌尿器科,2025-12,通常診療,5-9分,,紹介状あり,初診,枠あり予約,なし,16
泌尿器科,2025-12,通常診療,5-9分,,紹介状あり,初診,枠あり予約,検査中,1
泌尿器科,2025-12,通常診療,5-9分,,紹介状あり,初診,枠あり予約,検査済,7
泌尿器科,2025-12,通常診療,5-9分,,紹介状あり,初診,枠あり予約,,4
泌尿器科,2025-12,通常診療,5-9分,,紹介状無し,再診,枠あり予約,なし,230
泌尿器科,2025-12,通常診療,5-9分,,紹介状無し,再診,枠あり予約,検査未,1
泌尿器科,2025-12,通常診療,5-9分,,紹介状無し,再診,枠あり予約,検査済,269
泌尿器科,2025-12,通常診療,5-9分,,紹介状無し,再診,枠あり予約,至急済,8
泌尿器科,2025-12,通常診療,5-9分,,紹介状無し,再診,枠あり予約,,8
泌尿器科,2025-12,通常診療,5-9分,,紹介状無し,初診,枠あり予約,検査済,1
泌尿器科,2025-12,通常診療,5-9分,,紹介状無し,初診,枠あり予約,,4
泌尿器科,2025-12,通常診療,不明,有,紹介状無し,再診,枠あり予約,なし,19
泌尿器科,2025-12,通常診療,不明,有,紹介状無し,再診,枠あり予約,検査未,18
泌尿器科,2025-12,通常診療,不明,有,紹介状無し,再診,枠あり予約,,1
泌尿器科,2025-12,通常診療,不明,,紹介状無し,再診,枠あり予約,なし,93
泌尿器科,2025-12,通常診療,不明,,紹介状無し,再診,枠あり予約,検査未,37
泌尿器科,2025-12,通常診療,不明,,紹介状無し,再診,枠あり予約,,4
泌尿器科,2025-12,通常診療,不明,,紹介状無し,初診,枠あり予約,,1
消化器内科,2025-12,薬のみ,0-4分,有,紹介状無し,再診,枠なし予約,なし,40
消化器内科,2025-12,薬のみ,0-4分,有,紹介状無し,再診,,なし,1
消化器内科,2025-12,薬のみ,0-4分,無,紹介状無し,再診,枠なし予約,なし,85
消化器内科,2025-12,薬のみ,10-14分,有,紹介状無し,再診,枠なし予約,なし,4
消化器内科,2025-12,薬のみ,10-14分,無,紹介状無し,再診,枠なし予約,なし,10
消化器内科,2025-12,薬のみ,10-14分,無,紹介状無し,再診,枠なし予約,検査済,1
消化器内科,2025-12,薬のみ,15-29分,有,紹介状無し,再診,枠なし予約,なし,9
消化器内科,2025-12,薬のみ,15-29分,有,紹介状無し,再診,枠なし予約,検査済,2
消化器内科,2025-12,薬のみ,15-29分,無,紹介状無し,再診,枠なし予約,なし,5
消化器内科,2025-12,薬のみ,15-29分,無,紹介状無し,再診,枠なし予約,検査済,1
消化器内科,2025-12,薬のみ,30分以上,有,紹介状無し,再診,枠なし予約,なし,2
消化器内科,2025-12,薬のみ,30分以上,無,紹介状無し,再診,枠なし予約,なし,4
消化器内科,2025-12,薬のみ,5-9分,有,紹介状無し,再診,枠なし予約,なし,9
消化器内科,2025-12,薬のみ,5-9分,有,紹介状無し,再診,枠なし予約,検査済,1
消化器内科,2025-12,薬のみ,5-9分,有,紹介状無し,再診,枠なし予約,至急済,1
消化器内科,2025-12,薬のみ,5-9分,無,紹介状無し,再診,枠なし予約,なし,9
消化器内科,2025-12,薬のみ,不明,有,紹介状無し,再診,枠なし予約,なし,1
消化器内科,2025-12,薬のみ,不明,無,紹介状無し,再診,枠なし予約,なし,7
消化器内科,2025-12,通常診療,0-4分,有,紹介状あり,初診,枠あり予約,なし,1
消化器内科,2025-12,通常診療,0-4分,有,紹介状あり,初診,枠あり予約,,2
消化器内科,2025-12,通常診療,0-4分,有,紹介状無し,再診,枠あり予約,なし,76
消化器内科,2025-12,通常診療,0-4分,有,紹介状無し,再診,枠あり予約,検査未,1
消化器内科,2025-12,通常診療,0-4分,有,紹介状無し,再診,枠あり予約,検査済,22
消化器内科,2025-12,通常診療,0-4分,有,紹介状無し,再診,枠あり予約,至急済,11
消化器内科,2025-12,通常診療,0-4分,有,紹介状無し,初診,枠あり予約,なし,2
消化器内科,2025-12,通常診療,0-4分,無,紹介状無し,再診,枠あり予約,なし,1
消化器内科,2025-12,通常診療,0-4分,無,紹介状無し,再診,枠なし予約,なし,1
消化器内科,2025-12,通常診療,0-4分,,紹介状あり,再診,枠あり予約,,1
消化器内科,2025-12,通常診療,0-4分,,紹介状あり,初診,枠あり予約,なし,13
消化器内科,2025-12,通常診療,0-4分,,紹介状あり,初診,枠あり予約,検査済,1
消化器内科,2025-12,通常診療,0-4分,,紹介状あり,初診,枠あり予約,,4
消化器内科,2025-12,通常診療,0-4分,,紹介状無し,再診,枠あり予約,なし,403
消化器内科,2025-12,通常診療,0-4分,,紹介状無し,再診,枠あり予約,検査中,1
消化器内科,2025-12,通常診療,0-4分,,紹介状無し,再診,枠あり予約,検査未,2
消化器内科,2025-12,通常診療,0-4分,,紹介状無し,再診,枠あり予約,検査済,72
消化器内科,2025-12,通常診療,0-4分,,紹介状無し,再診,枠あり予約,至急済,17
消化器内科,2025-12,通常診療,0-4分,,紹介状無し,再診,枠あり予約,,5
消化器内科,2025-12,通常診療,10-14分,有,紹介状あり,初診,枠あり予約,なし,3
消化器内科,2025-12,通常診療,10-14分,有,紹介状あり,初診,枠あり予約,,1
消化器内科,2025-12,通常診療,10-14分,有,紹介状無し,再診,枠あり予約,なし,32
消化器内科,2025-12,通常診療,10-14分,有,紹介状無し,再診,枠あり予約,検査中,1
消化器内科,2025-12,通常診療,10-14分,有,紹介状無し,再診,枠あり予約,検査済,12
消化器内科,2025-12,通常診療,10-14分,有,紹介状無し,再診,枠あり予約,至急済,4
消化器内科,2025-12,通常診療,10-14分,有,紹介状無し,初診,枠あり予約,なし,2
消化器内科,2025-12,通常診療,10-14分,無,紹介状無し,再診,枠あり予約,なし,1
消化器内科,2025-12,通常診療,10-14分,,紹介状あり,初診,枠あり予約,なし,39
消化器内科,2025-12,通常診療,10-14分,,紹介状あり,初診,枠あり予約,至急済,1
消化器内科,2025-12,通常診療,10-14分,,紹介状あり,初診,枠あり予約,,3
消化器内科,2025-12,通常診療,10-14分,,紹介状無し,再診,枠あり予約,なし,72
消化器内科,2025-12,通常診療,10-14分,,紹介状無し,再診,枠あり予約,検査済,29
消化器内科,2025-12,通常診療,10-14分,,紹介状無し,再診,枠あり予約,至急済,4
消化器内科,2025-12,通常診療,10-14分,,紹介状無し,再診,枠あり予約,,4
消化器内科,2025-12,通常診療,10-14分,,紹介状無し,初診,枠あり予約,なし,3
消化器内科,2025-12,通常診療,15-29分,有,紹介状あり,初診,枠あり予約,なし,11
消化器内科,2025-12,通常診療,15-29分,有,紹介状無し,再診,枠あり予約,なし,18
消化器内科,2025-12,通常診療,15-29分,有,紹介状無し,再診,枠あり予約,検査中,1
消化器内科,2025-12,通常診療,15-29分,有,紹介状無し,再診,枠あり予約,検査済,9
消化器内科,2025-12,通常診療,15-29分,有,紹介状無し,再診,枠あり予約,至急済,4
消化器内科,2025-12,通常診療,15-29分,有,紹介状無し,再診,枠あり予約,,2
消化器内科,2025-12,通常診療,15-29分,無,紹介状無し,再診,枠あり予約,なし,1
消化器内科,2025-12,通常診療,15-29分,,紹介状あり,再診,枠あり予約,,1
消化器内科,2025-12,通常診療,15-29分,,紹介状あり,初診,枠あり予約,なし,31
消化器内科,2025-12,通常診療,15-29分,,紹介状あり,初診,枠あり予約,検査済,1
消化器内科,2025-12,通常診療,15-29分,,紹介状あり,初診,枠あり予約,,5
消化器内科,2025-12,通常診療,15-29分,,紹介状無し,再診,枠あり予約,なし,39
消化器内科,2025-12,通常診療,15-29分,,紹介状無し,再診,枠あり予約,検査未,1
消化器内科,2025-12,通常診療,15-29分,,紹介状無し,再診,枠あり予約,検査済,11
消化器内科,2025-12,通常診療,15-29分,,紹介状無し,再診,枠あり予約,至急済,2
消化器内科,2025-12,通常診療,15-29分,,紹介状無し,再診,枠あり予約,,5
消化器内科,2025-12,通常診療,15-29分,,紹介状無し,初診,枠あり予約,,1
消化器内科,2025-12,通常診療,30分以上,有,紹介状無し,再診,枠あり予約,なし,1
消化器内科,2025-12,通常診療,30分以上,有,紹介状無し,再診,枠なし予約,なし,1
消化器内科,2025-12,通常診療,30分以上,,紹介状あり,初診,枠あり予約,なし,3
消化器内科,2025-12,通常診療,30分以上,,紹介状無し,再診,枠あり予約,なし,6
消化器内科,2025-12,通常診療,30分以上,,紹介状無し,再診,枠あり予約,検査済,1
消化器内科,2025-12,通常診療,5-9分,有,紹介状あり,初診,枠あり予約,なし,7
消化器内科,2025-12,通常診療,5-9分,有,紹介状無し,再診,枠あり予約,なし,55
消化器内科,2025-12,通常診療,5-9分,有,紹介状無し,再診,枠あり予約,検査中,1
消化器内科,2025-12,通常診療,5-9分,有,紹介状無し,再診,枠あり予約,検査済,39
消化器内科,2025-12,通常診療,5-9分,有,紹介状無し,再診,枠あり予約,至急済,18
消化器内科,2025-12,通常診療,5-9分,有,紹介状無し,再診,枠あり予約,,1
消化器内科,2025-12,通常診療,5-9分,有,紹介状無し,初診,枠あり予約,なし,3
消化器内科,2025-12,通常診療,5-9分,無,紹介状無し,再診,枠あり予約,なし,2
消化器内科,2025-12,通常診療,5-9分,,紹介状あり,再診,枠あり予約,なし,1
消化器内科,2025-12,通常診療,5-9分,,紹介状あり,初診,枠あり予約,なし,58
消化器内科,2025-12,通常診療,5-9分,,紹介状あり,初診,枠あり予約,,2
消化器内科,2025-12,通常診療,5-9分,,紹介状無し,再診,枠あり予約,なし,224
消化器内科,2025-12,通常診療,5-9分,,紹介状無し,再診,枠あり予約,検査中,2
消化器内科,2025-12,通常診療,5-9分,,紹介状無し,再診,枠あり予約,検査済,78
消化器内科,2025-12,通常診療,5-9分,,紹介状無し,再診,枠あり予約,至急済,30
消化器内科,2025-12,通常診療,5-9分,,紹介状無し,再診,枠あり予約,,1
消化器内科,2025-12,通常診療,5-9分,,紹介状無し,初診,枠あり予約,なし,3
消化器内科,2025-12,通常診療,不明,有,紹介状あり,初診,枠あり予約,,1
消化器内科,2025-12,通常診療,不明,有,紹介状無し,再診,枠あり予約,なし,7
消化器内科,2025-12,通常診療,不明,有,紹介状無し,再診,枠あり予約,検査未,6
消化器内科,2025-12,通常診療,不明,無,紹介状無し,再診,枠あり予約,なし,1
消化器内科,2025-12,通常診療,不明,,紹介状あり,初診,枠あり予約,なし,1
消化器内科,2025-12,通常診療,不明,,紹介状無し,再診,枠あり予約,なし,45
消化器内科,2025-12,通常診療,不明,,紹介状無し,再診,枠あり予約,検査未,14
消化器内科,2025-12,通常診療,不明,,紹介状無し,再診,枠あり予約,,4
産婦人科,2025-12,薬のみ,0-4分,有,紹介状無し,再診,枠なし予約,なし,9
産婦人科,2025-12,薬のみ,0-4分,有,紹介状無し,再診,枠なし予約,検査済,2
産婦人科,2025-12,薬のみ,0-4分,無,紹介状無し,再診,枠なし予約,なし,53
産婦人科,2025-12,薬のみ,0-4分,無,紹介状無し,再診,枠なし予約,検査済,2
産婦人科,2025-12,薬のみ,0-4分,無,紹介状無し,再診,枠なし予約,至急済,1
産婦人科,2025-12,薬のみ,0-4分,無,紹介状無し,再診,,なし,1
産婦人科,2025-12,薬のみ,10-14分,有,紹介状無し,再診,枠なし予約,なし,1
産婦人科,2025-12,薬のみ,10-14分,無,紹介状無し,再診,枠なし予約,なし,6
産婦人科,2025-12,薬のみ,15-29分,有,紹介状無し,再診,枠なし予約,なし,1
産婦人科,2025-12,薬のみ,15-29分,有,紹介状無し,再診,,なし,1
産婦人科,2025-12,薬のみ,15-29分,無,紹介状無し,再診,枠なし予約,なし,12
産婦人科,2025-12,薬のみ,15-29分,無,紹介状無し,再診,枠なし予約,検査済,3
産婦人科,2025-12,薬のみ,30分以上,有,紹介状無し,再診,枠なし予約,なし,3
産婦人科,2025-12,薬のみ,30分以上,有,紹介状無し,再診,枠なし予約,検査済,1
産婦人科,2025-12,薬のみ,30分以上,無,紹介状無し,再診,枠なし予約,なし,7
産婦人科,2025-12,薬のみ,5-9分,有,紹介状無し,再診,枠なし予約,なし,5
産婦人科,2025-12,薬のみ,5-9分,有,紹介状無し,再診,枠なし予約,至急済,1
産婦人科,2025-12,薬のみ,5-9分,無,紹介状無し,再診,枠なし予約,なし,5
産婦人科,2025-12,薬のみ,5-9分,無,紹介状無し,再診,枠なし予約,検査未,1
産婦人科,2025-12,薬のみ,5-9分,無,紹介状無し,再診,枠なし予約,検査済,2
産婦人科,2025-12,薬のみ,5-9分,無,紹介状無し,再診,,なし,1
産婦人科,2025-12,薬のみ,不明,有,紹介状無し,再診,枠なし予約,なし,2
産婦人科,2025-12,薬のみ,不明,無,紹介状無し,再診,枠なし予約,なし,90
産婦人科,2025-12,通常診療,0-4分,有,紹介状あり,初診,枠あり予約,なし,1
産婦人科,2025-12,通常診療,0-4分,有,紹介状無し,再診,枠あり予約,なし,58
産婦人科,2025-12,通常診療,0-4分,有,紹介状無し,再診,枠あり予約,検査中,2
産婦人科,2025-12,通常診療,0-4分,有,紹介状無し,再診,枠あり予約,検査済,19
産婦人科,2025-12,通常診療,0-4分,有,紹介状無し,再診,枠あり予約,至急済,3
産婦人科,2025-12,通常診療,0-4分,有,紹介状無し,再診,枠あり予約,,1
産婦人科,2025-12,通常診療,0-4分,無,紹介状無し,再診,枠あり予約,なし,3
産婦人科,2025-12,通常診療,0-4分,無,紹介状無し,再診,枠あり予約,検査済,1
産婦人科,2025-12,通常診療,0-4分,,紹介状あり,再診,枠あり予約,なし,1
産婦人科,2025-12,通常診療,0-4分,,紹介状あり,初診,枠あり予約,なし,30
産婦人科,2025-12,通常診療,0-4分,,紹介状あり,初診,枠あり予約,,3
産婦人科,2025-12,通常診療,0-4分,,紹介状無し,再診,枠あり予約,なし,449
産婦人科,2025-12,通常診療,0-4分,,紹介状無し,再診,枠あり予約,検査中,4
産婦人科,2025-12,通常診療,0-4分,,紹介状無し,再診,枠あり予約,検査未,7
産婦人科,2025-12,通常診療,0-4分,,紹介状無し,再診,枠あり予約,検査済,148
産婦人科,2025-12,通常診療,0-4分,,紹介状無し,再診,枠あり予約,至急済,17
産婦人科,2025-12,通常診療,0-4分,,紹介状無し,再診,枠あり予約,,6
産婦人科,2025-12,通常診療,0-4分,,紹介状無し,初診,枠あり予約,,6
産婦人科,2025-12,通常診療,10-14分,有,紹介状無し,再診,枠あり予約,なし,12
産婦人科,2025-12,通常診療,10-14分,有,紹介状無し,再診,枠あり予約,検査中,1
産婦人科,2025-12,通常診療,10-14分,有,紹介状無し,再診,枠あり予約,検査済,6
産婦人科,2025-12,通常診療,10-14分,有,紹介状無し,再診,枠あり予約,至急済,1
産婦人科,2025-12,通常診療,10-14分,,紹介状あり,初診,枠あり予約,なし,10
産婦人科,2025-12,通常診療,10-14分,,紹介状あり,初診,枠あり予約,,5
産婦人科,2025-12,通常診療,10-14分,,紹介状無し,再診,枠あり予約,なし,82
産婦人科,2025-12,通常診療,10-14分,,紹介状無し,再診,枠あり予約,検査中,1
産婦人科,2025-12,通常診療,10-14分,,紹介状無し,再診,枠あり予約,検査未,4
産婦人科,2025-12,通常診療,10-14分,,紹介状無し,再診,枠あり予約,検査済,57
産婦人科,2025-12,通常診療,10-14分,,紹介状無し,再診,枠あり予約,至急済,5
産婦人科,2025-12,通常診療,10-14分,,紹介状無し,再診,枠あり予約,,1
産婦人科,2025-12,通常診療,10-14分,,紹介状無し,初診,枠あり予約,なし,1
産婦人科,2025-12,通常診療,15-29分,有,紹介状あり,初診,枠あり予約,なし,1
産婦人科,2025-12,通常診療,15-29分,有,紹介状無し,再診,枠あり予約,なし,37
産婦人科,2025-12,通常診療,15-29分,有,紹介状無し,再診,枠あり予約,検査中,1
産婦人科,2025-12,通常診療,15-29分,有,紹介状無し,再診,枠あり予約,検査済,13
産婦人科,2025-12,通常診療,15-29分,有,紹介状無し,再診,枠あり予約,至急済,1
産婦人科,2025-12,通常診療,15-29分,無,紹介状無し,再診,枠あり予約,なし,1
産婦人科,2025-12,通常診療,15-29分,無,紹介状無し,再診,枠あり予約,検査済,1
産婦人科,2025-12,通常診療,15-29分,,紹介状あり,初診,枠あり予約,なし,29
産婦人科,2025-12,通常診療,15-29分,,紹介状あり,初診,枠あり予約,検査済,1
産婦人科,2025-12,通常診療,15-29分,,紹介状無し,再診,枠あり予約,なし,116
産婦人科,2025-12,通常診療,15-29分,,紹介状無し,再診,枠あり予約,検査中,1
産婦人科,2025-12,通常診療,15-29分,,紹介状無し,再診,枠あり予約,検査未,5
産婦人科,2025-12,通常診療,15-29分,,紹介状無し,再診,枠あり予約,検査済,88
産婦人科,2025-12,通常診療,15-29分,,紹介状無し,再診,枠あり予約,至急済,11
産婦人科,2025-12,通常診療,15-29分,,紹介状無し,初診,枠あり予約,,2
産婦人科,2025-12,通常診療,30分以上,有,紹介状あり,初診,枠あり予約,なし,1
産婦人科,2025-12,通常診療,30分以上,有,紹介状無し,再診,枠あり予約,なし,7
産婦人科,2025-12,通常診療,30分以上,有,紹介状無し,再診,枠あり予約,検査済,14
産婦人科,2025-12,通常診療,30分以上,有,紹介状無し,再診,枠あり予約,至急済,3
産婦人科,2025-12,通常診療,30分以上,無,紹介状無し,再診,枠あり予約,なし,2
産婦人科,2025-12,通常診療,30分以上,,紹介状あり,初診,枠あり予約,なし,42
産婦人科,2025-12,通常診療,30分以上,,紹介状無し,再診,枠あり予約,なし,62
産婦人科,2025-12,通常診療,30分以上,,紹介状無し,再診,枠あり予約,検査中,2
産婦人科,2025-12,通常診療,30分以上,,紹介状無し,再診,枠あり予約,検査済,51
産婦人科,2025-12,通常診療,30分以上,,紹介状無し,再診,枠あり予約,至急済,10
産婦人科,2025-12,通常診療,30分以上,,紹介状無し,初診,枠あり予約,,4
産婦人科,2025-12,通常診療,5-9分,有,紹介状無し,再診,枠あり予約,なし,25
産婦人科,2025-12,通常診療,5-9分,有,紹介状無し,再診,枠あり予約,検査中,2
産婦人科,2025-12,通常診療,5-9分,有,紹介状無し,再診,枠あり予約,検査未,1
産婦人科,2025-12,通常診療,5-9分,有,紹介状無し,再診,枠あり予約,検査済,19
産婦人科,2025-12,通常診療,5-9分,有,紹介状無し,再診,枠あり予約,至急済,2
産婦人科,2025-12,通常診療,5-9分,無,紹介状無し,再診,枠あり予約,なし,1
産婦人科,2025-12,通常診療,5-9分,,紹介状あり,初診,枠あり予約,なし,19
産婦人科,2025-12,通常診療,5-9分,,紹介状あり,初診,枠あり予約,,1
産婦人科,2025-12,通常診療,5-9分,,紹介状無し,再診,枠あり予約,なし,117
産婦人科,2025-12,通常診療,5-9分,,紹介状無し,再診,枠あり予約,検査中,2
産婦人科,2025-12,通常診療,5-9分,,紹介状無し,再診,枠あり予約,検査済,86
産婦人科,2025-12,通常診療,5-9分,,紹介状無し,再診,枠あり予約,至急済,13
産婦人科,2025-12,通常診療,5-9分,,紹介状無し,再診,枠あり予約,,1
産婦人科,2025-12,通常診療,5-9分,,紹介状無し,初診,枠あり予約,,2
産婦人科,2025-12,通常診療,不明,有,紹介状無し,再診,枠あり予約,なし,2
産婦人科,2025-12,通常診療,不明,無,紹介状無し,再診,枠あり予約,なし,2
産婦人科,2025-12,通常診療,不明,,紹介状あり,初診,枠あり予約,,2
産婦人科,2025-12,通常診療,不明,,紹介状無し,再診,枠あり予約,なし,131
産婦人科,2025-12,通常診療,不明,,紹介状無し,再診,枠あり予約,検査未,5
産婦人科,2025-12,通常診療,不明,,紹介状無し,再診,枠あり予約,検査済,1
産婦人科,2025-12,通常診療,不明,,紹介状無し,再診,枠あり予約,,15
産婦人科,2025-12,通常診療,不明,,紹介状無し,初診,枠あり予約,,7
皮膚・排泄ケア,2025-12,薬のみ,不明,有,紹介状無し,再診,枠なし予約,なし,13
皮膚・排泄ケア,2025-12,薬のみ,不明,無,紹介状無し,再診,枠なし予約,なし,47
皮膚・排泄ケア,2025-12,通常診療,0-4分,有,紹介状無し,再診,枠あり予約,なし,1
皮膚・排泄ケア,2025-12,通常診療,不明,有,紹介状無し,再診,枠あり予約,なし,4
皮膚・排泄ケア,2025-12,通常診療,不明,,紹介状無し,再診,枠あり予約,なし,3
皮膚科,2025-12,薬のみ,0-4分,有,紹介状無し,再診,枠なし予約,なし,31
皮膚科,2025-12,薬のみ,0-4分,有,紹介状無し,再診,,なし,5
皮膚科,2025-12,薬のみ,0-4分,無,紹介状無し,再診,枠なし予約,なし,85
皮膚科,2025-12,薬のみ,0-4分,無,紹介状無し,再診,,なし,13
皮膚科,2025-12,薬のみ,0-4分,無,紹介状無し,再診,,,2
皮膚科,2025-12,薬のみ,0-4分,,紹介状無し,再診,枠なし予約,なし,1
皮膚科,2025-12,薬のみ,0-4分,,紹介状無し,再診,,なし,1
皮膚科,2025-12,薬のみ,10-14分,有,紹介状無し,再診,枠なし予約,なし,3
皮膚科,2025-12,薬のみ,10-14分,有,紹介状無し,再診,,なし,2
皮膚科,2025-12,薬のみ,10-14分,無,紹介状無し,再診,枠なし予約,なし,3
皮膚科,2025-12,薬のみ,10-14分,無,紹介状無し,再診,,なし,5
皮膚科,2025-12,薬のみ,15-29分,有,紹介状無し,再診,枠なし予約,なし,10
皮膚科,2025-12,薬のみ,15-29分,有,紹介状無し,再診,,なし,5
皮膚科,2025-12,薬のみ,15-29分,無,紹介状無し,再診,枠なし予約,なし,2
皮膚科,2025-12,薬のみ,15-29分,無,紹介状無し,再診,,なし,4
皮膚科,2025-12,薬のみ,30分以上,有,紹介状無し,再診,枠なし予約,なし,5
皮膚科,2025-12,薬のみ,30分以上,有,紹介状無し,再診,,なし,4
皮膚科,2025-12,薬のみ,30分以上,無,紹介状無し,再診,枠なし予約,なし,4
皮膚科,2025-12,薬のみ,30分以上,無,紹介状無し,再診,,なし,9
皮膚科,2025-12,薬のみ,30分以上,,紹介状無し,再診,,なし,1
皮膚科,2025-12,薬のみ,5-9分,有,紹介状無し,再診,枠なし予約,なし,7
皮膚科,2025-12,薬のみ,5-9分,有,紹介状無し,再診,,なし,5
皮膚科,2025-12,薬のみ,5-9分,無,紹介状無し,再診,枠なし予約,なし,9
皮膚科,2025-12,薬のみ,5-9分,無,紹介状無し,再診,,なし,12
皮膚科,2025-12,薬のみ,不明,有,紹介状無し,再診,枠なし予約,なし,1
皮膚科,2025-12,薬のみ,不明,無,紹介状無し,再診,枠なし予約,なし,7
皮膚科,2025-12,通常診療,0-4分,有,紹介状無し,再診,枠あり予約,なし,25
皮膚科,2025-12,通常診療,0-4分,有,紹介状無し,再診,枠あり予約,,1
皮膚科,2025-12,通常診療,0-4分,有,紹介状無し,初診,枠あり予約,,1
皮膚科,2025-12,通常診療,0-4分,無,紹介状無し,再診,枠あり予約,なし,2
皮膚科,2025-12,通常診療,0-4分,,紹介状あり,初診,枠あり予約,なし,2
皮膚科,2025-12,通常診療,0-4分,,紹介状あり,初診,枠あり予約,,2
皮膚科,2025-12,通常診療,0-4分,,紹介状無し,再診,枠あり予約,なし,104
皮膚科,2025-12,通常診療,0-4分,,紹介状無し,再診,枠あり予約,検査済,1
皮膚科,2025-12,通常診療,0-4分,,紹介状無し,初診,枠あり予約,なし,2
皮膚科,2025-12,通常診療,0-4分,,紹介状無し,初診,枠あり予約,,3
皮膚科,2025-12,通常診療,10-14分,有,紹介状あり,初診,枠あり予約,なし,1
皮膚科,2025-12,通常診療,10-14分,有,紹介状あり,初診,枠あり予約,,2
皮膚科,2025-12,通常診療,10-14分,有,紹介状無し,再診,枠あり予約,なし,40
皮膚科,2025-12,通常診療,10-14分,有,紹介状無し,再診,枠あり予約,至急済,1
皮膚科,2025-12,通常診療,10-14分,有,紹介状無し,初診,枠あり予約,,2
皮膚科,2025-12,通常診療,10-14分,無,紹介状無し,再診,枠あり予約,なし,2
皮膚科,2025-12,通常診療,10-14分,無,紹介状無し,再診,枠あり予約,,4
皮膚科,2025-12,通常診療,10-14分,,紹介状あり,初診,枠あり予約,なし,6
皮膚科,2025-12,通常診療,10-14分,,紹介状あり,初診,枠あり予約,,1
皮膚科,2025-12,通常診療,10-14分,,紹介状無し,再診,枠あり予約,なし,140
皮膚科,2025-12,通常診療,10-14分,,紹介状無し,再診,枠あり予約,検査中,1
皮膚科,2025-12,通常診療,10-14分,,紹介状無し,再診,枠あり予約,検査済,1
皮膚科,2025-12,通常診療,10-14分,,紹介状無し,再診,枠あり予約,至急済,3
皮膚科,2025-12,通常診療,10-14分,,紹介状無し,再診,枠あり予約,,1
皮膚科,2025-12,通常診療,10-14分,,紹介状無し,初診,枠あり予約,,2
皮膚科,2025-12,通常診療,15-29分,有,紹介状あり,初診,枠あり予約,なし,1
皮膚科,2025-12,通常診療,15-29分,有,紹介状あり,初診,枠あり予約,,1
皮膚科,2025-12,通常診療,15-29分,有,紹介状無し,再診,枠あり予約,なし,57
皮膚科,2025-12,通常診療,15-29分,有,紹介状無し,再診,枠あり予約,検査済,2
皮膚科,2025-12,通常診療,15-29分,有,紹介状無し,再診,枠あり予約,,1
皮膚科,2025-12,通常診療,15-29分,有,紹介状無し,初診,枠あり予約,,2
皮膚科,2025-12,通常診療,15-29分,無,紹介状無し,再診,枠あり予約,なし,2
皮膚科,2025-12,通常診療,15-29分,無,紹介状無し,再診,枠あり予約,,3
皮膚科,2025-12,通常診療,15-29分,,紹介状あり,初診,枠あり予約,なし,33
皮膚科,2025-12,通常診療,15-29分,,紹介状あり,初診,枠あり予約,,12
皮膚科,2025-12,通常診療,15-29分,,紹介状無し,再診,枠あり予約,なし,101
皮膚科,2025-12,通常診療,15-29分,,紹介状無し,再診,枠あり予約,検査済,1
皮膚科,2025-12,通常診療,15-29分,,紹介状無し,再診,枠あり予約,至急済,2
皮膚科,2025-12,通常診療,15-29分,,紹介状無し,再診,枠あり予約,,1
皮膚科,2025-12,通常診療,15-29分,,紹介状無し,初診,枠あり予約,なし,1
皮膚科,2025-12,通常診療,15-29分,,紹介状無し,初診,枠あり予約,,3
皮膚科,2025-12,通常診療,30分以上,有,紹介状あり,再診,枠あり予約,,1
皮膚科,2025-12,通常診療,30分以上,有,紹介状無し,再診,枠あり予約,なし,8
皮膚科,2025-12,通常診療,30分以上,有,紹介状無し,初診,枠あり予約,,2
皮膚科,2025-12,通常診療,30分以上,無,紹介状無し,再診,枠あり予約,なし,2
皮膚科,2025-12,通常診療,30分以上,無,紹介状無し,再診,枠あり予約,,2
皮膚科,2025-12,通常診療,30分以上,,紹介状あり,初診,枠あり予約,なし,11
皮膚科,2025-12,通常診療,30分以上,,紹介状あり,初診,枠あり予約,,5
皮膚科,2025-12,通常診療,30分以上,,紹介状無し,再診,枠あり予約,なし,28
皮膚科,2025-12,通常診療,30分以上,,紹介状無し,再診,枠あり予約,検査中,1
皮膚科,2025-12,通常診療,30分以上,,紹介状無し,再診,枠あり予約,検査済,1
皮膚科,2025-12,通常診療,30分以上,,紹介状無し,再診,枠あり予約,至急済,1
皮膚科,2025-12,通常診療,30分以上,,紹介状無し,初診,枠あり予約,なし,1
皮膚科,2025-12,通常診療,30分以上,,紹介状無し,初診,枠あり予約,,1
皮膚科,2025-12,通常診療,5-9分,有,紹介状あり,初診,枠あり予約,なし,1
皮膚科,2025-12,通常診療,5-9分,有,紹介状無し,再診,枠あり予約,なし,77
皮膚科,2025-12,通常診療,5-9分,有,紹介状無し,再診,枠あり予約,検査済,1
皮膚科,2025-12,通常診療,5-9分,無,紹介状無し,再診,枠あり予約,なし,3
皮膚科,2025-12,通常診療,5-9分,無,紹介状無し,再診,枠あり予約,,6
皮膚科,2025-12,通常診療,5-9分,,紹介状あり,初診,枠あり予約,なし,1
皮膚科,2025-12,通常診療,5-9分,,紹介状あり,初診,枠あり予約,,2
皮膚科,2025-12,通常診療,5-9分,,紹介状無し,再診,枠あり予約,なし,216
皮膚科,2025-12,通常診療,5-9分,,紹介状無し,再診,枠あり予約,検査済,2
皮膚科,2025-12,通常診療,5-9分,,紹介状無し,再診,枠あり予約,至急済,1
皮膚科,2025-12,通常診療,5-9分,,紹介状無し,初診,枠あり予約,,4
皮膚科,2025-12,通常診療,不明,有,紹介状無し,再診,枠あり予約,なし,5
皮膚科,2025-12,通常診療,不明,,紹介状あり,初診,枠あり予約,なし,1
皮膚科,2025-12,通常診療,不明,,紹介状無し,再診,枠あり予約,なし,34
皮膚科,2025-12,通常診療,不明,,紹介状無し,再診,枠あり予約,,1
看護部,2025-12,薬のみ,0-4分,有,紹介状無し,再診,枠なし予約,なし,12
看護部,2025-12,薬のみ,0-4分,無,紹介状無し,再診,枠なし予約,なし,4
看護部,2025-12,薬のみ,不明,有,紹介状無し,再診,枠なし予約,なし,35
看護部,2025-12,薬のみ,不明,無,紹介状無し,再診,枠なし予約,なし,4
看護部,2025-12,通常診療,0-4分,有,紹介状無し,再診,枠あり予約,なし,34
看護部,2025-12,通常診療,0-4分,,紹介状無し,再診,枠あり予約,なし,7
看護部,2025-12,通常診療,不明,有,紹介状無し,再診,枠あり予約,なし,20
看護部,2025-12,通常診療,不明,,紹介状無し,再診,枠あり予約,なし,17
眼科,2025-12,薬のみ,0-4分,有,紹介状無し,再診,枠なし予約,なし,52
眼科,2025-12,薬のみ,0-4分,有,紹介状無し,再診,,なし,2
眼科,2025-12,薬のみ,0-4分,無,紹介状無し,再診,枠なし予約,なし,78
眼科,2025-12,薬のみ,0-4分,無,紹介状無し,再診,,なし,4
眼科,2025-12,薬のみ,10-14分,有,紹介状無し,再診,枠なし予約,なし,7
眼科,2025-12,薬のみ,10-14分,無,紹介状無し,再診,枠なし予約,なし,9
眼科,2025-12,薬のみ,10-14分,無,紹介状無し,再診,,なし,1
眼科,2025-12,薬のみ,15-29分,有,紹介状無し,再診,枠なし予約,なし,10
眼科,2025-12,薬のみ,15-29分,有,紹介状無し,再診,,なし,1
眼科,2025-12,薬のみ,15-29分,無,紹介状無し,再診,枠なし予約,なし,5
眼科,2025-12,薬のみ,15-29分,,紹介状あり,初診,,,2
眼科,2025-12,薬のみ,30分以上,有,紹介状無し,再診,枠なし予約,なし,2
眼科,2025-12,薬のみ,30分以上,無,紹介状無し,再診,枠なし予約,なし,3
眼科,2025-12,薬のみ,30分以上,,紹介状あり,初診,,,1
眼科,2025-12,薬のみ,5-9分,有,紹介状無し,再診,枠なし予約,なし,6
眼科,2025-12,薬のみ,5-9分,有,紹介状無し,再診,,なし,4
眼科,2025-12,薬のみ,5-9分,無,紹介状無し,再診,枠なし予約,なし,21
眼科,2025-12,薬のみ,不明,有,紹介状無し,再診,枠なし予約,なし,3
眼科,2025-12,薬のみ,不明,無,紹介状無し,再診,枠なし予約,なし,10
眼科,2025-12,薬のみ,不明,,紹介状無し,再診,枠なし予約,なし,1
眼科,2025-12,通常診療,0-4分,有,紹介状あり,初診,枠あり予約,なし,2
眼科,2025-12,通常診療,0-4分,有,紹介状無し,再診,枠あり予約,なし,262
眼科,2025-12,通常診療,0-4分,有,紹介状無し,初診,枠あり予約,,1
眼科,2025-12,通常診療,0-4分,,紹介状あり,再診,枠あり予約,なし,1
眼科,2025-12,通常診療,0-4分,,紹介状あり,初診,枠あり予約,なし,14
眼科,2025-12,通常診療,0-4分,,紹介状あり,初診,枠あり予約,,5
眼科,2025-12,通常診療,0-4分,,紹介状無し,再診,枠あり予約,なし,1243
眼科,2025-12,通常診療,0-4分,,紹介状無し,再診,枠あり予約,,4
眼科,2025-12,通常診療,0-4分,,紹介状無し,初診,枠あり予約,なし,1
眼科,2025-12,通常診療,0-4分,,紹介状無し,初診,枠あり予約,,1
眼科,2025-12,通常診療,10-14分,有,紹介状あり,初診,枠あり予約,なし,1
眼科,2025-12,通常診療,10-14分,有,紹介状無し,再診,枠あり予約,なし,44
眼科,2025-12,通常診療,10-14分,,紹介状あり,初診,枠あり予約,なし,37
眼科,2025-12,通常診療,10-14分,,紹介状あり,初診,枠あり予約,,1
眼科,2025-12,通常診療,10-14分,,紹介状無し,再診,枠あり予約,なし,210
眼科,2025-12,通常診療,10-14分,,紹介状無し,再診,枠あり予約,,2
眼科,2025-12,通常診療,10-14分,,紹介状無し,初診,枠あり予約,なし,2
眼科,2025-12,通常診療,15-29分,有,紹介状あり,初診,枠あり予約,なし,3
眼科,2025-12,通常診療,15-29分,有,紹介状無し,再診,枠あり予約,なし,54
眼科,2025-12,通常診療,15-29分,有,紹介状無し,初診,枠あり予約,なし,1
眼科,2025-12,通常診療,15-29分,,紹介状あり,初診,枠あり予約,なし,107
眼科,2025-12,通常診療,15-29分,,紹介状あり,初診,枠あり予約,,1
眼科,2025-12,通常診療,15-29分,,紹介状無し,再診,枠あり予約,なし,183
眼科,2025-12,通常診療,15-29分,,紹介状無し,再診,枠あり予約,,1
眼科,2025-12,通常診療,15-29分,,紹介状無し,初診,枠あり予約,なし,1
眼科,2025-12,通常診療,15-29分,,紹介状無し,初診,枠あり予約,,1
眼科,2025-12,通常診療,30分以上,有,紹介状あり,再診,枠あり予約,なし,1
眼科,2025-12,通常診療,30分以上,有,紹介状あり,初診,枠あり予約,なし,1
眼科,2025-12,通常診療,30分以上,有,紹介状無し,再診,枠あり予約,なし,13
眼科,2025-12,通常診療,30分以上,,紹介状あり,初診,枠あり予約,なし,19
眼科,2025-12,通常診療,30分以上,,紹介状あり,初診,枠あり予約,,1
眼科,2025-12,通常診療,30分以上,,紹介状無し,再診,枠あり予約,なし,38
眼科,2025-12,通常診療,30分以上,,紹介状無し,初診,枠あり予約,,1
眼科,2025-12,通常診療,5-9分,有,紹介状無し,再診,枠あり予約,なし,80
眼科,2025-12,通常診療,5-9分,有,紹介状無し,再診,枠あり予約,,1
眼科,2025-12,通常診療,5-9分,,紹介状あり,初診,枠あり予約,なし,14
眼科,2025-12,通常診療,5-9分,,紹介状あり,初診,枠あり予約,,1
眼科,2025-12,通常診療,5-9分,,紹介状無し,再診,枠あり予約,なし,665
眼科,2025-12,通常診療,5-9分,,紹介状無し,再診,枠あり予約,,1
眼科,2025-12,通常診療,5-9分,,紹介状無し,初診,枠あり予約,なし,2
眼科,2025-12,通常診療,不明,有,紹介状無し,再診,枠あり予約,なし,24
眼科,2025-12,通常診療,不明,,紹介状あり,初診,枠あり予約,,2
眼科,2025-12,通常診療,不明,,紹介状無し,再診,枠あり予約,なし,131
眼科,2025-12,通常診療,不明,,紹介状無し,再診,枠あり予約,,11
眼科,2025-12,通常診療,不明,,紹介状無し,初診,枠あり予約,,8
禁煙外来,2025-12,通常診療,10-14分,,紹介状無し,再診,枠あり予約,なし,2
禁煙外来,2025-12,通常診療,30分以上,有,紹介状無し,再診,枠あり予約,なし,1
禁煙外来,2025-12,通常診療,30分以上,,紹介状あり,初診,枠あり予約,なし,1
禁煙外来,2025-12,通常診療,不明,,紹介状無し,再診,枠あり予約,なし,1
総合内科,2025-12,薬のみ,0-4分,有,紹介状無し,再診,枠なし予約,なし,29
総合内科,2025-12,薬のみ,0-4分,有,紹介状無し,再診,,なし,34
総合内科,2025-12,薬のみ,0-4分,有,紹介状無し,初診,,なし,10
総合内科,2025-12,薬のみ,0-4分,無,紹介状無し,再診,枠なし予約,なし,47
総合内科,2025-12,薬のみ,0-4分,無,紹介状無し,再診,枠なし予約,検査済,1
総合内科,2025-12,薬のみ,0-4分,無,紹介状無し,再診,,なし,70
総合内科,2025-12,薬のみ,0-4分,無,紹介状無し,再診,,,1
総合内科,2025-12,薬のみ,0-4分,無,紹介状無し,初診,,なし,19
総合内科,2025-12,薬のみ,0-4分,,紹介状無し,再診,枠なし予約,なし,1
総合内科,2025-12,薬のみ,10-14分,有,紹介状無し,再診,枠なし予約,なし,14
総合内科,2025-12,薬のみ,10-14分,有,紹介状無し,再診,,なし,1
総合内科,2025-12,薬のみ,10-14分,無,紹介状無し,再診,枠なし予約,なし,15
総合内科,2025-12,薬のみ,10-14分,無,紹介状無し,再診,,なし,1
総合内科,2025-12,薬のみ,15-29分,有,紹介状無し,再診,枠なし予約,なし,11
総合内科,2025-12,薬のみ,15-29分,有,紹介状無し,再診,枠なし予約,検査済,1
総合内科,2025-12,薬のみ,15-29分,有,紹介状無し,再診,,なし,3
総合内科,2025-12,薬のみ,15-29分,無,紹介状無し,再診,枠なし予約,なし,14
総合内科,2025-12,薬のみ,15-29分,無,紹介状無し,再診,枠なし予約,検査済,1
総合内科,2025-12,薬のみ,15-29分,無,紹介状無し,再診,枠なし予約,至急済,2
総合内科,2025-12,薬のみ,15-29分,無,紹介状無し,再診,,なし,1
総合内科,2025-12,薬のみ,15-29分,,紹介状無し,再診,枠なし予約,なし,1
総合内科,2025-12,薬のみ,30分以上,有,紹介状無し,再診,枠なし予約,なし,5
総合内科,2025-12,薬のみ,30分以上,無,紹介状無し,再診,枠なし予約,なし,6
総合内科,2025-12,薬のみ,30分以上,無,紹介状無し,再診,枠なし予約,至急済,1
総合内科,2025-12,薬のみ,30分以上,無,紹介状無し,初診,,なし,1
総合内科,2025-12,薬のみ,30分以上,,紹介状無し,再診,枠なし予約,なし,1
総合内科,2025-12,薬のみ,5-9分,有,紹介状無し,再診,枠なし予約,なし,18
総合内科,2025-12,薬のみ,5-9分,有,紹介状無し,再診,枠なし予約,検査済,3
総合内科,2025-12,薬のみ,5-9分,有,紹介状無し,再診,枠なし予約,至急済,2
総合内科,2025-12,薬のみ,5-9分,無,紹介状無し,再診,枠なし予約,なし,18
総合内科,2025-12,薬のみ,5-9分,無,紹介状無し,再診,枠なし予約,検査済,3
総合内科,2025-12,薬のみ,5-9分,無,紹介状無し,再診,枠なし予約,至急済,1
総合内科,2025-12,薬のみ,5-9分,無,紹介状無し,再診,,なし,8
総合内科,2025-12,薬のみ,5-9分,,紹介状無し,再診,枠なし予約,なし,1
総合内科,2025-12,薬のみ,不明,有,紹介状無し,再診,枠なし予約,なし,3
総合内科,2025-12,薬のみ,不明,無,紹介状無し,再診,枠なし予約,なし,5
総合内科,2025-12,薬のみ,不明,無,紹介状無し,再診,枠なし予約,検査未,1
総合内科,2025-12,通常診療,0-4分,有,紹介状あり,初診,枠あり予約,なし,4
総合内科,2025-12,通常診療,0-4分,有,紹介状あり,初診,枠あり予約,,5
総合内科,2025-12,通常診療,0-4分,有,紹介状無し,再診,枠あり予約,なし,24
総合内科,2025-12,通常診療,0-4分,有,紹介状無し,再診,枠あり予約,検査中,1
総合内科,2025-12,通常診療,0-4分,有,紹介状無し,再診,枠あり予約,検査済,1
総合内科,2025-12,通常診療,0-4分,有,紹介状無し,再診,枠あり予約,至急済,1
総合内科,2025-12,通常診療,0-4分,有,紹介状無し,再診,枠あり予約,,2
総合内科,2025-12,通常診療,0-4分,有,紹介状無し,初診,枠あり予約,,3
総合内科,2025-12,通常診療,0-4分,無,紹介状あり,再診,枠あり予約,,1
総合内科,2025-12,通常診療,0-4分,無,紹介状無し,再診,枠あり予約,なし,1
総合内科,2025-12,通常診療,0-4分,無,紹介状無し,再診,枠あり予約,,7
総合内科,2025-12,通常診療,0-4分,,紹介状あり,再診,枠あり予約,,1
総合内科,2025-12,通常診療,0-4分,,紹介状あり,初診,枠あり予約,なし,12
総合内科,2025-12,通常診療,0-4分,,紹介状あり,初診,枠あり予約,,4
総合内科,2025-12,通常診療,0-4分,,紹介状無し,再診,枠あり予約,なし,70
総合内科,2025-12,通常診療,0-4分,,紹介状無し,再診,枠あり予約,検査中,1
総合内科,2025-12,通常診療,0-4分,,紹介状無し,再診,枠あり予約,検査未,3
総合内科,2025-12,通常診療,0-4分,,紹介状無し,再診,枠あり予約,検査済,11
総合内科,2025-12,通常診療,0-4分,,紹介状無し,再診,枠あり予約,至急済,4
総合内科,2025-12,通常診療,0-4分,,紹介状無し,再診,枠あり予約,,7
総合内科,2025-12,通常診療,0-4分,,紹介状無し,初診,枠あり予約,なし,1
総合内科,2025-12,通常診療,0-4分,,紹介状無し,初診,枠あり予約,,16
総合内科,2025-12,通常診療,10-14分,有,紹介状あり,初診,枠あり予約,なし,1
総合内科,2025-12,通常診療,10-14分,有,紹介状あり,初診,枠あり予約,,3
総合内科,2025-12,通常診療,10-14分,有,紹介状無し,再診,枠あり予約,なし,39
総合内科,2025-12,通常診療,10-14分,有,紹介状無し,再診,枠あり予約,検査済,12
総合内科,2025-12,通常診療,10-14分,有,紹介状無し,再診,枠あり予約,至急済,1
総合内科,2025-12,通常診療,10-14分,有,紹介状無し,再診,枠なし予約,なし,1
総合内科,2025-12,通常診療,10-14分,無,紹介状あり,再診,枠あり予約,なし,1
総合内科,2025-12,通常診療,10-14分,無,紹介状無し,再診,枠あり予約,,3
総合内科,2025-12,通常診療,10-14分,無,紹介状無し,再診,枠なし予約,なし,1
総合内科,2025-12,通常診療,10-14分,,紹介状あり,再診,枠あり予約,,1
総合内科,2025-12,通常診療,10-14分,,紹介状あり,初診,枠あり予約,なし,6
総合内科,2025-12,通常診療,10-14分,,紹介状あり,初診,枠あり予約,,10
総合内科,2025-12,通常診療,10-14分,,紹介状無し,再診,枠あり予約,なし,80
総合内科,2025-12,通常診療,10-14分,,紹介状無し,再診,枠あり予約,検査済,30
総合内科,2025-12,通常診療,10-14分,,紹介状無し,再診,枠あり予約,至急済,5
総合内科,2025-12,通常診療,10-14分,,紹介状無し,再診,枠あり予約,,1
総合内科,2025-12,通常診療,10-14分,,紹介状無し,初診,枠あり予約,,1
総合内科,2025-12,通常診療,10-14分,,紹介状無し,初診,枠なし予約,,1
総合内科,2025-12,通常診療,15-29分,有,紹介状あり,初診,枠あり予約,なし,3
総合内科,2025-12,通常診療,15-29分,有,紹介状あり,初診,枠あり予約,,1
総合内科,2025-12,通常診療,15-29分,有,紹介状無し,再診,枠あり予約,なし,40
総合内科,2025-12,通常診療,15-29分,有,紹介状無し,再診,枠あり予約,検査済,8
総合内科,2025-12,通常診療,15-29分,有,紹介状無し,再診,枠あり予約,至急済,1
総合内科,2025-12,通常診療,15-29分,有,紹介状無し,再診,枠あり予約,,1
総合内科,2025-12,通常診療,15-29分,有,紹介状無し,初診,枠あり予約,,2
総合内科,2025-12,通常診療,15-29分,無,紹介状あり,再診,枠あり予約,,1
総合内科,2025-12,通常診療,15-29分,無,紹介状無し,再診,枠あり予約,なし,2
総合内科,2025-12,通常診療,15-29分,無,紹介状無し,再診,枠あり予約,,6
総合内科,2025-12,通常診療,15-29分,,紹介状あり,初診,枠あり予約,なし,14
総合内科,2025-12,通常診療,15-29分,,紹介状あり,初診,枠あり予約,検査済,1
総合内科,2025-12,通常診療,15-29分,,紹介状あり,初診,枠あり予約,,18
総合内科,2025-12,通常診療,15-29分,,紹介状無し,再診,枠あり予約,なし,87
総合内科,2025-12,通常診療,15-29分,,紹介状無し,再診,枠あり予約,検査済,17
総合内科,2025-12,通常診療,15-29分,,紹介状無し,再診,枠あり予約,至急済,6
総合内科,2025-12,通常診療,15-29分,,紹介状無し,初診,枠あり予約,なし,3
総合内科,2025-12,通常診療,15-29分,,紹介状無し,初診,枠あり予約,,3
総合内科,2025-12,通常診療,30分以上,有,紹介状あり,初診,枠あり予約,なし,3
総合内科,2025-12,通常診療,30分以上,有,紹介状あり,初診,枠あり予約,,4
総合内科,2025-12,通常診療,30分以上,有,紹介状無し,再診,枠あり予約,なし,16
総合内科,2025-12,通常診療,30分以上,有,紹介状無し,再診,枠あり予約,検査済,1
総合内科,2025-12,通常診療,30分以上,有,紹介状無し,再診,枠あり予約,,1
総合内科,2025-12,通常診療,30分以上,有,紹介状無し,初診,枠あり予約,なし,1
総合内科,2025-12,通常診療,30分以上,,紹介状あり,初診,枠あり予約,なし,14
総合内科,2025-12,通常診療,30分以上,,紹介状あり,初診,枠あり予約,,8
総合内科,2025-12,通常診療,30分以上,,紹介状無し,再診,枠あり予約,なし,20
総合内科,2025-12,通常診療,30分以上,,紹介状無し,再診,枠あり予約,検査済,1
総合内科,2025-12,通常診療,30分以上,,紹介状無し,再診,枠あり予約,至急済,2
総合内科,2025-12,通常診療,30分以上,,紹介状無し,再診,枠あり予約,,2
総合内科,2025-12,通常診療,30分以上,,紹介状無し,初診,枠あり予約,,5
総合内科,2025-12,通常診療,5-9分,有,紹介状あり,初診,枠あり予約,なし,3
総合内科,2025-12,通常診療,5-9分,有,紹介状あり,初診,枠あり予約,,2
総合内科,2025-12,通常診療,5-9分,有,紹介状無し,再診,枠あり予約,なし,42
総合内科,2025-12,通常診療,5-9分,有,紹介状無し,再診,枠あり予約,検査未,1
総合内科,2025-12,通常診療,5-9分,有,紹介状無し,再診,枠あり予約,検査済,13
総合内科,2025-12,通常診療,5-9分,有,紹介状無し,再診,枠あり予約,至急済,2
総合内科,2025-12,通常診療,5-9分,有,紹介状無し,再診,枠あり予約,,1
総合内科,2025-12,通常診療,5-9分,有,紹介状無し,初診,枠あり予約,,1
総合内科,2025-12,通常診療,5-9分,無,紹介状無し,再診,枠あり予約,,4
総合内科,2025-12,通常診療,5-9分,,紹介状あり,初診,枠あり予約,なし,9
総合内科,2025-12,通常診療,5-9分,,紹介状あり,初診,枠あり予約,,2
総合内科,2025-12,通常診療,5-9分,,紹介状無し,再診,枠あり予約,なし,115
総合内科,2025-12,通常診療,5-9分,,紹介状無し,再診,枠あり予約,検査中,2
総合内科,2025-12,通常診療,5-9分,,紹介状無し,再診,枠あり予約,検査済,48
総合内科,2025-12,通常診療,5-9分,,紹介状無し,再診,枠あり予約,至急済,7
総合内科,2025-12,通常診療,5-9分,,紹介状無し,初診,枠あり予約,,7
総合内科,2025-12,通常診療,不明,有,紹介状あり,再診,枠あり予約,なし,1
総合内科,2025-12,通常診療,不明,有,紹介状無し,再診,枠あり予約,なし,3
総合内科,2025-12,通常診療,不明,有,紹介状無し,再診,枠あり予約,検査未,2
総合内科,2025-12,通常診療,不明,,紹介状あり,初診,枠あり予約,なし,2
総合内科,2025-12,通常診療,不明,,紹介状無し,再診,枠あり予約,なし,24
総合内科,2025-12,通常診療,不明,,紹介状無し,再診,枠あり予約,検査未,7
緩和ケアチーム,2025-12,薬のみ,不明,有,紹介状無し,再診,枠なし予約,なし,6
緩和ケアチーム,2025-12,薬のみ,不明,無,紹介状無し,再診,枠なし予約,なし,11
緩和ケアチーム,2025-12,通常診療,不明,有,紹介状無し,再診,枠あり予約,なし,8
緩和ケアチーム,2025-12,通常診療,不明,,紹介状無し,再診,枠あり予約,なし,7
緩和ケア内科,2025-12,通常診療,30分以上,有,紹介状無し,再診,枠あり予約,なし,1
耳鼻咽喉科,2025-12,薬のみ,0-4分,有,紹介状無し,再診,枠なし予約,なし,24
耳鼻咽喉科,2025-12,薬のみ,0-4分,有,紹介状無し,再診,,なし,2
耳鼻咽喉科,2025-12,薬のみ,0-4分,無,紹介状無し,再診,枠なし予約,なし,145
耳鼻咽喉科,2025-12,薬のみ,0-4分,無,紹介状無し,再診,,なし,4
耳鼻咽喉科,2025-12,薬のみ,0-4分,,紹介状無し,再診,,なし,1
耳鼻咽喉科,2025-12,薬のみ,10-14分,有,紹介状無し,再診,枠なし予約,なし,3
耳鼻咽喉科,2025-12,薬のみ,10-14分,有,紹介状無し,再診,,なし,2
耳鼻咽喉科,2025-12,薬のみ,10-14分,無,紹介状無し,再診,枠なし予約,なし,17
耳鼻咽喉科,2025-12,薬のみ,10-14分,無,紹介状無し,再診,,なし,5
耳鼻咽喉科,2025-12,薬のみ,15-29分,有,紹介状無し,再診,枠なし予約,なし,7
耳鼻咽喉科,2025-12,薬のみ,15-29分,有,紹介状無し,再診,,なし,3
耳鼻咽喉科,2025-12,薬のみ,15-29分,無,紹介状無し,再診,枠なし予約,なし,23
耳鼻咽喉科,2025-12,薬のみ,15-29分,無,紹介状無し,再診,,なし,2
耳鼻咽喉科,2025-12,薬のみ,30分以上,有,紹介状無し,再診,枠なし予約,なし,5
耳鼻咽喉科,2025-12,薬のみ,30分以上,有,紹介状無し,再診,,なし,1
耳鼻咽喉科,2025-12,薬のみ,30分以上,無,紹介状無し,再診,枠なし予約,なし,5
耳鼻咽喉科,2025-12,薬のみ,30分以上,無,紹介状無し,再診,,なし,1
耳鼻咽喉科,2025-12,薬のみ,5-9分,有,紹介状無し,再診,枠なし予約,なし,7
耳鼻咽喉科,2025-12,薬のみ,5-9分,有,紹介状無し,再診,,なし,3
耳鼻咽喉科,2025-12,薬のみ,5-9分,無,紹介状無し,再診,枠なし予約,なし,36
耳鼻咽喉科,2025-12,薬のみ,5-9分,無,紹介状無し,再診,,なし,6
耳鼻咽喉科,2025-12,薬のみ,不明,有,紹介状無し,再診,枠なし予約,なし,3
耳鼻咽喉科,2025-12,薬のみ,不明,無,紹介状無し,再診,枠なし予約,なし,35
耳鼻咽喉科,2025-12,通常診療,0-4分,有,紹介状あり,初診,枠あり予約,なし,2
耳鼻咽喉科,2025-12,通常診療,0-4分,有,紹介状あり,初診,枠あり予約,,2
耳鼻咽喉科,2025-12,通常診療,0-4分,有,紹介状無し,再診,枠あり予約,なし,99
耳鼻咽喉科,2025-12,通常診療,0-4分,有,紹介状無し,再診,枠あり予約,検査未,1
耳鼻咽喉科,2025-12,通常診療,0-4分,有,紹介状無し,再診,枠あり予約,検査済,2
耳鼻咽喉科,2025-12,通常診療,0-4分,有,紹介状無し,初診,枠あり予約,なし,3
耳鼻咽喉科,2025-12,通常診療,0-4分,有,紹介状無し,初診,枠あり予約,,1
耳鼻咽喉科,2025-12,通常診療,0-4分,無,紹介状無し,再診,枠あり予約,なし,2
耳鼻咽喉科,2025-12,通常診療,0-4分,無,紹介状無し,再診,枠あり予約,,2
耳鼻咽喉科,2025-12,通常診療,0-4分,,紹介状あり,初診,枠あり予約,なし,16
耳鼻咽喉科,2025-12,通常診療,0-4分,,紹介状あり,初診,枠あり予約,,4
耳鼻咽喉科,2025-12,通常診療,0-4分,,紹介状無し,再診,枠あり予約,なし,605
耳鼻咽喉科,2025-12,通常診療,0-4分,,紹介状無し,再診,枠あり予約,検査済,1
耳鼻咽喉科,2025-12,通常診療,0-4分,,紹介状無し,再診,枠あり予約,至急済,1
耳鼻咽喉科,2025-12,通常診療,0-4分,,紹介状無し,再診,枠あり予約,,4
耳鼻咽喉科,2025-12,通常診療,0-4分,,紹介状無し,初診,枠あり予約,なし,4
耳鼻咽喉科,2025-12,通常診療,0-4分,,紹介状無し,初診,枠あり予約,,3
耳鼻咽喉科,2025-12,通常診療,10-14分,有,紹介状あり,初診,枠あり予約,なし,2
耳鼻咽喉科,2025-12,通常診療,10-14分,有,紹介状無し,再診,枠あり予約,なし,38
耳鼻咽喉科,2025-12,通常診療,10-14分,有,紹介状無し,再診,枠あり予約,検査済,2
耳鼻咽喉科,2025-12,通常診療,10-14分,有,紹介状無し,初診,枠あり予約,,2
耳鼻咽喉科,2025-12,通常診療,10-14分,無,紹介状無し,再診,枠あり予約,なし,1
耳鼻咽喉科,2025-12,通常診療,10-14分,無,紹介状無し,再診,枠あり予約,,4
耳鼻咽喉科,2025-12,通常診療,10-14分,,紹介状あり,初診,枠あり予約,なし,20
耳鼻咽喉科,2025-12,通常診療,10-14分,,紹介状あり,初診,枠あり予約,,5
耳鼻咽喉科,2025-12,通常診療,10-14分,,紹介状無し,再診,枠あり予約,なし,136
耳鼻咽喉科,2025-12,通常診療,10-14分,,紹介状無し,再診,枠あり予約,,1
耳鼻咽喉科,2025-12,通常診療,10-14分,,紹介状無し,初診,枠あり予約,なし,1
耳鼻咽喉科,2025-12,通常診療,10-14分,,紹介状無し,初診,枠あり予約,,3
耳鼻咽喉科,2025-12,通常診療,15-29分,有,紹介状あり,初診,枠あり予約,,1
耳鼻咽喉科,2025-12,通常診療,15-29分,有,紹介状無し,再診,枠あり予約,なし,23
耳鼻咽喉科,2025-12,通常診療,15-29分,有,紹介状無し,再診,枠あり予約,検査済,1
耳鼻咽喉科,2025-12,通常診療,15-29分,,紹介状あり,初診,枠あり予約,なし,20
耳鼻咽喉科,2025-12,通常診療,15-29分,,紹介状あり,初診,枠あり予約,,6
耳鼻咽喉科,2025-12,通常診療,15-29分,,紹介状無し,再診,枠あり予約,なし,74
耳鼻咽喉科,2025-12,通常診療,15-29分,,紹介状無し,再診,枠あり予約,,2
耳鼻咽喉科,2025-12,通常診療,15-29分,,紹介状無し,初診,枠あり予約,,2
耳鼻咽喉科,2025-12,通常診療,30分以上,有,紹介状あり,初診,枠あり予約,なし,2
耳鼻咽喉科,2025-12,通常診療,30分以上,有,紹介状あり,初診,枠あり予約,,1
耳鼻咽喉科,2025-12,通常診療,30分以上,有,紹介状無し,再診,枠あり予約,なし,4
耳鼻咽喉科,2025-12,通常診療,30分以上,有,紹介状無し,初診,枠あり予約,,1
耳鼻咽喉科,2025-12,通常診療,30分以上,,紹介状あり,初診,枠あり予約,なし,8
耳鼻咽喉科,2025-12,通常診療,30分以上,,紹介状無し,再診,枠あり予約,なし,22
耳鼻咽喉科,2025-12,通常診療,30分以上,,紹介状無し,初診,枠あり予約,,1
耳鼻咽喉科,2025-12,通常診療,5-9分,有,紹介状あり,初診,枠あり予約,なし,2
耳鼻咽喉科,2025-12,通常診療,5-9分,有,紹介状あり,初診,枠あり予約,,1
耳鼻咽喉科,2025-12,通常診療,5-9分,有,紹介状無し,再診,枠あり予約,なし,67
耳鼻咽喉科,2025-12,通常診療,5-9分,有,紹介状無し,再診,枠あり予約,検査済,2
耳鼻咽喉科,2025-12,通常診療,5-9分,有,紹介状無し,初診,枠あり予約,,1
耳鼻咽喉科,2025-12,通常診療,5-9分,無,紹介状無し,再診,枠あり予約,なし,2
耳鼻咽喉科,2025-12,通常診療,5-9分,無,紹介状無し,再診,枠あり予約,,5
耳鼻咽喉科,2025-12,通常診療,5-9分,,紹介状あり,初診,枠あり予約,なし,40
耳鼻咽喉科,2025-12,通常診療,5-9分,,紹介状あり,初診,枠あり予約,,9
耳鼻咽喉科,2025-12,通常診療,5-9分,,紹介状無し,再診,枠あり予約,なし,213
耳鼻咽喉科,2025-12,通常診療,5-9分,,紹介状無し,再診,枠あり予約,検査済,2
耳鼻咽喉科,2025-12,通常診療,5-9分,,紹介状無し,再診,枠あり予約,至急済,1
耳鼻咽喉科,2025-12,通常診療,5-9分,,紹介状無し,再診,枠あり予約,,2
耳鼻咽喉科,2025-12,通常診療,5-9分,,紹介状無し,初診,枠あり予約,なし,4
耳鼻咽喉科,2025-12,通常診療,5-9分,,紹介状無し,初診,枠あり予約,,5
耳鼻咽喉科,2025-12,通常診療,不明,有,紹介状無し,再診,枠あり予約,なし,5
耳鼻咽喉科,2025-12,通常診療,不明,無,紹介状無し,再診,枠あり予約,なし,2
耳鼻咽喉科,2025-12,通常診療,不明,,紹介状あり,初診,枠あり予約,なし,3
耳鼻咽喉科,2025-12,通常診療,不明,,紹介状あり,初診,枠あり予約,,1
耳鼻咽喉科,2025-12,通常診療,不明,,紹介状無し,再診,枠あり予約,なし,78
耳鼻咽喉科,2025-12,通常診療,不明,,紹介状無し,再診,枠あり予約,,18
耳鼻咽喉科,2025-12,通常診療,不明,,紹介状無し,再診,枠なし予約,なし,1
耳鼻咽喉科,2025-12,通常診療,不明,,紹介状無し,初診,枠あり予約,,8
脳神経内科,2025-12,薬のみ,0-4分,有,紹介状無し,再診,枠なし予約,なし,18
脳神経内科,2025-12,薬のみ,0-4分,無,紹介状無し,再診,枠なし予約,なし,37
脳神経内科,2025-12,薬のみ,0-4分,無,紹介状無し,再診,,,3
脳神経内科,2025-12,薬のみ,0-4分,,紹介状無し,再診,枠なし予約,なし,2
脳神経内科,2025-12,薬のみ,10-14分,有,紹介状無し,再診,枠なし予約,なし,4
脳神経内科,2025-12,薬のみ,10-14分,有,紹介状無し,再診,,,1
脳神経内科,2025-12,薬のみ,10-14分,無,紹介状無し,再診,枠なし予約,なし,5
脳神経内科,2025-12,薬のみ,10-14分,,紹介状あり,初診,,,1
脳神経内科,2025-12,薬のみ,15-29分,有,紹介状無し,再診,枠なし予約,なし,1
脳神経内科,2025-12,薬のみ,15-29分,有,紹介状無し,再診,,なし,1
脳神経内科,2025-12,薬のみ,15-29分,無,紹介状無し,再診,枠なし予約,なし,5
脳神経内科,2025-12,薬のみ,15-29分,無,紹介状無し,再診,,なし,1
脳神経内科,2025-12,薬のみ,15-29分,,紹介状あり,初診,,,1
脳神経内科,2025-12,薬のみ,15-29分,,紹介状無し,再診,,,2
脳神経内科,2025-12,薬のみ,30分以上,有,紹介状あり,再診,,,1
脳神経内科,2025-12,薬のみ,30分以上,無,紹介状無し,再診,枠なし予約,なし,2
脳神経内科,2025-12,薬のみ,30分以上,,紹介状あり,初診,,,1
脳神経内科,2025-12,薬のみ,5-9分,有,紹介状無し,再診,枠なし予約,なし,2
脳神経内科,2025-12,薬のみ,5-9分,有,紹介状無し,再診,,,1
脳神経内科,2025-12,薬のみ,5-9分,無,紹介状無し,再診,枠なし予約,なし,7
脳神経内科,2025-12,薬のみ,5-9分,無,紹介状無し,再診,,,1
脳神経内科,2025-12,薬のみ,5-9分,,紹介状無し,再診,枠なし予約,なし,1
脳神経内科,2025-12,通常診療,0-4分,有,紹介状あり,初診,枠あり予約,なし,2
脳神経内科,2025-12,通常診療,0-4分,有,紹介状無し,再診,枠あり予約,なし,31
脳神経内科,2025-12,通常診療,0-4分,有,紹介状無し,再診,枠あり予約,検査済,1
脳神経内科,2025-12,通常診療,0-4分,無,紹介状無し,再診,枠あり予約,,1
脳神経内科,2025-12,通常診療,0-4分,,紹介状あり,初診,枠あり予約,なし,5
脳神経内科,2025-12,通常診療,0-4分,,紹介状無し,再診,枠あり予約,なし,119
脳神経内科,2025-12,通常診療,0-4分,,紹介状無し,再診,枠あり予約,検査済,3
脳神経内科,2025-12,通常診療,10-14分,有,紹介状無し,再診,枠あり予約,なし,13
脳神経内科,2025-12,通常診療,10-14分,,紹介状あり,初診,枠あり予約,なし,5
脳神経内科,2025-12,通常診療,10-14分,,紹介状無し,再診,枠あり予約,なし,53
脳神経内科,2025-12,通常診療,10-14分,,紹介状無し,再診,枠あり予約,検査済,1
脳神経内科,2025-12,通常診療,10-14分,,紹介状無し,初診,枠あり予約,なし,1
脳神経内科,2025-12,通常診療,15-29分,有,紹介状無し,再診,枠あり予約,なし,8
脳神経内科,2025-12,通常診療,15-29分,,紹介状あり,再診,枠あり予約,,1
脳神経内科,2025-12,通常診療,15-29分,,紹介状あり,初診,枠あり予約,なし,25
脳神経内科,2025-12,通常診療,15-29分,,紹介状無し,再診,枠あり予約,なし,35
脳神経内科,2025-12,通常診療,30分以上,有,紹介状無し,初診,枠あり予約,,1
脳神経内科,2025-12,通常診療,30分以上,,紹介状あり,初診,枠あり予約,なし,4
脳神経内科,2025-12,通常診療,30分以上,,紹介状あり,初診,枠あり予約,,2
脳神経内科,2025-12,通常診療,30分以上,,紹介状無し,再診,枠あり予約,なし,2
脳神経内科,2025-12,通常診療,30分以上,,紹介状無し,初診,枠あり予約,,1
脳神経内科,2025-12,通常診療,5-9分,有,紹介状あり,初診,枠あり予約,なし,1
脳神経内科,2025-12,通常診療,5-9分,有,紹介状無し,再診,枠あり予約,なし,35
脳神経内科,2025-12,通常診療,5-9分,有,紹介状無し,再診,枠あり予約,検査済,2
脳神経内科,2025-12,通常診療,5-9分,,紹介状あり,初診,枠あり予約,なし,4
脳神経内科,2025-12,通常診療,5-9分,,紹介状無し,再診,枠あり予約,なし,124
脳神経内科,2025-12,通常診療,5-9分,,紹介状無し,再診,枠あり予約,検査中,1
脳神経内科,2025-12,通常診療,5-9分,,紹介状無し,再診,枠あり予約,検査済,3
脳神経内科,2025-12,通常診療,不明,有,紹介状無し,再診,枠あり予約,なし,2
脳神経内科,2025-12,通常診療,不明,,紹介状あり,初診,枠あり予約,なし,1
脳神経内科,2025-12,通常診療,不明,,紹介状無し,再診,枠あり予約,なし,16
脳神経内科,2025-12,通常診療,不明,,紹介状無し,再診,枠あり予約,,1
脳神経外科,2025-12,薬のみ,0-4分,有,紹介状無し,再診,枠なし予約,なし,5
脳神経外科,2025-12,薬のみ,0-4分,無,紹介状無し,再診,枠なし予約,なし,6
脳神経外科,2025-12,薬のみ,10-14分,無,紹介状無し,再診,枠なし予約,なし,3
脳神経外科,2025-12,薬のみ,10-14分,,紹介状あり,初診,,,1
脳神経外科,2025-12,薬のみ,15-29分,無,紹介状無し,再診,枠なし予約,なし,3
脳神経外科,2025-12,薬のみ,15-29分,無,紹介状無し,再診,,なし,1
脳神経外科,2025-12,薬のみ,30分以上,有,紹介状無し,再診,枠なし予約,なし,1
脳神経外科,2025-12,薬のみ,30分以上,無,紹介状無し,再診,枠なし予約,検査済,1
脳神経外科,2025-12,薬のみ,5-9分,有,紹介状無し,再診,,なし,1
脳神経外科,2025-12,薬のみ,5-9分,無,紹介状無し,再診,枠なし予約,なし,1
脳神経外科,2025-12,薬のみ,5-9分,,紹介状無し,再診,枠なし予約,なし,1
脳神経外科,2025-12,通常診療,0-4分,有,紹介状あり,初診,枠あり予約,なし,1
脳神経外科,2025-12,通常診療,0-4分,有,紹介状あり,初診,枠あり予約,,1
脳神経外科,2025-12,通常診療,0-4分,有,紹介状無し,再診,枠あり予約,なし,7
脳神経外科,2025-12,通常診療,0-4分,有,紹介状無し,初診,枠あり予約,,1
脳神経外科,2025-12,通常診療,0-4分,,紹介状あり,初診,枠あり予約,なし,1
脳神経外科,2025-12,通常診療,0-4分,,紹介状あり,初診,枠あり予約,,1
脳神経外科,2025-12,通常診療,0-4分,,紹介状無し,再診,枠あり予約,なし,27
脳神経外科,2025-12,通常診療,0-4分,,紹介状無し,再診,枠あり予約,,1
脳神経外科,2025-12,通常診療,0-4分,,紹介状無し,初診,枠あり予約,,2
脳神経外科,2025-12,通常診療,10-14分,有,紹介状あり,初診,枠あり予約,なし,1
脳神経外科,2025-12,通常診療,10-14分,有,紹介状無し,再診,枠あり予約,なし,4
脳神経外科,2025-12,通常診療,10-14分,有,紹介状無し,初診,枠あり予約,,1
脳神経外科,2025-12,通常診療,10-14分,,紹介状あり,初診,枠あり予約,なし,3
脳神経外科,2025-12,通常診療,10-14分,,紹介状無し,再診,枠あり予約,なし,24
脳神経外科,2025-12,通常診療,15-29分,有,紹介状無し,再診,枠あり予約,なし,6
脳神経外科,2025-12,通常診療,15-29分,有,紹介状無し,初診,枠あり予約,,1
脳神経外科,2025-12,通常診療,15-29分,無,紹介状無し,再診,枠あり予約,,3
脳神経外科,2025-12,通常診療,15-29分,,紹介状あり,初診,枠あり予約,なし,3
脳神経外科,2025-12,通常診療,15-29分,,紹介状無し,再診,枠あり予約,なし,30
脳神経外科,2025-12,通常診療,15-29分,,紹介状無し,再診,枠あり予約,,1
脳神経外科,2025-12,通常診療,15-29分,,紹介状無し,初診,枠あり予約,,2
脳神経外科,2025-12,通常診療,30分以上,有,紹介状あり,初診,枠あり予約,なし,1
脳神経外科,2025-12,通常診療,30分以上,有,紹介状無し,再診,枠あり予約,なし,4
脳神経外科,2025-12,通常診療,30分以上,,紹介状あり,初診,枠あり予約,なし,8
脳神経外科,2025-12,通常診療,30分以上,,紹介状無し,再診,枠あり予約,なし,15
脳神経外科,2025-12,通常診療,30分以上,,紹介状無し,再診,枠あり予約,検査済,1
脳神経外科,2025-12,通常診療,30分以上,,紹介状無し,初診,枠あり予約,なし,1
脳神経外科,2025-12,通常診療,5-9分,有,紹介状あり,初診,枠あり予約,なし,1
脳神経外科,2025-12,通常診療,5-9分,有,紹介状無し,再診,枠あり予約,なし,8
脳神経外科,2025-12,通常診療,5-9分,,紹介状あり,初診,枠あり予約,なし,1
脳神経外科,2025-12,通常診療,5-9分,,紹介状無し,再診,枠あり予約,なし,50
脳神経外科,2025-12,通常診療,不明,,紹介状無し,再診,枠あり予約,なし,7
腎内科,2025-12,薬のみ,0-4分,有,紹介状無し,再診,枠なし予約,なし,16
腎内科,2025-12,薬のみ,0-4分,無,紹介状無し,再診,枠なし予約,なし,24
腎内科,2025-12,薬のみ,0-4分,,紹介状無し,再診,枠なし予約,なし,1
腎内科,2025-12,薬のみ,10-14分,有,紹介状無し,再診,枠なし予約,なし,2
腎内科,2025-12,薬のみ,10-14分,無,紹介状無し,再診,枠なし予約,なし,1
腎内科,2025-12,薬のみ,10-14分,無,紹介状無し,再診,枠なし予約,検査済,1
腎内科,2025-12,薬のみ,15-29分,有,紹介状無し,再診,枠なし予約,なし,5
腎内科,2025-12,薬のみ,15-29分,有,紹介状無し,再診,枠なし予約,検査済,1
腎内科,2025-12,薬のみ,15-29分,無,紹介状無し,再診,枠なし予約,なし,16
腎内科,2025-12,薬のみ,30分以上,有,紹介状無し,再診,枠なし予約,なし,3
腎内科,2025-12,薬のみ,30分以上,有,紹介状無し,再診,枠なし予約,至急済,1
腎内科,2025-12,薬のみ,30分以上,無,紹介状無し,再診,枠なし予約,なし,7
腎内科,2025-12,薬のみ,30分以上,無,紹介状無し,再診,枠なし予約,至急済,1
腎内科,2025-12,薬のみ,5-9分,無,紹介状無し,再診,枠なし予約,なし,6
腎内科,2025-12,薬のみ,不明,有,紹介状無し,再診,枠なし予約,なし,1
腎内科,2025-12,薬のみ,不明,無,紹介状無し,再診,枠なし予約,なし,2
腎内科,2025-12,通常診療,0-4分,有,紹介状あり,初診,枠あり予約,なし,1
腎内科,2025-12,通常診療,0-4分,有,紹介状無し,再診,枠あり予約,なし,56
腎内科,2025-12,通常診療,0-4分,有,紹介状無し,再診,枠あり予約,検査未,1
腎内科,2025-12,通常診療,0-4分,有,紹介状無し,再診,枠あり予約,検査済,17
腎内科,2025-12,通常診療,0-4分,有,紹介状無し,再診,枠あり予約,至急済,3
腎内科,2025-12,通常診療,0-4分,,紹介状あり,初診,枠あり予約,なし,6
腎内科,2025-12,通常診療,0-4分,,紹介状無し,再診,枠あり予約,なし,14
腎内科,2025-12,通常診療,0-4分,,紹介状無し,再診,枠あり予約,検査未,1
腎内科,2025-12,通常診療,0-4分,,紹介状無し,再診,枠あり予約,検査済,57
腎内科,2025-12,通常診療,0-4分,,紹介状無し,再診,枠あり予約,至急済,12
腎内科,2025-12,通常診療,10-14分,有,紹介状無し,再診,枠あり予約,なし,18
腎内科,2025-12,通常診療,10-14分,有,紹介状無し,再診,枠あり予約,検査済,7
腎内科,2025-12,通常診療,10-14分,有,紹介状無し,再診,枠あり予約,至急済,8
腎内科,2025-12,通常診療,10-14分,,紹介状あり,初診,枠あり予約,検査済,1
腎内科,2025-12,通常診療,10-14分,,紹介状あり,初診,枠あり予約,至急済,1
腎内科,2025-12,通常診療,10-14分,,紹介状無し,再診,枠あり予約,なし,17
腎内科,2025-12,通常診療,10-14分,,紹介状無し,再診,枠あり予約,検査済,32
腎内科,2025-12,通常診療,10-14分,,紹介状無し,再診,枠あり予約,至急済,20
腎内科,2025-12,通常診療,15-29分,有,紹介状無し,再診,枠あり予約,なし,11
腎内科,2025-12,通常診療,15-29分,有,紹介状無し,再診,枠あり予約,検査済,5
腎内科,2025-12,通常診療,15-29分,有,紹介状無し,再診,枠あり予約,至急済,3
腎内科,2025-12,通常診療,15-29分,,紹介状あり,初診,枠あり予約,なし,2
腎内科,2025-12,通常診療,15-29分,,紹介状無し,再診,枠あり予約,なし,26
腎内科,2025-12,通常診療,15-29分,,紹介状無し,再診,枠あり予約,検査済,23
腎内科,2025-12,通常診療,15-29分,,紹介状無し,再診,枠あり予約,至急済,12
腎内科,2025-12,通常診療,30分以上,有,紹介状あり,初診,枠あり予約,至急済,1
腎内科,2025-12,通常診療,30分以上,有,紹介状無し,再診,枠あり予約,なし,7
腎内科,2025-12,通常診療,30分以上,有,紹介状無し,初診,枠あり予約,なし,1
腎内科,2025-12,通常診療,30分以上,,紹介状あり,再診,枠あり予約,,1
腎内科,2025-12,通常診療,30分以上,,紹介状あり,初診,枠あり予約,なし,6
腎内科,2025-12,通常診療,30分以上,,紹介状あり,初診,枠あり予約,,2
腎内科,2025-12,通常診療,30分以上,,紹介状無し,再診,枠あり予約,なし,11
腎内科,2025-12,通常診療,30分以上,,紹介状無し,再診,枠あり予約,検査済,2
腎内科,2025-12,通常診療,30分以上,,紹介状無し,再診,枠あり予約,至急済,3
腎内科,2025-12,通常診療,5-9分,有,紹介状無し,再診,枠あり予約,なし,19
腎内科,2025-12,通常診療,5-9分,有,紹介状無し,再診,枠あり予約,検査済,35
腎内科,2025-12,通常診療,5-9分,有,紹介状無し,再診,枠あり予約,至急済,15
腎内科,2025-12,通常診療,5-9分,,紹介状あり,初診,枠あり予約,なし,5
腎内科,2025-12,通常診療,5-9分,,紹介状無し,再診,枠あり予約,なし,33
腎内科,2025-12,通常診療,5-9分,,紹介状無し,再診,枠あり予約,検査中,1
腎内科,2025-12,通常診療,5-9分,,紹介状無し,再診,枠あり予約,検査済,133
腎内科,2025-12,通常診療,5-9分,,紹介状無し,再診,枠あり予約,至急済,41
腎内科,2025-12,通常診療,5-9分,,紹介状無し,初診,枠あり予約,検査済,1
腎内科,2025-12,通常診療,不明,有,紹介状無し,再診,枠あり予約,なし,15
腎内科,2025-12,通常診療,不明,有,紹介状無し,再診,枠あり予約,検査未,1
腎内科,2025-12,通常診療,不明,,紹介状あり,初診,枠あり予約,なし,2
腎内科,2025-12,通常診療,不明,,紹介状無し,再診,枠あり予約,なし,6
腎内科,2025-12,通常診療,不明,,紹介状無し,再診,枠あり予約,検査未,15
腎内科,2025-12,通常診療,不明,,紹介状無し,再診,枠あり予約,検査済,1
臨床工学技師,2025-12,薬のみ,不明,有,紹介状無し,再診,枠なし予約,なし,1
臨床工学技師,2025-12,薬のみ,不明,無,紹介状無し,再診,枠なし予約,なし,1
臨床工学技師,2025-12,通常診療,0-4分,,紹介状無し,再診,枠あり予約,なし,3
臨床工学技師,2025-12,通常診療,不明,有,紹介状無し,再診,枠あり予約,なし,67
臨床工学技師,2025-12,通常診療,不明,,紹介状無し,再診,枠あり予約,なし,178
臨床腫瘍科,2025-12,薬のみ,0-4分,有,紹介状無し,再診,枠なし予約,なし,4
臨床腫瘍科,2025-12,薬のみ,0-4分,無,紹介状無し,再診,枠なし予約,なし,3
臨床腫瘍科,2025-12,薬のみ,10-14分,有,紹介状無し,再診,枠なし予約,なし,5
臨床腫瘍科,2025-12,薬のみ,10-14分,有,紹介状無し,再診,枠なし予約,検査済,1
臨床腫瘍科,2025-12,薬のみ,10-14分,有,紹介状無し,再診,,なし,1
臨床腫瘍科,2025-12,薬のみ,10-14分,無,紹介状無し,再診,枠なし予約,なし,1
臨床腫瘍科,2025-12,薬のみ,15-29分,有,紹介状無し,再診,枠なし予約,なし,4
臨床腫瘍科,2025-12,薬のみ,15-29分,無,紹介状無し,再診,枠なし予約,なし,2
臨床腫瘍科,2025-12,薬のみ,30分以上,有,紹介状無し,再診,枠なし予約,なし,1
臨床腫瘍科,2025-12,薬のみ,5-9分,有,紹介状無し,再診,枠なし予約,なし,10
臨床腫瘍科,2025-12,薬のみ,5-9分,無,紹介状無し,再診,枠なし予約,なし,1
臨床腫瘍科,2025-12,薬のみ,不明,有,紹介状無し,再診,枠なし予約,なし,1
臨床腫瘍科,2025-12,通常診療,0-4分,有,紹介状無し,再診,枠あり予約,なし,10
臨床腫瘍科,2025-12,通常診療,0-4分,,紹介状無し,再診,枠あり予約,なし,1
臨床腫瘍科,2025-12,通常診療,0-4分,,紹介状無し,再診,枠あり予約,検査済,3
臨床腫瘍科,2025-12,通常診療,10-14分,有,紹介状無し,再診,枠あり予約,なし,17
臨床腫瘍科,2025-12,通常診療,10-14分,有,紹介状無し,再診,枠あり予約,検査済,4
臨床腫瘍科,2025-12,通常診療,10-14分,有,紹介状無し,再診,枠あり予約,至急済,2
臨床腫瘍科,2025-12,通常診療,10-14分,,紹介状無し,再診,枠あり予約,なし,2
臨床腫瘍科,2025-12,通常診療,10-14分,,紹介状無し,再診,枠あり予約,検査済,5
臨床腫瘍科,2025-12,通常診療,10-14分,,紹介状無し,再診,枠あり予約,至急済,1
臨床腫瘍科,2025-12,通常診療,15-29分,有,紹介状無し,再診,枠あり予約,なし,20
臨床腫瘍科,2025-12,通常診療,15-29分,有,紹介状無し,再診,枠あり予約,検査済,5
臨床腫瘍科,2025-12,通常診療,15-29分,,紹介状無し,再診,枠あり予約,なし,6
臨床腫瘍科,2025-12,通常診療,15-29分,,紹介状無し,再診,枠あり予約,検査済,1
臨床腫瘍科,2025-12,通常診療,30分以上,有,紹介状無し,再診,枠あり予約,なし,8
臨床腫瘍科,2025-12,通常診療,30分以上,,紹介状無し,再診,枠あり予約,なし,1
臨床腫瘍科,2025-12,通常診療,5-9分,有,紹介状無し,再診,枠あり予約,なし,29
臨床腫瘍科,2025-12,通常診療,5-9分,有,紹介状無し,再診,枠あり予約,検査済,7
臨床腫瘍科,2025-12,通常診療,5-9分,有,紹介状無し,再診,枠あり予約,至急済,5
臨床腫瘍科,2025-12,通常診療,5-9分,,紹介状無し,再診,枠あり予約,なし,2
臨床腫瘍科,2025-12,通常診療,5-9分,,紹介状無し,再診,枠あり予約,検査未,1
臨床腫瘍科,2025-12,通常診療,5-9分,,紹介状無し,再診,枠あり予約,検査済,7
臨床腫瘍科,2025-12,通常診療,5-9分,,紹介状無し,再診,枠あり予約,至急済,1
臨床腫瘍科,2025-12,通常診療,不明,有,紹介状無し,再診,枠あり予約,なし,1
臨床腫瘍科,2025-12,通常診療,不明,有,紹介状無し,再診,枠あり予約,検査未,1
薬剤部,2025-12,薬のみ,0-4分,有,紹介状無し,再診,枠なし予約,なし,2
薬剤部,2025-12,薬のみ,不明,有,紹介状無し,再診,枠なし予約,なし,4
薬剤部,2025-12,通常診療,0-4分,有,紹介状無し,再診,枠あり予約,なし,113
薬剤部,2025-12,通常診療,不明,有,紹介状無し,再診,枠あり予約,なし,20
血液内科,2025-12,薬のみ,0-4分,有,紹介状無し,再診,枠なし予約,なし,9
血液内科,2025-12,薬のみ,0-4分,有,紹介状無し,再診,枠なし予約,検査済,1
血液内科,2025-12,薬のみ,0-4分,無,紹介状無し,再診,枠なし予約,なし,20
血液内科,2025-12,薬のみ,0-4分,無,紹介状無し,再診,枠なし予約,検査済,1
血液内科,2025-12,薬のみ,0-4分,,紹介状無し,再診,,なし,1
血液内科,2025-12,薬のみ,10-14分,有,紹介状無し,再診,枠なし予約,なし,2
血液内科,2025-12,薬のみ,10-14分,無,紹介状無し,再診,枠なし予約,なし,2
血液内科,2025-12,薬のみ,15-29分,有,紹介状無し,再診,枠なし予約,なし,1
血液内科,2025-12,薬のみ,15-29分,無,紹介状無し,再診,枠なし予約,なし,4
血液内科,2025-12,薬のみ,30分以上,有,紹介状無し,再診,枠なし予約,なし,1
血液内科,2025-12,薬のみ,30分以上,有,紹介状無し,再診,枠なし予約,検査済,1
血液内科,2025-12,薬のみ,5-9分,有,紹介状無し,再診,枠なし予約,なし,3
血液内科,2025-12,薬のみ,5-9分,無,紹介状無し,再診,枠なし予約,なし,2
血液内科,2025-12,薬のみ,不明,有,紹介状無し,再診,枠なし予約,なし,1
血液内科,2025-12,薬のみ,不明,無,紹介状無し,再診,枠なし予約,なし,5
血液内科,2025-12,薬のみ,不明,無,紹介状無し,再診,枠なし予約,検査済,1
血液内科,2025-12,通常診療,0-4分,有,紹介状無し,再診,枠あり予約,なし,52
血液内科,2025-12,通常診療,0-4分,有,紹介状無し,再診,枠あり予約,検査中,2
血液内科,2025-12,通常診療,0-4分,有,紹介状無し,再診,枠あり予約,検査未,1
血液内科,2025-12,通常診療,0-4分,有,紹介状無し,再診,枠あり予約,検査済,36
血液内科,2025-12,通常診療,0-4分,有,紹介状無し,再診,枠あり予約,至急済,24
血液内科,2025-12,通常診療,0-4分,,紹介状あり,初診,枠あり予約,なし,1
血液内科,2025-12,通常診療,0-4分,,紹介状無し,再診,枠あり予約,なし,86
血液内科,2025-12,通常診療,0-4分,,紹介状無し,再診,枠あり予約,検査中,1
血液内科,2025-12,通常診療,0-4分,,紹介状無し,再診,枠あり予約,検査済,92
血液内科,2025-12,通常診療,0-4分,,紹介状無し,再診,枠あり予約,至急済,72
血液内科,2025-12,通常診療,0-4分,,紹介状無し,再診,枠あり予約,,1
血液内科,2025-12,通常診療,10-14分,有,紹介状あり,初診,枠あり予約,なし,1
血液内科,2025-12,通常診療,10-14分,有,紹介状あり,初診,枠あり予約,至急済,1
血液内科,2025-12,通常診療,10-14分,有,紹介状無し,再診,枠あり予約,なし,10
血液内科,2025-12,通常診療,10-14分,有,紹介状無し,再診,枠あり予約,検査中,1
血液内科,2025-12,通常診療,10-14分,有,紹介状無し,再診,枠あり予約,検査済,9
血液内科,2025-12,通常診療,10-14分,有,紹介状無し,再診,枠あり予約,至急済,12
血液内科,2025-12,通常診療,10-14分,,紹介状あり,初診,枠あり予約,なし,4
血液内科,2025-12,通常診療,10-14分,,紹介状あり,初診,枠あり予約,至急済,3
血液内科,2025-12,通常診療,10-14分,,紹介状無し,再診,枠あり予約,なし,15
血液内科,2025-12,通常診療,10-14分,,紹介状無し,再診,枠あり予約,検査済,21
血液内科,2025-12,通常診療,10-14分,,紹介状無し,再診,枠あり予約,至急済,15
血液内科,2025-12,通常診療,15-29分,有,紹介状あり,初診,枠あり予約,至急済,1
血液内科,2025-12,通常診療,15-29分,有,紹介状あり,初診,枠あり予約,,1
血液内科,2025-12,通常診療,15-29分,有,紹介状無し,再診,枠あり予約,なし,4
血液内科,2025-12,通常診療,15-29分,有,紹介状無し,再診,枠あり予約,検査済,7
血液内科,2025-12,通常診療,15-29分,有,紹介状無し,再診,枠あり予約,至急済,15
血液内科,2025-12,通常診療,15-29分,,紹介状あり,初診,枠あり予約,なし,2
血液内科,2025-12,通常診療,15-29分,,紹介状無し,再診,枠あり予約,なし,16
血液内科,2025-12,通常診療,15-29分,,紹介状無し,再診,枠あり予約,検査済,17
血液内科,2025-12,通常診療,15-29分,,紹介状無し,再診,枠あり予約,至急済,16
血液内科,2025-12,通常診療,15-29分,,紹介状無し,初診,枠あり予約,なし,1
血液内科,2025-12,通常診療,30分以上,有,紹介状無し,再診,枠あり予約,検査済,1
血液内科,2025-12,通常診療,30分以上,有,紹介状無し,再診,枠あり予約,至急済,1
血液内科,2025-12,通常診療,30分以上,,紹介状あり,初診,枠あり予約,なし,2
血液内科,2025-12,通常診療,30分以上,,紹介状あり,初診,枠あり予約,至急済,2
血液内科,2025-12,通常診療,30分以上,,紹介状無し,再診,枠あり予約,なし,1
血液内科,2025-12,通常診療,30分以上,,紹介状無し,再診,枠あり予約,検査済,3
血液内科,2025-12,通常診療,30分以上,,紹介状無し,再診,枠あり予約,至急済,2
血液内科,2025-12,通常診療,5-9分,有,紹介状あり,初診,枠あり予約,なし,2
血液内科,2025-12,通常診療,5-9分,有,紹介状あり,初診,枠あり予約,,1
血液内科,2025-12,通常診療,5-9分,有,紹介状無し,再診,枠あり予約,なし,17
血液内科,2025-12,通常診療,5-9分,有,紹介状無し,再診,枠あり予約,検査中,1
血液内科,2025-12,通常診療,5-9分,有,紹介状無し,再診,枠あり予約,検査済,31
血液内科,2025-12,通常診療,5-9分,有,紹介状無し,再診,枠あり予約,至急済,31
血液内科,2025-12,通常診療,5-9分,,紹介状あり,初診,枠あり予約,なし,1
血液内科,2025-12,通常診療,5-9分,,紹介状あり,初診,枠あり予約,検査済,1
血液内科,2025-12,通常診療,5-9分,,紹介状あり,初診,枠あり予約,至急済,2
血液内科,2025-12,通常診療,5-9分,,紹介状無し,再診,枠あり予約,なし,46
血液内科,2025-12,通常診療,5-9分,,紹介状無し,再診,枠あり予約,検査未,1
血液内科,2025-12,通常診療,5-9分,,紹介状無し,再診,枠あり予約,検査済,65
血液内科,2025-12,通常診療,5-9分,,紹介状無し,再診,枠あり予約,至急済,66
血液内科,2025-12,通常診療,不明,有,紹介状無し,再診,枠あり予約,なし,9
血液内科,2025-12,通常診療,不明,有,紹介状無し,再診,枠あり予約,検査未,1
血液内科,2025-12,通常診療,不明,有,紹介状無し,再診,枠あり予約,,2
血液内科,2025-12,通常診療,不明,,紹介状無し,再診,枠あり予約,なし,18
血液内科,2025-12,通常診療,不明,,紹介状無し,再診,枠あり予約,検査未,9
退院支援,2025-12,通常診療,0-4分,有,紹介状無し,再診,枠あり予約,なし,35
退院支援,2025-12,通常診療,0-4分,,紹介状無し,再診,枠あり予約,なし,58
退院支援,2025-12,通常診療,不明,有,紹介状無し,再診,枠あり予約,なし,17
退院支援,2025-12,通常診療,不明,,紹介状無し,再診,枠あり予約,なし,44
通院治療センター,2025-12,薬のみ,0-4分,有,紹介状無し,再診,枠なし予約,なし,3
通院治療センター,2025-12,薬のみ,0-4分,有,紹介状無し,再診,枠なし予約,検査未,1
通院治療センター,2025-12,薬のみ,10-14分,有,紹介状無し,再診,枠なし予約,なし,6
通院治療センター,2025-12,薬のみ,15-29分,有,紹介状無し,再診,枠なし予約,なし,4
通院治療センター,2025-12,薬のみ,15-29分,無,紹介状無し,再診,枠なし予約,なし,1
通院治療センター,2025-12,薬のみ,5-9分,有,紹介状無し,再診,枠なし予約,なし,2
通院治療センター,2025-12,通常診療,0-4分,有,紹介状無し,再診,枠あり予約,なし,1
通院治療センター,2025-12,通常診療,0-4分,,紹介状無し,再診,枠あり予約,なし,2
通院治療センター,2025-12,通常診療,10-14分,,紹介状無し,再診,枠あり予約,なし,1
通院治療センター,2025-12,通常診療,15-29分,有,紹介状無し,再診,枠あり予約,なし,5
通院治療センター,2025-12,通常診療,15-29分,,紹介状無し,再診,枠あり予約,なし,8
通院治療センター,2025-12,通常診療,30分以上,有,紹介状無し,再診,枠あり予約,なし,2
通院治療センター,2025-12,通常診療,30分以上,,紹介状無し,再診,枠あり予約,なし,1
通院治療センター,2025-12,通常診療,5-9分,,紹介状無し,再診,枠あり予約,なし,2
通院治療センター,2025-12,通常診療,不明,有,紹介状無し,再診,枠あり予約,なし,1
遺伝診療科,2025-12,薬のみ,0-4分,有,紹介状無し,再診,枠なし予約,なし,1
遺伝診療科,2025-12,薬のみ,0-4分,無,紹介状無し,再診,枠なし予約,なし,3
遺伝診療科,2025-12,薬のみ,0-4分,無,紹介状無し,初診,枠なし予約,なし,1
遺伝診療科,2025-12,薬のみ,0-4分,,紹介状無し,再診,枠なし予約,なし,1
遺伝診療科,2025-12,薬のみ,15-29分,無,紹介状あり,再診,枠なし予約,なし,2
遺伝診療科,2025-12,薬のみ,5-9分,無,紹介状あり,初診,枠なし予約,なし,1
遺伝診療科,2025-12,通常診療,0-4分,有,紹介状無し,再診,枠あり予約,なし,6
遺伝診療科,2025-12,通常診療,0-4分,無,紹介状無し,初診,枠あり予約,なし,1
遺伝診療科,2025-12,通常診療,0-4分,,紹介状無し,再診,枠あり予約,なし,7
遺伝診療科,2025-12,通常診療,0-4分,,紹介状無し,初診,枠あり予約,なし,12
遺伝診療科,2025-12,通常診療,10-14分,有,紹介状無し,再診,枠あり予約,なし,2
遺伝診療科,2025-12,通常診療,10-14分,,紹介状無し,再診,枠あり予約,なし,4
遺伝診療科,2025-12,通常診療,15-29分,有,紹介状無し,再診,枠あり予約,なし,2
遺伝診療科,2025-12,通常診療,15-29分,,紹介状あり,再診,枠あり予約,なし,2
遺伝診療科,2025-12,通常診療,15-29分,,紹介状無し,再診,枠あり予約,なし,4
遺伝診療科,2025-12,通常診療,15-29分,,紹介状無し,初診,枠あり予約,なし,1
遺伝診療科,2025-12,通常診療,30分以上,有,紹介状無し,再診,枠あり予約,なし,4
遺伝診療科,2025-12,通常診療,30分以上,,紹介状あり,再診,枠あり予約,なし,1
遺伝診療科,2025-12,通常診療,30分以上,,紹介状あり,初診,枠あり予約,なし,1
遺伝診療科,2025-12,通常診療,30分以上,,紹介状無し,再診,枠あり予約,なし,6
遺伝診療科,2025-12,通常診療,5-9分,,紹介状無し,再診,枠あり予約,なし,1
遺伝診療科,2025-12,通常診療,不明,有,紹介状無し,再診,枠あり予約,なし,7
遺伝診療科,2025-12,通常診療,不明,,紹介状無し,再診,枠あり予約,なし,3
骨転移カンファレンス,2025-12,薬のみ,不明,有,紹介状無し,再診,枠なし予約,なし,1
骨転移カンファレンス,2025-12,通常診療,不明,,紹介状無し,再診,枠あり予約,なし,5
麻酔科,2025-12,通常診療,0-4分,有,紹介状無し,再診,枠あり予約,なし,74
麻酔科,2025-12,通常診療,0-4分,,紹介状無し,再診,枠あり予約,なし,21
麻酔科,2025-12,通常診療,10-14分,有,紹介状無し,再診,枠あり予約,なし,79
麻酔科,2025-12,通常診療,10-14分,,紹介状無し,再診,枠あり予約,なし,9
麻酔科,2025-12,通常診療,15-29分,有,紹介状無し,再診,枠あり予約,なし,35
麻酔科,2025-12,通常診療,15-29分,,紹介状無し,再診,枠あり予約,なし,4
麻酔科,2025-12,通常診療,30分以上,有,紹介状無し,再診,枠あり予約,なし,2
麻酔科,2025-12,通常診療,30分以上,,紹介状無し,再診,枠あり予約,なし,1
麻酔科,2025-12,通常診療,5-9分,有,紹介状無し,再診,枠あり予約,なし,165
麻酔科,2025-12,通常診療,5-9分,,紹介状無し,再診,枠あり予約,なし,16
ＥＳＴ(倫理相談),2025-12,通常診療,不明,,紹介状無し,再診,枠あり予約,なし,1
ﾘﾊﾋﾞﾘﾃｰｼｮﾝ科,2025-12,薬のみ,0-4分,無,紹介状無し,再診,枠なし予約,なし,2
ﾘﾊﾋﾞﾘﾃｰｼｮﾝ科,2025-12,薬のみ,30分以上,有,紹介状無し,再診,枠なし予約,なし,1
ﾘﾊﾋﾞﾘﾃｰｼｮﾝ科,2025-12,通常診療,0-4分,有,紹介状無し,再診,枠あり予約,なし,16
ﾘﾊﾋﾞﾘﾃｰｼｮﾝ科,2025-12,通常診療,0-4分,有,紹介状無し,再診,枠あり予約,,1
ﾘﾊﾋﾞﾘﾃｰｼｮﾝ科,2025-12,通常診療,0-4分,無,紹介状無し,再診,枠あり予約,,2
ﾘﾊﾋﾞﾘﾃｰｼｮﾝ科,2025-12,通常診療,0-4分,,紹介状あり,初診,枠あり予約,なし,2
ﾘﾊﾋﾞﾘﾃｰｼｮﾝ科,2025-12,通常診療,0-4分,,紹介状無し,再診,枠あり予約,なし,60
ﾘﾊﾋﾞﾘﾃｰｼｮﾝ科,2025-12,通常診療,10-14分,,紹介状無し,再診,枠あり予約,なし,1
ﾘﾊﾋﾞﾘﾃｰｼｮﾝ科,2025-12,通常診療,15-29分,有,紹介状無し,再診,枠あり予約,なし,1
ﾘﾊﾋﾞﾘﾃｰｼｮﾝ科,2025-12,通常診療,15-29分,,紹介状無し,再診,枠あり予約,なし,1
ﾘﾊﾋﾞﾘﾃｰｼｮﾝ科,2025-12,通常診療,30分以上,,紹介状無し,再診,枠あり予約,なし,1
ﾘﾊﾋﾞﾘﾃｰｼｮﾝ科,2025-12,通常診療,5-9分,有,紹介状無し,再診,枠あり予約,なし,2
ﾘﾊﾋﾞﾘﾃｰｼｮﾝ科,2025-12,通常診療,5-9分,,紹介状無し,再診,枠あり予約,なし,9
ﾘﾊﾋﾞﾘﾃｰｼｮﾝ科,2025-12,通常診療,不明,有,紹介状無し,再診,枠あり予約,なし,6
ﾘﾊﾋﾞﾘﾃｰｼｮﾝ科,2025-12,通常診療,不明,,紹介状無し,再診,枠あり予約,なし,4
