診療科名,併科診療科略称名1,曜日,初再診区分,件数
PICCCVポートセンター,呼吸,3,再診,1
PICCCVポートセンター,呼吸,4,再診,2
PICCCVポートセンター,整形,4,再診,1
PICCCVポートセンター,歯口,4,再診,2
PICCCVポートセンター,消化,0,再診,1
PICCCVポートセンター,消化,2,再診,1
PICCCVポートセンター,消化,3,再診,1
PICCCVポートセンター,消化,4,再診,1
PICCCVポートセンター,産婦,0,再診,1
PICCCVポートセンター,産婦,4,再診,1
PICCCVポートセンター,皮膚,1,再診,3
PICCCVポートセンター,総合,0,再診,1
PICCCVポートセンター,総合,1,再診,1
PICCCVポートセンター,耳鼻,4,再診,1
PICCCVポートセンター,腎内,4,再診,1
PICCCVポートセンター,腫瘍,0,再診,1
PICCCVポートセンター,腫瘍,2,再診,1
PICCCVポートセンター,般外,4,再診,2
PICCCVポートセンター,血液,4,再診,1
PICCCVポートセンター,退院,1,再診,1
PICCCVポートセンター,退院,3,再診,1
がんゲノム,消化,0,再診,1
がんゲノム,看護,1,再診,4
アレルギー科,乳腺,1,再診,3
アレルギー科,乳腺,3,再診,1
アレルギー科,入退,1,再診,1
アレルギー科,入退,2,再診,1
アレルギー科,呼吸,0,再診,4
アレルギー科,呼吸,2,再診,1
アレルギー科,呼吸,3,再診,1
アレルギー科,循環,0,再診,1
アレルギー科,循環,2,再診,1
アレルギー科,心血,1,再診,1
アレルギー科,放射,2,再診,1
アレルギー科,放射,3,再診,2
アレルギー科,整形,1,再診,1
アレルギー科,歯口,1,再診,1
アレルギー科,泌尿,2,再診,2
アレルギー科,泌尿,3,再診,1
アレルギー科,消化,1,再診,1
アレルギー科,消化,2,再診,2
アレルギー科,皮膚,0,再診,1
アレルギー科,皮膚,1,再診,1
アレルギー科,眼科,3,再診,3
アレルギー科,総合,2,再診,1
アレルギー科,耳鼻,0,再診,1
アレルギー科,耳鼻,1,再診,2
アレルギー科,耳鼻,2,再診,1
アレルギー科,耳鼻,3,再診,3
アレルギー科,脳内,2,再診,1
アレルギー科,脳内,3,再診,1
アレルギー科,腎内,2,再診,1
アレルギー科,腎内,3,再診,1
アレルギー科,膠原,1,再診,2
アレルギー科,膠原,2,再診,1
アレルギー科,膠原,3,再診,2
アレルギー科,血液,0,再診,2
アレルギー科,血液,2,再診,2
アレルギー科,通院,1,再診,1
ソーシャルワーカー,呼吸,4,再診,1
ソーシャルワーカー,循環,1,再診,1
ソーシャルワーカー,循環,3,再診,1
ソーシャルワーカー,放射,0,再診,1
ソーシャルワーカー,放射,1,再診,1
ソーシャルワーカー,放射,4,再診,2
ソーシャルワーカー,整形,2,再診,1
ソーシャルワーカー,歯口,0,再診,1
ソーシャルワーカー,歯口,2,再診,1
ソーシャルワーカー,歯口,4,再診,2
ソーシャルワーカー,消化,2,再診,1
ソーシャルワーカー,消化,4,再診,1
ソーシャルワーカー,皮排,4,再診,2
ソーシャルワーカー,皮膚,0,再診,1
ソーシャルワーカー,皮膚,4,再診,1
ソーシャルワーカー,眼科,0,再診,1
ソーシャルワーカー,眼科,4,再診,1
ソーシャルワーカー,総合,0,再診,1
ソーシャルワーカー,耳鼻,3,再診,1
ソーシャルワーカー,脳内,0,再診,1
ソーシャルワーカー,脳内,3,再診,1
ソーシャルワーカー,膠原,1,再診,1
ソーシャルワーカー,般外,0,再診,2
ソーシャルワーカー,薬剤,3,再診,1
ソーシャルワーカー,血液,3,再診,1
ソーシャルワーカー,退院,0,再診,1
ソーシャルワーカー,退院,2,再診,2
ソーシャルワーカー,麻酔,2,再診,1
ソーシャルワーカー,ﾒﾝﾀﾙ,0,再診,1
ソーシャルワーカー,ﾒﾝﾀﾙ,4,再診,1
メンタルケア科,SW,0,再診,1
メンタルケア科,SW,4,再診,1
メンタルケア科,中処,4,再診,1
メンタルケア科,乳腺,2,再診,1
メンタルケア科,入退,2,再診,1
メンタルケア科,呼吸,0,再診,2
メンタルケア科,呼吸,1,再診,2
メンタルケア科,呼吸,2,再診,2
メンタルケア科,小児,0,再診,1
メンタルケア科,小児,3,再診,1
メンタルケア科,形成,1,再診,1
メンタルケア科,循環,0,再診,2
メンタルケア科,循環,2,再診,1
メンタルケア科,救急,0,再診,1
メンタルケア科,救急,3,再診,2
メンタルケア科,救急,4,再診,1
メンタルケア科,整形,0,再診,1
メンタルケア科,整形,2,再診,1
メンタルケア科,整形,4,再診,1
メンタルケア科,泌尿,0,再診,3
メンタルケア科,泌尿,1,再診,1
メンタルケア科,泌尿,3,再診,1
メンタルケア科,消化,0,再診,1
メンタルケア科,消化,1,再診,2
メンタルケア科,産婦,3,再診,1
メンタルケア科,産婦,4,再診,2
メンタルケア科,皮膚,0,再診,3
メンタルケア科,皮膚,2,再診,1
メンタルケア科,看護,2,再診,1
メンタルケア科,眼科,0,再診,1
メンタルケア科,総合,0,再診,7
メンタルケア科,総合,1,再診,1
メンタルケア科,総合,2,再診,2
メンタルケア科,総合,3,再診,1
メンタルケア科,総合,4,再診,2
メンタルケア科,耳鼻,2,再診,2
メンタルケア科,耳鼻,4,再診,1
メンタルケア科,脳内,0,再診,1
メンタルケア科,脳内,2,再診,2
メンタルケア科,脳内,3,再診,2
メンタルケア科,腎内,0,再診,1
メンタルケア科,腎内,2,再診,2
メンタルケア科,腎内,3,再診,1
メンタルケア科,膠原,2,再診,2
メンタルケア科,臨床,2,再診,1
メンタルケア科,臨床,3,再診,1
メンタルケア科,臨床,4,再診,1
メンタルケア科,般外,1,再診,1
メンタルケア科,般外,2,再診,2
メンタルケア科,退院,3,再診,1
メンタルケア科,退院,4,再診,1
メンタルケア科,麻酔,4,再診,1
リウマチ膠原病内科,アレ,1,再診,2
リウマチ膠原病内科,アレ,2,再診,1
リウマチ膠原病内科,アレ,3,再診,2
リウマチ膠原病内科,中処,1,再診,1
リウマチ膠原病内科,中処,3,再診,1
リウマチ膠原病内科,乳腺,0,再診,1
リウマチ膠原病内科,乳腺,1,再診,2
リウマチ膠原病内科,乳腺,2,再診,1
リウマチ膠原病内科,乳腺,4,再診,1
リウマチ膠原病内科,入退,1,再診,1
リウマチ膠原病内科,入退,3,再診,2
リウマチ膠原病内科,入退,3,初診,1
リウマチ膠原病内科,内科,0,再診,1
リウマチ膠原病内科,内科,2,再診,1
リウマチ膠原病内科,呼吸,0,再診,4
リウマチ膠原病内科,呼吸,1,再診,13
リウマチ膠原病内科,呼吸,2,再診,5
リウマチ膠原病内科,呼吸,3,再診,8
リウマチ膠原病内科,呼吸,4,再診,2
リウマチ膠原病内科,外来,2,再診,1
リウマチ膠原病内科,形成,1,再診,1
リウマチ膠原病内科,形成,4,再診,3
リウマチ膠原病内科,循環,1,再診,3
リウマチ膠原病内科,循環,3,再診,3
リウマチ膠原病内科,循環,4,再診,4
リウマチ膠原病内科,心血,1,再診,1
リウマチ膠原病内科,心血,4,再診,2
リウマチ膠原病内科,放射,2,再診,1
リウマチ膠原病内科,整形,0,再診,4
リウマチ膠原病内科,整形,1,再診,6
リウマチ膠原病内科,整形,2,再診,1
リウマチ膠原病内科,整形,3,再診,2
リウマチ膠原病内科,整形,3,初診,1
リウマチ膠原病内科,整形,4,再診,4
リウマチ膠原病内科,歯口,0,再診,1
リウマチ膠原病内科,歯口,1,再診,5
リウマチ膠原病内科,歯口,3,再診,2
リウマチ膠原病内科,泌尿,0,再診,1
リウマチ膠原病内科,泌尿,1,再診,2
リウマチ膠原病内科,泌尿,1,初診,1
リウマチ膠原病内科,泌尿,2,再診,4
リウマチ膠原病内科,泌尿,3,再診,1
リウマチ膠原病内科,泌尿,4,再診,2
リウマチ膠原病内科,消化,0,再診,5
リウマチ膠原病内科,消化,1,再診,4
リウマチ膠原病内科,消化,2,再診,5
リウマチ膠原病内科,消化,3,再診,4
リウマチ膠原病内科,消化,4,再診,5
リウマチ膠原病内科,産婦,1,再診,3
リウマチ膠原病内科,産婦,2,再診,1
リウマチ膠原病内科,産婦,3,再診,1
リウマチ膠原病内科,皮膚,0,再診,6
リウマチ膠原病内科,皮膚,1,再診,7
リウマチ膠原病内科,皮膚,2,再診,7
リウマチ膠原病内科,皮膚,3,再診,3
リウマチ膠原病内科,皮膚,3,初診,1
リウマチ膠原病内科,皮膚,4,再診,10
リウマチ膠原病内科,眼科,0,再診,10
リウマチ膠原病内科,眼科,1,再診,6
リウマチ膠原病内科,眼科,1,初診,1
リウマチ膠原病内科,眼科,2,再診,4
リウマチ膠原病内科,眼科,3,再診,6
リウマチ膠原病内科,眼科,4,再診,6
リウマチ膠原病内科,総合,0,再診,7
リウマチ膠原病内科,総合,0,初診,1
リウマチ膠原病内科,総合,1,再診,7
リウマチ膠原病内科,総合,2,再診,1
リウマチ膠原病内科,総合,3,再診,4
リウマチ膠原病内科,総合,4,再診,7
リウマチ膠原病内科,耳鼻,1,再診,4
リウマチ膠原病内科,耳鼻,2,再診,3
リウマチ膠原病内科,耳鼻,4,再診,1
リウマチ膠原病内科,脳内,0,再診,1
リウマチ膠原病内科,脳内,1,再診,3
リウマチ膠原病内科,脳内,2,再診,2
リウマチ膠原病内科,脳内,3,再診,1
リウマチ膠原病内科,脳内,4,再診,1
リウマチ膠原病内科,脳外,2,再診,2
リウマチ膠原病内科,腎内,0,再診,2
リウマチ膠原病内科,腎内,1,再診,2
リウマチ膠原病内科,腎内,2,再診,4
リウマチ膠原病内科,腎内,3,再診,8
リウマチ膠原病内科,般外,0,再診,2
リウマチ膠原病内科,般外,2,再診,1
リウマチ膠原病内科,般外,3,再診,1
リウマチ膠原病内科,薬剤,1,再診,1
リウマチ膠原病内科,薬剤,2,再診,1
リウマチ膠原病内科,薬剤,3,再診,2
リウマチ膠原病内科,薬剤,4,再診,1
リウマチ膠原病内科,血液,0,再診,3
リウマチ膠原病内科,血液,1,再診,2
リウマチ膠原病内科,血液,2,初診,1
リウマチ膠原病内科,血液,3,再診,3
リウマチ膠原病内科,血液,4,再診,1
リウマチ膠原病内科,退院,0,再診,2
リウマチ膠原病内科,遺伝,1,再診,2
リウマチ膠原病内科,麻酔,1,再診,1
リウマチ膠原病内科,麻酔,4,再診,1
リウマチ膠原病内科,ﾒﾝﾀﾙ,2,再診,2
一般消化器外科,PPC,4,再診,2
一般消化器外科,SW,0,再診,2
一般消化器外科,中処,1,再診,3
一般消化器外科,乳腺,3,再診,1
一般消化器外科,入退,0,再診,1
一般消化器外科,入退,2,再診,7
一般消化器外科,入退,3,再診,8
一般消化器外科,入退,4,再診,5
一般消化器外科,内科,1,再診,2
一般消化器外科,呼吸,0,再診,5
一般消化器外科,呼吸,1,再診,7
一般消化器外科,呼吸,2,再診,6
一般消化器外科,呼吸,3,再診,5
一般消化器外科,外来,0,再診,1
一般消化器外科,外来,1,再診,4
一般消化器外科,小児,0,初診,1
一般消化器外科,小児,3,再診,2
一般消化器外科,形成,0,再診,1
一般消化器外科,形成,2,再診,2
一般消化器外科,形成,3,再診,2
一般消化器外科,循環,0,再診,6
一般消化器外科,循環,1,再診,5
一般消化器外科,循環,2,再診,5
一般消化器外科,循環,3,再診,2
一般消化器外科,放射,1,再診,4
一般消化器外科,放射,2,再診,4
一般消化器外科,放射,3,再診,1
一般消化器外科,救急,0,再診,1
一般消化器外科,救急,2,再診,1
一般消化器外科,救急,3,再診,1
一般消化器外科,整形,0,再診,1
一般消化器外科,整形,1,再診,2
一般消化器外科,整形,2,再診,1
一般消化器外科,整形,3,再診,2
一般消化器外科,整形,4,再診,1
一般消化器外科,歯口,0,再診,1
一般消化器外科,歯口,1,再診,2
一般消化器外科,歯口,2,再診,1
一般消化器外科,歯口,4,再診,1
一般消化器外科,泌尿,0,再診,18
一般消化器外科,泌尿,1,再診,7
一般消化器外科,泌尿,1,初診,1
一般消化器外科,泌尿,2,再診,11
一般消化器外科,泌尿,3,再診,6
一般消化器外科,泌尿,3,初診,1
一般消化器外科,泌尿,4,再診,5
一般消化器外科,消化,0,再診,5
一般消化器外科,消化,1,再診,6
一般消化器外科,消化,1,初診,1
一般消化器外科,消化,2,再診,5
一般消化器外科,消化,3,再診,3
一般消化器外科,消化,3,初診,1
一般消化器外科,消化,4,再診,5
一般消化器外科,産婦,2,再診,4
一般消化器外科,産婦,3,再診,1
一般消化器外科,産婦,4,初診,1
一般消化器外科,皮膚,1,再診,2
一般消化器外科,皮膚,3,再診,6
一般消化器外科,看護,1,再診,6
一般消化器外科,看護,2,再診,3
一般消化器外科,看護,2,初診,3
一般消化器外科,看護,3,再診,6
一般消化器外科,眼科,2,再診,1
一般消化器外科,眼科,3,再診,1
一般消化器外科,総合,0,再診,3
一般消化器外科,総合,1,再診,2
一般消化器外科,総合,2,再診,2
一般消化器外科,総合,3,再診,6
一般消化器外科,総合,4,再診,1
一般消化器外科,耳鼻,3,再診,5
一般消化器外科,脳内,3,再診,1
一般消化器外科,脳外,4,再診,1
一般消化器外科,腎内,0,再診,4
一般消化器外科,腎内,3,再診,1
一般消化器外科,腎内,4,再診,1
一般消化器外科,腫瘍,0,再診,5
一般消化器外科,腫瘍,1,再診,4
一般消化器外科,腫瘍,2,再診,1
一般消化器外科,腫瘍,3,再診,4
一般消化器外科,膠原,0,再診,1
一般消化器外科,膠原,2,再診,1
一般消化器外科,膠原,3,再診,2
一般消化器外科,臨床,3,再診,1
一般消化器外科,薬剤,2,再診,10
一般消化器外科,薬剤,3,再診,5
一般消化器外科,血液,1,再診,3
一般消化器外科,血液,3,再診,2
一般消化器外科,退院,0,再診,1
一般消化器外科,通院,2,再診,2
一般消化器外科,麻酔,1,再診,4
一般消化器外科,麻酔,2,再診,1
一般消化器外科,麻酔,3,再診,1
一般消化器外科,麻酔,4,再診,1
一般消化器外科,ﾒﾝﾀﾙ,2,再診,1
中央処置室,呼吸,0,再診,1
中央処置室,循環,1,再診,1
中央処置室,歯口,0,再診,1
中央処置室,歯口,3,再診,1
中央処置室,泌尿,2,再診,1
中央処置室,消化,0,再診,5
中央処置室,消化,1,再診,3
中央処置室,消化,2,再診,4
中央処置室,消化,3,再診,4
中央処置室,消化,4,再診,1
中央処置室,産婦,0,再診,1
中央処置室,産婦,2,再診,5
中央処置室,総合,3,再診,1
中央処置室,耳鼻,1,再診,1
中央処置室,耳鼻,2,再診,2
中央処置室,耳鼻,3,再診,4
中央処置室,耳鼻,4,再診,2
中央処置室,脳内,2,再診,1
中央処置室,脳内,3,再診,2
中央処置室,脳内,4,再診,1
中央処置室,腎内,1,再診,1
中央処置室,腫瘍,3,再診,1
中央処置室,膠原,1,再診,2
中央処置室,膠原,3,再診,1
中央処置室,般外,1,再診,2
中央処置室,血液,0,再診,25
中央処置室,血液,1,再診,15
中央処置室,血液,2,再診,8
中央処置室,血液,3,再診,13
中央処置室,血液,4,再診,25
乳腺外科,アレ,1,再診,3
乳腺外科,アレ,3,再診,1
乳腺外科,リハ,1,再診,1
乳腺外科,入退,0,再診,9
乳腺外科,入退,1,再診,1
乳腺外科,入退,2,再診,1
乳腺外科,入退,4,再診,2
乳腺外科,入退,4,初診,1
乳腺外科,呼吸,0,再診,3
乳腺外科,呼吸,1,再診,3
乳腺外科,呼吸,2,再診,6
乳腺外科,呼吸,3,再診,2
乳腺外科,呼吸,4,再診,3
乳腺外科,形成,0,再診,15
乳腺外科,形成,1,再診,13
乳腺外科,形成,2,再診,4
乳腺外科,形成,3,再診,1
乳腺外科,形成,4,再診,18
乳腺外科,形成,4,初診,1
乳腺外科,循環,0,再診,1
乳腺外科,循環,1,再診,2
乳腺外科,循環,4,再診,2
乳腺外科,放射,0,再診,2
乳腺外科,放射,1,再診,8
乳腺外科,放射,2,再診,4
乳腺外科,放射,4,再診,3
乳腺外科,救急,3,再診,1
乳腺外科,整形,0,再診,2
乳腺外科,整形,1,再診,1
乳腺外科,整形,2,再診,1
乳腺外科,整形,3,初診,1
乳腺外科,歯口,0,再診,1
乳腺外科,歯口,1,再診,1
乳腺外科,歯口,2,再診,4
乳腺外科,泌尿,0,再診,1
乳腺外科,泌尿,2,再診,1
乳腺外科,泌尿,2,初診,1
乳腺外科,泌尿,3,再診,1
乳腺外科,消化,0,再診,3
乳腺外科,消化,0,初診,1
乳腺外科,消化,1,再診,1
乳腺外科,消化,4,再診,2
乳腺外科,消化,4,初診,1
乳腺外科,産婦,0,再診,6
乳腺外科,産婦,1,再診,2
乳腺外科,産婦,2,再診,3
乳腺外科,皮膚,1,再診,4
乳腺外科,皮膚,2,再診,2
乳腺外科,皮膚,4,再診,3
乳腺外科,看護,0,再診,1
乳腺外科,看護,3,再診,4
乳腺外科,眼科,0,再診,1
乳腺外科,眼科,1,再診,3
乳腺外科,眼科,4,再診,1
乳腺外科,総合,0,再診,1
乳腺外科,総合,2,再診,2
乳腺外科,総合,3,再診,2
乳腺外科,総合,3,初診,1
乳腺外科,総合,4,再診,2
乳腺外科,耳鼻,0,再診,1
乳腺外科,耳鼻,1,再診,1
乳腺外科,耳鼻,3,再診,1
乳腺外科,脳内,0,再診,2
乳腺外科,脳内,2,再診,1
乳腺外科,腎内,0,再診,1
乳腺外科,腎内,1,再診,1
乳腺外科,腫瘍,0,再診,1
乳腺外科,膠原,0,再診,1
乳腺外科,膠原,1,再診,2
乳腺外科,膠原,2,再診,1
乳腺外科,膠原,4,再診,1
乳腺外科,般外,3,再診,2
乳腺外科,薬剤,0,再診,2
乳腺外科,薬剤,1,再診,11
乳腺外科,薬剤,2,再診,9
乳腺外科,薬剤,3,再診,6
乳腺外科,薬剤,4,再診,6
乳腺外科,血液,1,再診,1
乳腺外科,退院,0,再診,1
乳腺外科,通院,1,再診,1
乳腺外科,遺伝,2,再診,2
乳腺外科,遺伝,4,再診,1
乳腺外科,遺伝,4,初診,1
乳腺外科,麻酔,0,再診,2
乳腺外科,麻酔,1,再診,4
乳腺外科,麻酔,2,再診,1
乳腺外科,麻酔,4,再診,1
乳腺外科,ﾒﾝﾀﾙ,2,再診,1
入退院支援センター,SW,1,再診,1
入退院支援センター,アレ,1,再診,1
入退院支援センター,アレ,2,再診,1
入退院支援センター,乳腺,0,再診,10
入退院支援センター,乳腺,1,再診,3
入退院支援センター,乳腺,2,再診,1
入退院支援センター,乳腺,4,再診,4
入退院支援センター,呼吸,0,再診,9
入退院支援センター,呼吸,1,再診,7
入退院支援センター,呼吸,2,再診,6
入退院支援センター,呼吸,3,再診,3
入退院支援センター,呼吸,4,再診,1
入退院支援センター,小児,0,再診,4
入退院支援センター,小児,1,再診,1
入退院支援センター,小児,3,再診,3
入退院支援センター,小児,4,再診,1
入退院支援センター,形成,1,再診,1
入退院支援センター,形成,3,再診,1
入退院支援センター,形成,4,再診,5
入退院支援センター,循環,0,再診,8
入退院支援センター,循環,1,再診,3
入退院支援センター,循環,2,再診,7
入退院支援センター,循環,3,再診,6
入退院支援センター,循環,4,再診,8
入退院支援センター,心血,4,再診,1
入退院支援センター,放射,0,再診,2
入退院支援センター,放射,2,再診,6
入退院支援センター,放射,3,再診,1
入退院支援センター,整形,0,再診,12
入退院支援センター,整形,1,再診,9
入退院支援センター,整形,2,再診,12
入退院支援センター,整形,3,再診,22
入退院支援センター,整形,4,再診,14
入退院支援センター,歯口,0,再診,11
入退院支援センター,歯口,1,再診,4
入退院支援センター,歯口,2,再診,4
入退院支援センター,歯口,3,再診,8
入退院支援センター,歯口,4,再診,5
入退院支援センター,泌尿,0,再診,23
入退院支援センター,泌尿,1,再診,20
入退院支援センター,泌尿,2,再診,35
入退院支援センター,泌尿,3,再診,8
入退院支援センター,泌尿,4,再診,21
入退院支援センター,消化,0,再診,5
入退院支援センター,消化,1,再診,5
入退院支援センター,消化,2,再診,1
入退院支援センター,消化,3,再診,8
入退院支援センター,消化,4,再診,8
入退院支援センター,産婦,0,再診,10
入退院支援センター,産婦,1,再診,6
入退院支援センター,産婦,2,再診,8
入退院支援センター,産婦,3,再診,5
入退院支援センター,産婦,4,再診,13
入退院支援センター,皮排,0,再診,1
入退院支援センター,皮膚,0,再診,1
入退院支援センター,皮膚,1,再診,2
入退院支援センター,皮膚,2,再診,2
入退院支援センター,皮膚,4,再診,2
入退院支援センター,看護,1,再診,2
入退院支援センター,看護,2,再診,1
入退院支援センター,眼科,0,再診,12
入退院支援センター,眼科,1,再診,18
入退院支援センター,眼科,2,再診,9
入退院支援センター,眼科,3,再診,18
入退院支援センター,眼科,4,再診,16
入退院支援センター,総合,1,再診,1
入退院支援センター,総合,3,再診,1
入退院支援センター,耳鼻,0,再診,2
入退院支援センター,耳鼻,1,再診,11
入退院支援センター,耳鼻,2,再診,1
入退院支援センター,耳鼻,3,再診,12
入退院支援センター,耳鼻,4,再診,4
入退院支援センター,脳外,1,再診,2
入退院支援センター,脳外,2,再診,1
入退院支援センター,脳外,4,再診,1
入退院支援センター,腎内,0,再診,1
入退院支援センター,腎内,2,再診,1
入退院支援センター,腎内,3,再診,2
入退院支援センター,腫瘍,3,再診,1
入退院支援センター,膠原,1,再診,1
入退院支援センター,膠原,2,再診,2
入退院支援センター,膠原,3,再診,3
入退院支援センター,般外,0,再診,1
入退院支援センター,般外,1,再診,1
入退院支援センター,般外,2,再診,7
入退院支援センター,般外,3,再診,8
入退院支援センター,般外,4,再診,7
入退院支援センター,血液,0,再診,2
入退院支援センター,血液,1,再診,3
入退院支援センター,血液,3,再診,5
入退院支援センター,血液,4,再診,1
入退院支援センター,麻酔,0,再診,12
入退院支援センター,麻酔,1,再診,21
入退院支援センター,麻酔,2,再診,31
入退院支援センター,麻酔,3,再診,15
入退院支援センター,麻酔,4,再診,19
入退院支援センター,ﾒﾝﾀﾙ,2,再診,1
内科,呼吸,0,再診,1
内科,呼吸,0,初診,1
内科,呼吸,2,再診,1
内科,呼吸,3,再診,1
内科,呼吸,4,再診,2
内科,呼吸,4,初診,1
内科,循環,6,初診,1
内科,救急,2,初診,1
内科,泌尿,1,初診,1
内科,泌尿,2,再診,1
内科,消化,0,再診,3
内科,消化,0,初診,1
内科,消化,1,再診,1
内科,消化,2,再診,1
内科,消化,2,初診,1
内科,消化,3,再診,2
内科,消化,4,再診,3
内科,皮膚,2,初診,1
内科,皮膚,4,初診,1
内科,総合,0,再診,2
内科,総合,0,初診,2
内科,総合,1,再診,3
内科,総合,1,初診,1
内科,総合,2,再診,2
内科,総合,3,再診,1
内科,総合,3,初診,4
内科,総合,4,再診,1
内科,総合,4,初診,3
内科,総合,5,初診,1
内科,耳鼻,1,初診,1
内科,脳外,0,初診,1
内科,腎内,1,再診,1
内科,膠原,0,再診,1
内科,膠原,2,再診,1
内科,般外,1,再診,1
内科,般外,1,初診,1
内科,血液,3,再診,1
呼吸器内科,PPC,3,再診,1
呼吸器内科,SW,4,再診,1
呼吸器内科,アレ,0,再診,4
呼吸器内科,中処,0,再診,1
呼吸器内科,乳腺,0,再診,1
呼吸器内科,乳腺,0,初診,1
呼吸器内科,乳腺,1,再診,3
呼吸器内科,乳腺,2,再診,6
呼吸器内科,乳腺,3,再診,2
呼吸器内科,乳腺,4,再診,3
呼吸器内科,乳腺,4,初診,1
呼吸器内科,入退,0,再診,5
呼吸器内科,入退,0,初診,2
呼吸器内科,入退,1,再診,2
呼吸器内科,入退,1,初診,3
呼吸器内科,入退,2,再診,3
呼吸器内科,入退,4,再診,1
呼吸器内科,内科,0,再診,2
呼吸器内科,内科,2,再診,1
呼吸器内科,内科,3,再診,1
呼吸器内科,内科,4,再診,3
呼吸器内科,呼吸,0,再診,2
呼吸器内科,呼吸,1,再診,1
呼吸器内科,呼吸,2,再診,7
呼吸器内科,呼吸,3,再診,15
呼吸器内科,呼吸,4,初診,1
呼吸器内科,外来,0,再診,1
呼吸器内科,外来,4,再診,1
呼吸器内科,形成,0,再診,1
呼吸器内科,形成,1,再診,1
呼吸器内科,形成,2,再診,1
呼吸器内科,形成,3,再診,1
呼吸器内科,循環,0,再診,2
呼吸器内科,循環,1,再診,9
呼吸器内科,循環,2,再診,5
呼吸器内科,循環,3,再診,5
呼吸器内科,循環,3,初診,2
呼吸器内科,循環,4,再診,4
呼吸器内科,心血,0,再診,1
呼吸器内科,心血,1,再診,2
呼吸器内科,心血,4,再診,1
呼吸器内科,感染,4,再診,1
呼吸器内科,放射,0,再診,3
呼吸器内科,放射,1,再診,12
呼吸器内科,放射,2,再診,5
呼吸器内科,放射,3,再診,10
呼吸器内科,放射,4,再診,3
呼吸器内科,救急,0,再診,1
呼吸器内科,救急,0,初診,2
呼吸器内科,救急,1,再診,1
呼吸器内科,整形,1,再診,5
呼吸器内科,整形,2,再診,2
呼吸器内科,整形,3,再診,1
呼吸器内科,整形,4,再診,2
呼吸器内科,歯口,0,再診,4
呼吸器内科,歯口,1,再診,2
呼吸器内科,歯口,3,再診,4
呼吸器内科,歯口,4,再診,2
呼吸器内科,泌尿,0,再診,6
呼吸器内科,泌尿,1,再診,10
呼吸器内科,泌尿,2,再診,10
呼吸器内科,泌尿,3,再診,2
呼吸器内科,泌尿,4,再診,3
呼吸器内科,消化,0,再診,7
呼吸器内科,消化,0,初診,1
呼吸器内科,消化,1,再診,4
呼吸器内科,消化,2,再診,8
呼吸器内科,消化,3,再診,6
呼吸器内科,消化,4,再診,4
呼吸器内科,産婦,0,再診,1
呼吸器内科,産婦,2,再診,1
呼吸器内科,産婦,3,再診,3
呼吸器内科,産婦,4,再診,1
呼吸器内科,皮排,1,再診,1
呼吸器内科,皮膚,0,再診,2
呼吸器内科,皮膚,1,再診,4
呼吸器内科,皮膚,2,再診,1
呼吸器内科,皮膚,3,再診,3
呼吸器内科,皮膚,4,再診,5
呼吸器内科,看護,1,再診,2
呼吸器内科,看護,2,再診,2
呼吸器内科,看護,3,再診,6
呼吸器内科,眼科,0,再診,4
呼吸器内科,眼科,1,再診,8
呼吸器内科,眼科,2,再診,1
呼吸器内科,眼科,3,再診,6
呼吸器内科,眼科,4,再診,3
呼吸器内科,総合,0,再診,4
呼吸器内科,総合,1,再診,9
呼吸器内科,総合,2,再診,2
呼吸器内科,総合,3,再診,3
呼吸器内科,総合,4,再診,6
呼吸器内科,総合,4,初診,1
呼吸器内科,緩和,0,再診,1
呼吸器内科,緩和,4,再診,1
呼吸器内科,耳鼻,0,再診,7
呼吸器内科,耳鼻,1,再診,4
呼吸器内科,耳鼻,2,再診,2
呼吸器内科,耳鼻,3,再診,4
呼吸器内科,耳鼻,4,再診,7
呼吸器内科,耳鼻,4,初診,1
呼吸器内科,脳内,0,再診,2
呼吸器内科,脳内,1,再診,1
呼吸器内科,脳内,2,再診,2
呼吸器内科,脳内,3,再診,1
呼吸器内科,脳内,4,再診,1
呼吸器内科,脳外,1,再診,1
呼吸器内科,脳外,2,再診,1
呼吸器内科,脳外,4,再診,2
呼吸器内科,腎内,0,再診,1
呼吸器内科,腎内,2,再診,6
呼吸器内科,腎内,3,再診,5
呼吸器内科,腎内,4,再診,2
呼吸器内科,腫瘍,2,再診,1
呼吸器内科,腫瘍,3,再診,1
呼吸器内科,膠原,0,再診,3
呼吸器内科,膠原,1,再診,12
呼吸器内科,膠原,2,再診,4
呼吸器内科,膠原,3,再診,7
呼吸器内科,膠原,3,初診,1
呼吸器内科,膠原,4,再診,1
呼吸器内科,般外,0,再診,3
呼吸器内科,般外,1,再診,6
呼吸器内科,般外,2,再診,5
呼吸器内科,般外,3,再診,5
呼吸器内科,薬剤,3,再診,4
呼吸器内科,薬剤,4,再診,1
呼吸器内科,血液,0,再診,6
呼吸器内科,血液,1,再診,6
呼吸器内科,血液,2,再診,4
呼吸器内科,血液,2,初診,1
呼吸器内科,血液,3,再診,5
呼吸器内科,血液,4,再診,4
呼吸器内科,退院,0,再診,1
呼吸器内科,退院,1,再診,1
呼吸器内科,通院,2,再診,2
呼吸器内科,通院,3,再診,1
呼吸器内科,ﾒﾝﾀﾙ,0,再診,1
呼吸器内科,ﾒﾝﾀﾙ,1,再診,2
呼吸器内科,ﾒﾝﾀﾙ,2,再診,2
呼吸器外科,アレ,2,再診,2
呼吸器外科,アレ,3,再診,1
呼吸器外科,乳腺,0,再診,1
呼吸器外科,入退,0,再診,2
呼吸器外科,入退,2,再診,1
呼吸器外科,入退,3,再診,1
呼吸器外科,呼吸,0,再診,2
呼吸器外科,呼吸,1,再診,1
呼吸器外科,呼吸,1,初診,1
呼吸器外科,呼吸,2,再診,4
呼吸器外科,呼吸,3,再診,14
呼吸器外科,呼吸,3,初診,1
呼吸器外科,呼吸,4,再診,1
呼吸器外科,循環,0,再診,1
呼吸器外科,放射,3,再診,1
呼吸器外科,救急,0,再診,1
呼吸器外科,整形,3,再診,1
呼吸器外科,歯口,0,再診,1
呼吸器外科,歯口,2,再診,2
呼吸器外科,泌尿,3,再診,1
呼吸器外科,消化,0,再診,1
呼吸器外科,消化,2,再診,1
呼吸器外科,消化,4,再診,1
呼吸器外科,産婦,2,再診,1
呼吸器外科,看護,2,再診,2
呼吸器外科,看護,3,再診,1
呼吸器外科,禁煙,3,再診,1
呼吸器外科,総合,3,再診,4
呼吸器外科,耳鼻,2,再診,1
呼吸器外科,耳鼻,3,再診,2
呼吸器外科,脳内,0,再診,1
呼吸器外科,般外,0,再診,2
呼吸器外科,般外,2,再診,2
呼吸器外科,般外,3,再診,1
呼吸器外科,ﾒﾝﾀﾙ,0,再診,1
外来手術室,呼吸,0,再診,1
外来手術室,呼吸,4,再診,1
外来手術室,小児,3,再診,1
外来手術室,形成,1,再診,9
外来手術室,形成,3,再診,8
外来手術室,循環,1,再診,1
外来手術室,整形,0,再診,1
外来手術室,整形,2,再診,1
外来手術室,泌尿,4,再診,1
外来手術室,消化,2,再診,1
外来手術室,産婦,1,再診,2
外来手術室,産婦,2,再診,1
外来手術室,産婦,4,再診,2
外来手術室,皮膚,0,再診,10
外来手術室,皮膚,3,再診,11
外来手術室,眼科,0,再診,46
外来手術室,眼科,2,再診,18
外来手術室,眼科,3,再診,17
外来手術室,眼科,4,再診,12
外来手術室,総合,2,再診,1
外来手術室,総合,3,再診,1
外来手術室,耳鼻,0,再診,4
外来手術室,耳鼻,2,再診,2
外来手術室,耳鼻,4,再診,3
外来手術室,膠原,2,再診,1
外来手術室,般外,0,再診,1
外来手術室,般外,1,再診,4
外来手術室,麻酔,1,再診,2
小児科,入退,0,初診,4
小児科,入退,1,初診,1
小児科,入退,3,再診,2
小児科,入退,3,初診,1
小児科,外来,3,再診,2
小児科,形成,0,再診,1
小児科,形成,1,再診,3
小児科,形成,4,再診,1
小児科,救急,0,初診,1
小児科,救急,6,再診,1
小児科,整形,4,再診,1
小児科,産婦,1,再診,1
小児科,皮膚,0,再診,1
小児科,皮膚,2,再診,2
小児科,眼科,4,再診,2
小児科,総合,2,再診,1
小児科,耳鼻,0,再診,3
小児科,耳鼻,1,再診,6
小児科,耳鼻,3,再診,6
小児科,耳鼻,4,再診,2
小児科,般外,0,再診,1
小児科,般外,3,再診,2
小児科,遺伝,4,再診,1
小児科,ﾒﾝﾀﾙ,0,再診,1
小児科,ﾒﾝﾀﾙ,3,再診,2
形成外科,乳腺,0,再診,15
形成外科,乳腺,1,再診,12
形成外科,乳腺,2,再診,4
形成外科,乳腺,3,再診,1
形成外科,乳腺,4,再診,17
形成外科,乳腺,4,初診,1
形成外科,入退,1,再診,1
形成外科,入退,3,再診,1
形成外科,入退,4,再診,4
形成外科,入退,4,初診,1
形成外科,呼吸,0,再診,1
形成外科,呼吸,1,再診,2
形成外科,呼吸,3,再診,1
形成外科,外来,1,再診,8
形成外科,外来,3,再診,8
形成外科,小児,1,再診,2
形成外科,小児,4,再診,1
形成外科,循環,2,再診,1
形成外科,循環,4,再診,1
形成外科,放射,4,再診,1
形成外科,救急,0,再診,1
形成外科,救急,4,再診,1
形成外科,整形,0,再診,1
形成外科,整形,1,再診,8
形成外科,整形,2,再診,1
形成外科,整形,3,再診,1
形成外科,整形,4,再診,2
形成外科,歯口,0,再診,1
形成外科,歯口,1,再診,3
形成外科,泌尿,0,再診,2
形成外科,消化,1,再診,1
形成外科,産婦,0,再診,1
形成外科,産婦,1,再診,1
形成外科,産婦,3,再診,1
形成外科,皮排,1,再診,1
形成外科,皮膚,0,再診,3
形成外科,皮膚,1,再診,1
形成外科,皮膚,4,再診,1
形成外科,眼科,0,再診,3
形成外科,眼科,1,再診,2
形成外科,眼科,1,初診,1
形成外科,眼科,2,再診,2
形成外科,眼科,3,再診,5
形成外科,眼科,4,再診,2
形成外科,総合,2,再診,1
形成外科,総合,3,再診,1
形成外科,総合,4,再診,3
形成外科,耳鼻,0,再診,2
形成外科,耳鼻,1,再診,9
形成外科,耳鼻,3,再診,3
形成外科,耳鼻,4,再診,3
形成外科,脳内,1,再診,1
形成外科,脳内,4,再診,1
形成外科,脳外,1,再診,1
形成外科,腎内,3,再診,1
形成外科,腎内,4,再診,1
形成外科,膠原,1,再診,1
形成外科,膠原,4,再診,2
形成外科,臨床,1,再診,1
形成外科,般外,0,再診,1
形成外科,般外,2,再診,2
形成外科,般外,3,再診,2
形成外科,薬剤,2,再診,1
形成外科,血液,1,再診,1
形成外科,血液,4,再診,3
形成外科,ﾒﾝﾀﾙ,1,再診,1
形成外科,ﾒﾝﾀﾙ,4,再診,1
循環器内科,SW,1,再診,1
循環器内科,SW,3,再診,1
循環器内科,アレ,0,再診,1
循環器内科,アレ,2,再診,1
循環器内科,乳腺,0,再診,1
循環器内科,乳腺,1,再診,2
循環器内科,乳腺,4,再診,1
循環器内科,入退,0,再診,8
循環器内科,入退,1,再診,3
循環器内科,入退,2,再診,5
循環器内科,入退,3,再診,6
循環器内科,入退,4,再診,7
循環器内科,内科,6,初診,1
循環器内科,呼吸,0,再診,4
循環器内科,呼吸,1,再診,10
循環器内科,呼吸,2,再診,5
循環器内科,呼吸,3,再診,6
循環器内科,呼吸,3,初診,1
循環器内科,呼吸,4,再診,5
循環器内科,外来,1,再診,1
循環器内科,形成,4,再診,1
循環器内科,心血,1,再診,1
循環器内科,心血,2,再診,1
循環器内科,心血,4,再診,2
循環器内科,心血,4,初診,1
循環器内科,放射,0,再診,1
循環器内科,放射,1,再診,1
循環器内科,救急,0,再診,1
循環器内科,救急,1,再診,2
循環器内科,救急,2,再診,1
循環器内科,整形,0,再診,3
循環器内科,整形,1,再診,2
循環器内科,整形,2,再診,1
循環器内科,整形,3,再診,5
循環器内科,整形,4,再診,3
循環器内科,歯口,0,再診,1
循環器内科,歯口,3,再診,1
循環器内科,泌尿,0,再診,6
循環器内科,泌尿,1,再診,7
循環器内科,泌尿,2,再診,9
循環器内科,泌尿,3,再診,2
循環器内科,泌尿,4,再診,5
循環器内科,消化,0,再診,4
循環器内科,消化,0,初診,1
循環器内科,消化,1,再診,2
循環器内科,消化,2,再診,4
循環器内科,消化,3,再診,5
循環器内科,消化,4,再診,5
循環器内科,産婦,0,再診,1
循環器内科,産婦,2,再診,1
循環器内科,産婦,3,再診,2
循環器内科,産婦,4,再診,1
循環器内科,皮膚,0,再診,3
循環器内科,皮膚,1,再診,4
循環器内科,皮膚,2,再診,3
循環器内科,皮膚,4,再診,3
循環器内科,看護,0,再診,1
循環器内科,看護,3,再診,1
循環器内科,眼科,0,再診,1
循環器内科,眼科,1,再診,1
循環器内科,眼科,2,再診,1
循環器内科,眼科,3,再診,2
循環器内科,総合,0,再診,5
循環器内科,総合,1,再診,4
循環器内科,総合,2,再診,2
循環器内科,総合,3,再診,5
循環器内科,総合,4,再診,2
循環器内科,耳鼻,0,再診,2
循環器内科,耳鼻,3,再診,1
循環器内科,耳鼻,4,再診,1
循環器内科,脳内,0,再診,4
循環器内科,脳内,0,初診,1
循環器内科,脳内,1,再診,1
循環器内科,脳内,2,再診,2
循環器内科,脳内,3,再診,1
循環器内科,脳内,4,再診,7
循環器内科,脳外,2,再診,1
循環器内科,腎内,0,再診,6
循環器内科,腎内,1,再診,4
循環器内科,腎内,2,再診,8
循環器内科,腎内,3,再診,7
循環器内科,腎内,4,再診,5
循環器内科,膠原,1,再診,3
循環器内科,膠原,3,再診,2
循環器内科,膠原,3,初診,1
循環器内科,膠原,4,再診,3
循環器内科,膠原,4,初診,1
循環器内科,般外,0,再診,6
循環器内科,般外,1,再診,6
循環器内科,般外,2,再診,6
循環器内科,般外,3,再診,3
循環器内科,血液,0,再診,6
循環器内科,血液,1,再診,1
循環器内科,血液,2,再診,1
循環器内科,血液,3,再診,3
循環器内科,血液,4,再診,6
循環器内科,退院,0,再診,1
循環器内科,退院,3,再診,2
循環器内科,麻酔,1,再診,1
循環器内科,麻酔,3,再診,2
循環器内科,ﾒﾝﾀﾙ,0,再診,2
循環器内科,ﾒﾝﾀﾙ,2,再診,1
循環器内科,ﾒﾝﾀﾙ,4,再診,1
心臓血管外科,入退,4,再診,1
心臓血管外科,呼吸,0,再診,1
心臓血管外科,呼吸,1,再診,2
心臓血管外科,呼吸,4,再診,1
心臓血管外科,循環,2,再診,1
心臓血管外科,循環,4,再診,2
心臓血管外科,循環,4,初診,1
心臓血管外科,感染,0,再診,1
心臓血管外科,放射,4,再診,1
心臓血管外科,整形,4,再診,1
心臓血管外科,歯口,4,再診,1
心臓血管外科,泌尿,1,再診,4
心臓血管外科,泌尿,4,再診,2
心臓血管外科,産婦,1,再診,1
心臓血管外科,皮膚,4,再診,1
心臓血管外科,眼科,1,再診,1
心臓血管外科,総合,1,再診,2
心臓血管外科,総合,4,再診,3
心臓血管外科,脳内,4,再診,1
心臓血管外科,腫瘍,4,再診,1
心臓血管外科,膠原,4,再診,1
心臓血管外科,臨床,1,再診,1
感染症,呼吸,4,再診,1
感染症,心血,0,再診,1
感染症,歯口,2,再診,1
感染症,泌尿,3,再診,1
感染症,消化,0,再診,1
感染症,皮排,4,再診,1
感染症,皮膚,4,再診,1
感染症,腎内,0,再診,1
感染症,退院,2,再診,1
感染症,麻酔,0,再診,1
感染症,麻酔,1,再診,1
放射線治療科,SW,0,再診,1
放射線治療科,SW,1,再診,1
放射線治療科,アレ,2,再診,1
放射線治療科,アレ,3,再診,2
放射線治療科,乳腺,0,再診,2
放射線治療科,乳腺,1,再診,7
放射線治療科,乳腺,2,再診,4
放射線治療科,乳腺,4,再診,3
放射線治療科,入退,2,再診,1
放射線治療科,呼吸,0,再診,5
放射線治療科,呼吸,1,再診,11
放射線治療科,呼吸,2,再診,7
放射線治療科,呼吸,3,再診,11
放射線治療科,呼吸,4,再診,3
放射線治療科,形成,2,再診,2
放射線治療科,形成,4,再診,1
放射線治療科,循環,0,再診,1
放射線治療科,心血,4,再診,1
放射線治療科,整形,1,再診,3
放射線治療科,整形,4,再診,2
放射線治療科,歯口,1,再診,1
放射線治療科,泌尿,0,再診,93
放射線治療科,泌尿,1,再診,72
放射線治療科,泌尿,2,再診,143
放射線治療科,泌尿,3,再診,20
放射線治療科,泌尿,4,再診,97
放射線治療科,消化,0,再診,4
放射線治療科,消化,1,再診,2
放射線治療科,消化,2,再診,3
放射線治療科,消化,3,再診,1
放射線治療科,消化,3,初診,1
放射線治療科,消化,4,再診,2
放射線治療科,産婦,0,再診,11
放射線治療科,産婦,0,初診,1
放射線治療科,産婦,1,再診,2
放射線治療科,産婦,2,再診,2
放射線治療科,産婦,3,再診,5
放射線治療科,産婦,3,初診,1
放射線治療科,産婦,4,再診,2
放射線治療科,皮膚,0,再診,2
放射線治療科,皮膚,1,再診,3
放射線治療科,皮膚,3,再診,1
放射線治療科,皮膚,4,再診,1
放射線治療科,看護,0,初診,1
放射線治療科,看護,1,再診,1
放射線治療科,看護,3,再診,1
放射線治療科,眼科,0,再診,1
放射線治療科,眼科,1,再診,1
放射線治療科,眼科,3,再診,1
放射線治療科,眼科,4,再診,1
放射線治療科,総合,0,再診,1
放射線治療科,総合,2,再診,1
放射線治療科,緩和,0,再診,1
放射線治療科,緩和,3,再診,1
放射線治療科,緩和,4,再診,1
放射線治療科,耳鼻,1,再診,15
放射線治療科,耳鼻,3,再診,12
放射線治療科,耳鼻,4,再診,3
放射線治療科,脳内,3,再診,1
放射線治療科,脳外,2,再診,2
放射線治療科,脳外,4,再診,1
放射線治療科,腎内,0,再診,1
放射線治療科,腫瘍,0,再診,1
放射線治療科,腫瘍,1,再診,1
放射線治療科,腫瘍,4,再診,1
放射線治療科,膠原,2,再診,1
放射線治療科,般外,1,再診,5
放射線治療科,般外,2,再診,4
放射線治療科,般外,3,再診,1
放射線治療科,薬剤,2,再診,1
放射線治療科,薬剤,3,再診,1
放射線治療科,血液,0,再診,2
放射線治療科,血液,1,再診,2
放射線治療科,血液,3,再診,1
放射線治療科,血液,4,再診,3
放射線治療科,退院,4,再診,1
放射線治療科,骨CF,0,再診,1
放射線治療科,ﾒﾝﾀﾙ,4,再診,1
救急科,PPC,3,再診,1
救急科,乳腺,3,再診,1
救急科,内科,2,初診,1
救急科,呼吸,0,初診,3
救急科,呼吸,1,再診,1
救急科,小児,0,再診,1
救急科,小児,6,初診,1
救急科,形成,0,初診,1
救急科,形成,4,初診,1
救急科,循環,0,初診,1
救急科,循環,1,初診,2
救急科,循環,2,初診,1
救急科,整形,0,初診,1
救急科,整形,1,再診,1
救急科,整形,2,再診,3
救急科,整形,2,初診,2
救急科,整形,3,初診,2
救急科,整形,4,初診,1
救急科,歯口,0,再診,1
救急科,歯口,2,再診,1
救急科,歯口,5,再診,1
救急科,歯口,6,再診,1
救急科,泌尿,0,再診,1
救急科,泌尿,1,再診,1
救急科,消化,0,初診,1
救急科,消化,1,初診,1
救急科,消化,4,初診,2
救急科,皮膚,0,初診,1
救急科,皮膚,1,再診,1
救急科,皮膚,4,再診,1
救急科,眼科,0,初診,2
救急科,総合,0,初診,3
救急科,総合,1,再診,3
救急科,総合,1,初診,2
救急科,総合,3,再診,1
救急科,総合,4,再診,4
救急科,総合,4,初診,2
救急科,耳鼻,1,再診,2
救急科,耳鼻,3,初診,1
救急科,耳鼻,4,再診,1
救急科,脳内,4,再診,1
救急科,脳外,2,初診,1
救急科,腎内,1,初診,1
救急科,般外,0,再診,1
救急科,般外,2,初診,1
救急科,般外,3,再診,1
救急科,血液,0,再診,1
救急科,血液,1,再診,1
救急科,ﾒﾝﾀﾙ,0,初診,1
救急科,ﾒﾝﾀﾙ,3,初診,2
救急科,ﾒﾝﾀﾙ,4,初診,1
整形外科,アレ,1,再診,1
整形外科,リハ,0,再診,2
整形外科,リハ,1,再診,10
整形外科,リハ,2,再診,5
整形外科,リハ,3,再診,3
整形外科,リハ,4,再診,2
整形外科,乳腺,0,再診,2
整形外科,乳腺,1,再診,1
整形外科,乳腺,2,再診,1
整形外科,乳腺,3,再診,1
整形外科,入退,0,再診,7
整形外科,入退,0,初診,2
整形外科,入退,1,再診,2
整形外科,入退,1,初診,2
整形外科,入退,2,再診,5
整形外科,入退,3,再診,6
整形外科,入退,3,初診,14
整形外科,入退,4,再診,14
整形外科,入退,4,初診,1
整形外科,呼吸,1,再診,4
整形外科,呼吸,2,再診,3
整形外科,呼吸,3,再診,2
整形外科,外来,0,再診,1
整形外科,外来,2,初診,1
整形外科,小児,4,再診,1
整形外科,形成,0,再診,1
整形外科,形成,1,再診,7
整形外科,形成,2,再診,1
整形外科,形成,3,再診,2
整形外科,形成,4,再診,1
整形外科,循環,0,再診,3
整形外科,循環,1,再診,2
整形外科,循環,2,再診,1
整形外科,循環,3,再診,6
整形外科,循環,4,再診,1
整形外科,循環,4,初診,1
整形外科,心血,4,再診,1
整形外科,放射,1,再診,4
整形外科,放射,4,再診,1
整形外科,救急,0,再診,1
整形外科,救急,1,再診,1
整形外科,救急,2,再診,7
整形外科,救急,2,初診,2
整形外科,救急,3,再診,2
整形外科,救急,4,再診,1
整形外科,歯口,0,再診,1
整形外科,歯口,1,再診,3
整形外科,歯口,2,再診,1
整形外科,歯口,3,再診,2
整形外科,歯口,4,再診,3
整形外科,泌尿,0,再診,1
整形外科,泌尿,1,再診,6
整形外科,泌尿,2,再診,2
整形外科,泌尿,4,再診,7
整形外科,消化,0,再診,2
整形外科,消化,1,再診,3
整形外科,消化,2,再診,3
整形外科,消化,4,再診,1
整形外科,産婦,0,再診,2
整形外科,産婦,1,再診,1
整形外科,産婦,2,再診,1
整形外科,皮膚,0,再診,1
整形外科,皮膚,1,再診,4
整形外科,皮膚,2,再診,3
整形外科,皮膚,2,初診,1
整形外科,皮膚,3,再診,2
整形外科,皮膚,4,再診,5
整形外科,眼科,0,再診,3
整形外科,眼科,1,再診,2
整形外科,眼科,3,再診,1
整形外科,総合,0,再診,2
整形外科,総合,1,再診,6
整形外科,総合,2,再診,1
整形外科,総合,3,初診,1
整形外科,総合,4,再診,4
整形外科,総合,4,初診,1
整形外科,耳鼻,2,再診,1
整形外科,耳鼻,3,再診,1
整形外科,耳鼻,4,再診,2
整形外科,脳内,0,再診,3
整形外科,脳内,2,再診,1
整形外科,脳内,3,再診,1
整形外科,脳内,3,初診,1
整形外科,脳内,4,再診,1
整形外科,脳内,4,初診,1
整形外科,脳外,0,初診,2
整形外科,脳外,1,再診,1
整形外科,脳外,3,再診,1
整形外科,脳外,4,初診,1
整形外科,腎内,0,再診,2
整形外科,腎内,3,再診,1
整形外科,腎内,4,初診,1
整形外科,腫瘍,1,再診,1
整形外科,膠原,0,再診,4
整形外科,膠原,1,再診,6
整形外科,膠原,2,再診,2
整形外科,膠原,3,再診,3
整形外科,膠原,4,再診,4
整形外科,臨床,3,再診,2
整形外科,臨床,4,再診,1
整形外科,般外,0,再診,1
整形外科,般外,1,再診,4
整形外科,般外,1,初診,1
整形外科,般外,2,初診,1
整形外科,般外,3,再診,2
整形外科,般外,4,再診,1
整形外科,薬剤,0,再診,1
整形外科,薬剤,3,再診,1
整形外科,血液,0,再診,1
整形外科,血液,4,再診,5
整形外科,麻酔,0,再診,4
整形外科,麻酔,1,再診,5
整形外科,麻酔,2,再診,10
整形外科,麻酔,2,初診,1
整形外科,麻酔,3,初診,1
整形外科,麻酔,4,再診,4
整形外科,麻酔,4,初診,1
整形外科,ﾒﾝﾀﾙ,0,再診,1
整形外科,ﾒﾝﾀﾙ,2,再診,1
整形外科,ﾒﾝﾀﾙ,4,再診,1
歯科口腔外科,PPC,4,再診,2
歯科口腔外科,SW,0,再診,1
歯科口腔外科,SW,2,再診,1
歯科口腔外科,SW,3,再診,1
歯科口腔外科,SW,4,再診,2
歯科口腔外科,アレ,1,再診,1
歯科口腔外科,中処,0,再診,1
歯科口腔外科,中処,3,再診,1
歯科口腔外科,乳腺,0,初診,1
歯科口腔外科,乳腺,2,再診,3
歯科口腔外科,乳腺,2,初診,1
歯科口腔外科,入退,0,再診,6
歯科口腔外科,入退,0,初診,4
歯科口腔外科,入退,1,再診,3
歯科口腔外科,入退,2,再診,1
歯科口腔外科,入退,3,再診,4
歯科口腔外科,入退,3,初診,4
歯科口腔外科,入退,4,再診,2
歯科口腔外科,入退,4,初診,1
歯科口腔外科,呼吸,0,再診,4
歯科口腔外科,呼吸,1,再診,4
歯科口腔外科,呼吸,2,再診,1
歯科口腔外科,呼吸,2,初診,1
歯科口腔外科,呼吸,3,再診,3
歯科口腔外科,呼吸,3,初診,1
歯科口腔外科,呼吸,4,初診,1
歯科口腔外科,形成,0,再診,1
歯科口腔外科,形成,1,再診,2
歯科口腔外科,形成,1,初診,1
歯科口腔外科,形成,3,再診,1
歯科口腔外科,循環,0,再診,1
歯科口腔外科,循環,3,再診,1
歯科口腔外科,心血,1,再診,1
歯科口腔外科,心血,4,再診,1
歯科口腔外科,感染,2,再診,1
歯科口腔外科,救急,0,再診,1
歯科口腔外科,救急,2,再診,1
歯科口腔外科,救急,5,再診,1
歯科口腔外科,救急,6,再診,1
歯科口腔外科,整形,0,再診,1
歯科口腔外科,整形,1,再診,1
歯科口腔外科,整形,1,初診,1
歯科口腔外科,整形,2,初診,1
歯科口腔外科,整形,3,再診,1
歯科口腔外科,整形,3,初診,1
歯科口腔外科,整形,4,再診,2
歯科口腔外科,泌尿,0,再診,1
歯科口腔外科,泌尿,0,初診,1
歯科口腔外科,泌尿,1,再診,2
歯科口腔外科,泌尿,2,再診,2
歯科口腔外科,泌尿,2,初診,1
歯科口腔外科,泌尿,3,再診,1
歯科口腔外科,泌尿,4,再診,2
歯科口腔外科,消化,0,再診,1
歯科口腔外科,消化,0,初診,1
歯科口腔外科,消化,2,再診,1
歯科口腔外科,消化,3,再診,2
歯科口腔外科,産婦,3,再診,1
歯科口腔外科,皮排,1,再診,1
歯科口腔外科,皮膚,0,再診,1
歯科口腔外科,皮膚,1,再診,1
歯科口腔外科,皮膚,3,再診,1
歯科口腔外科,皮膚,4,再診,3
歯科口腔外科,看護,3,再診,2
歯科口腔外科,眼科,0,再診,1
歯科口腔外科,眼科,1,再診,1
歯科口腔外科,眼科,1,初診,1
歯科口腔外科,眼科,3,初診,1
歯科口腔外科,眼科,4,再診,1
歯科口腔外科,総合,1,再診,5
歯科口腔外科,総合,3,再診,3
歯科口腔外科,耳鼻,0,再診,1
歯科口腔外科,耳鼻,1,再診,8
歯科口腔外科,耳鼻,1,初診,3
歯科口腔外科,耳鼻,3,再診,7
歯科口腔外科,耳鼻,4,再診,2
歯科口腔外科,脳内,3,再診,1
歯科口腔外科,脳内,4,初診,1
歯科口腔外科,脳外,2,再診,1
歯科口腔外科,腎内,1,再診,1
歯科口腔外科,腎内,3,再診,2
歯科口腔外科,腫瘍,1,再診,3
歯科口腔外科,腫瘍,2,再診,1
歯科口腔外科,膠原,0,再診,1
歯科口腔外科,膠原,1,再診,3
歯科口腔外科,膠原,3,再診,2
歯科口腔外科,臨床,0,初診,1
歯科口腔外科,般外,0,再診,1
歯科口腔外科,般外,1,再診,1
歯科口腔外科,般外,1,初診,1
歯科口腔外科,般外,3,初診,1
歯科口腔外科,般外,4,再診,1
歯科口腔外科,薬剤,1,再診,1
歯科口腔外科,薬剤,3,初診,1
歯科口腔外科,血液,0,再診,2
歯科口腔外科,血液,1,再診,1
歯科口腔外科,血液,3,再診,1
歯科口腔外科,血液,4,再診,1
歯科口腔外科,通院,0,初診,2
歯科口腔外科,通院,1,初診,2
歯科口腔外科,麻酔,0,再診,2
歯科口腔外科,麻酔,1,再診,1
歯科口腔外科,麻酔,1,初診,1
歯科口腔外科,麻酔,2,再診,3
歯科口腔外科,麻酔,2,初診,1
歯科口腔外科,麻酔,4,再診,1
泌尿器科,アレ,2,再診,3
泌尿器科,アレ,3,再診,1
泌尿器科,中処,2,再診,1
泌尿器科,乳腺,0,再診,2
泌尿器科,乳腺,2,再診,2
泌尿器科,乳腺,3,再診,1
泌尿器科,入退,0,再診,22
泌尿器科,入退,0,初診,3
泌尿器科,入退,1,再診,20
泌尿器科,入退,1,初診,2
泌尿器科,入退,2,再診,29
泌尿器科,入退,2,初診,4
泌尿器科,入退,3,再診,6
泌尿器科,入退,3,初診,1
泌尿器科,入退,4,再診,18
泌尿器科,入退,4,初診,3
泌尿器科,内科,1,再診,1
泌尿器科,内科,2,再診,4
泌尿器科,呼吸,0,再診,9
泌尿器科,呼吸,1,再診,11
泌尿器科,呼吸,2,再診,13
泌尿器科,呼吸,3,再診,2
泌尿器科,呼吸,4,再診,3
泌尿器科,外来,4,再診,1
泌尿器科,形成,0,再診,2
泌尿器科,循環,0,再診,6
泌尿器科,循環,1,再診,8
泌尿器科,循環,2,再診,12
泌尿器科,循環,2,初診,1
泌尿器科,循環,3,再診,1
泌尿器科,循環,4,再診,4
泌尿器科,循環,4,初診,1
泌尿器科,心血,1,再診,4
泌尿器科,心血,4,再診,2
泌尿器科,感染,3,再診,1
泌尿器科,放射,0,再診,115
泌尿器科,放射,1,再診,100
泌尿器科,放射,2,再診,208
泌尿器科,放射,2,初診,1
泌尿器科,放射,3,再診,21
泌尿器科,放射,4,再診,155
泌尿器科,救急,0,再診,1
泌尿器科,救急,1,再診,1
泌尿器科,整形,0,再診,1
泌尿器科,整形,1,再診,7
泌尿器科,整形,2,再診,3
泌尿器科,整形,4,再診,8
泌尿器科,歯口,0,再診,2
泌尿器科,歯口,1,再診,3
泌尿器科,歯口,2,再診,3
泌尿器科,歯口,3,再診,1
泌尿器科,歯口,4,再診,2
泌尿器科,消化,0,再診,7
泌尿器科,消化,1,再診,1
泌尿器科,消化,1,初診,1
泌尿器科,消化,2,再診,8
泌尿器科,産婦,0,再診,5
泌尿器科,産婦,2,再診,1
泌尿器科,産婦,3,再診,2
泌尿器科,皮排,0,再診,1
泌尿器科,皮排,4,再診,1
泌尿器科,皮膚,0,再診,3
泌尿器科,皮膚,1,再診,11
泌尿器科,皮膚,2,再診,1
泌尿器科,皮膚,3,再診,2
泌尿器科,皮膚,4,再診,9
泌尿器科,看護,0,再診,4
泌尿器科,眼科,0,再診,6
泌尿器科,眼科,1,再診,5
泌尿器科,眼科,2,再診,4
泌尿器科,眼科,3,再診,1
泌尿器科,眼科,4,再診,1
泌尿器科,総合,0,再診,8
泌尿器科,総合,1,再診,6
泌尿器科,総合,2,再診,8
泌尿器科,総合,3,再診,3
泌尿器科,総合,4,再診,6
泌尿器科,総合,4,初診,1
泌尿器科,緩和,4,再診,1
泌尿器科,耳鼻,1,再診,6
泌尿器科,耳鼻,4,再診,6
泌尿器科,脳内,0,再診,4
泌尿器科,脳内,2,再診,3
泌尿器科,脳内,3,再診,3
泌尿器科,脳内,4,再診,3
泌尿器科,脳外,0,再診,1
泌尿器科,脳外,1,再診,2
泌尿器科,脳外,2,再診,1
泌尿器科,脳外,4,再診,3
泌尿器科,腎内,0,再診,20
泌尿器科,腎内,0,初診,1
泌尿器科,腎内,1,再診,15
泌尿器科,腎内,1,初診,1
泌尿器科,腎内,2,再診,6
泌尿器科,腎内,3,再診,2
泌尿器科,腎内,4,再診,6
泌尿器科,腫瘍,1,再診,4
泌尿器科,腫瘍,2,再診,5
泌尿器科,腫瘍,4,再診,1
泌尿器科,膠原,0,再診,1
泌尿器科,膠原,1,再診,3
泌尿器科,膠原,2,再診,7
泌尿器科,膠原,3,再診,1
泌尿器科,膠原,4,再診,1
泌尿器科,般外,0,再診,20
泌尿器科,般外,1,再診,10
泌尿器科,般外,1,初診,1
泌尿器科,般外,2,再診,11
泌尿器科,般外,3,再診,7
泌尿器科,般外,3,初診,1
泌尿器科,般外,4,再診,7
泌尿器科,薬剤,1,再診,3
泌尿器科,薬剤,2,再診,4
泌尿器科,薬剤,3,再診,1
泌尿器科,薬剤,4,再診,3
泌尿器科,血液,0,再診,2
泌尿器科,血液,1,再診,2
泌尿器科,血液,2,再診,3
泌尿器科,血液,2,初診,1
泌尿器科,血液,3,再診,3
泌尿器科,退院,2,再診,2
泌尿器科,通院,0,再診,1
泌尿器科,通院,1,再診,2
泌尿器科,麻酔,0,再診,1
泌尿器科,麻酔,1,再診,4
泌尿器科,麻酔,2,再診,5
泌尿器科,麻酔,4,再診,4
泌尿器科,ﾒﾝﾀﾙ,0,再診,3
泌尿器科,ﾒﾝﾀﾙ,1,再診,1
消化器内科,PPC,0,再診,1
消化器内科,PPC,2,再診,1
消化器内科,PPC,3,初診,1
消化器内科,アレ,1,再診,1
消化器内科,アレ,2,再診,2
消化器内科,中処,0,再診,4
消化器内科,中処,1,再診,3
消化器内科,中処,2,再診,3
消化器内科,中処,3,再診,4
消化器内科,中処,4,再診,1
消化器内科,乳腺,0,再診,2
消化器内科,乳腺,0,初診,1
消化器内科,乳腺,1,再診,1
消化器内科,乳腺,4,再診,2
消化器内科,乳腺,4,初診,1
消化器内科,入退,0,再診,3
消化器内科,入退,0,初診,2
消化器内科,入退,1,再診,2
消化器内科,入退,1,初診,2
消化器内科,入退,2,初診,1
消化器内科,入退,3,再診,3
消化器内科,入退,3,初診,3
消化器内科,入退,4,再診,5
消化器内科,入退,4,初診,3
消化器内科,内科,0,再診,3
消化器内科,内科,0,初診,1
消化器内科,内科,1,初診,1
消化器内科,内科,2,再診,3
消化器内科,内科,3,再診,2
消化器内科,内科,4,再診,3
消化器内科,呼吸,0,再診,8
消化器内科,呼吸,0,初診,1
消化器内科,呼吸,1,再診,4
消化器内科,呼吸,2,再診,8
消化器内科,呼吸,3,再診,5
消化器内科,呼吸,4,再診,4
消化器内科,外来,2,再診,1
消化器内科,形成,1,再診,1
消化器内科,循環,0,再診,4
消化器内科,循環,1,再診,2
消化器内科,循環,2,再診,4
消化器内科,循環,3,再診,2
消化器内科,循環,3,初診,1
消化器内科,循環,4,再診,5
消化器内科,放射,0,再診,3
消化器内科,放射,1,再診,2
消化器内科,放射,2,再診,2
消化器内科,放射,3,再診,2
消化器内科,放射,4,再診,2
消化器内科,救急,0,再診,1
消化器内科,救急,1,再診,1
消化器内科,救急,2,再診,1
消化器内科,救急,4,再診,3
消化器内科,整形,0,再診,2
消化器内科,整形,1,再診,3
消化器内科,整形,2,再診,2
消化器内科,歯口,2,再診,1
消化器内科,歯口,3,再診,3
消化器内科,泌尿,0,再診,6
消化器内科,泌尿,1,再診,3
消化器内科,泌尿,1,初診,1
消化器内科,泌尿,2,再診,7
消化器内科,泌尿,4,再診,1
消化器内科,産婦,0,再診,8
消化器内科,産婦,0,初診,1
消化器内科,産婦,1,再診,1
消化器内科,産婦,2,再診,3
消化器内科,産婦,3,再診,4
消化器内科,産婦,4,再診,1
消化器内科,皮排,1,再診,1
消化器内科,皮膚,0,再診,6
消化器内科,皮膚,1,再診,1
消化器内科,皮膚,4,再診,6
消化器内科,看護,2,再診,1
消化器内科,看護,3,再診,1
消化器内科,眼科,0,再診,5
消化器内科,眼科,1,初診,1
消化器内科,眼科,4,再診,2
消化器内科,総合,0,再診,8
消化器内科,総合,0,初診,1
消化器内科,総合,1,再診,10
消化器内科,総合,1,初診,1
消化器内科,総合,2,再診,15
消化器内科,総合,3,再診,6
消化器内科,総合,3,初診,2
消化器内科,総合,4,再診,5
消化器内科,緩和,2,再診,1
消化器内科,緩和,3,再診,1
消化器内科,耳鼻,0,再診,3
消化器内科,耳鼻,1,再診,1
消化器内科,耳鼻,1,初診,1
消化器内科,耳鼻,2,再診,1
消化器内科,耳鼻,2,初診,1
消化器内科,耳鼻,3,再診,3
消化器内科,耳鼻,4,初診,1
消化器内科,脳内,0,再診,1
消化器内科,脳内,0,初診,1
消化器内科,脳内,2,再診,1
消化器内科,脳内,3,再診,3
消化器内科,脳内,4,再診,2
消化器内科,脳外,2,再診,2
消化器内科,腎内,0,再診,2
消化器内科,腎内,2,再診,3
消化器内科,腎内,2,初診,1
消化器内科,腎内,3,再診,4
消化器内科,腎内,4,再診,3
消化器内科,腫瘍,0,再診,11
消化器内科,腫瘍,1,再診,5
消化器内科,腫瘍,2,再診,29
消化器内科,腫瘍,3,再診,16
消化器内科,腫瘍,4,再診,5
消化器内科,膠原,0,再診,5
消化器内科,膠原,1,再診,1
消化器内科,膠原,2,再診,5
消化器内科,膠原,3,再診,3
消化器内科,膠原,4,再診,3
消化器内科,般外,0,再診,5
消化器内科,般外,1,再診,5
消化器内科,般外,1,初診,2
消化器内科,般外,2,再診,5
消化器内科,般外,2,初診,1
消化器内科,般外,3,再診,4
消化器内科,般外,4,再診,5
消化器内科,薬剤,1,再診,1
消化器内科,薬剤,3,再診,1
消化器内科,薬剤,4,再診,3
消化器内科,血液,0,再診,5
消化器内科,血液,1,再診,4
消化器内科,血液,2,再診,2
消化器内科,血液,3,再診,2
消化器内科,血液,4,再診,2
消化器内科,退院,1,再診,3
消化器内科,退院,3,再診,1
消化器内科,通院,0,再診,1
消化器内科,ﾒﾝﾀﾙ,0,再診,1
消化器内科,ﾒﾝﾀﾙ,1,再診,2
産婦人科,PPC,0,再診,1
産婦人科,PPC,4,再診,1
産婦人科,中処,0,再診,1
産婦人科,中処,2,再診,6
産婦人科,乳腺,0,再診,6
産婦人科,乳腺,1,再診,2
産婦人科,乳腺,2,再診,3
産婦人科,入退,0,再診,10
産婦人科,入退,1,再診,7
産婦人科,入退,2,再診,4
産婦人科,入退,3,再診,3
産婦人科,入退,4,再診,12
産婦人科,呼吸,0,再診,1
産婦人科,呼吸,2,再診,2
産婦人科,呼吸,3,再診,3
産婦人科,呼吸,4,再診,1
産婦人科,外来,1,再診,2
産婦人科,外来,2,再診,1
産婦人科,外来,4,再診,2
産婦人科,小児,1,再診,1
産婦人科,形成,0,再診,1
産婦人科,形成,1,再診,1
産婦人科,形成,3,再診,1
産婦人科,循環,0,再診,1
産婦人科,循環,2,再診,1
産婦人科,循環,3,再診,2
産婦人科,心血,1,再診,1
産婦人科,放射,0,再診,13
産婦人科,放射,1,再診,1
産婦人科,放射,2,再診,2
産婦人科,放射,3,再診,5
産婦人科,放射,4,再診,2
産婦人科,整形,0,再診,2
産婦人科,整形,1,再診,1
産婦人科,整形,2,再診,1
産婦人科,歯口,3,再診,1
産婦人科,泌尿,0,再診,3
産婦人科,泌尿,3,再診,2
産婦人科,消化,0,再診,9
産婦人科,消化,1,再診,1
産婦人科,消化,2,再診,3
産婦人科,消化,3,再診,4
産婦人科,消化,4,再診,1
産婦人科,皮膚,0,再診,4
産婦人科,皮膚,2,再診,1
産婦人科,皮膚,2,初診,1
産婦人科,皮膚,3,再診,2
産婦人科,皮膚,4,再診,2
産婦人科,看護,2,再診,4
産婦人科,看護,3,再診,2
産婦人科,看護,4,再診,1
産婦人科,眼科,0,再診,1
産婦人科,総合,0,再診,2
産婦人科,総合,1,再診,3
産婦人科,総合,2,再診,2
産婦人科,総合,4,再診,3
産婦人科,緩和,3,再診,3
産婦人科,耳鼻,1,再診,1
産婦人科,耳鼻,2,再診,1
産婦人科,耳鼻,3,再診,1
産婦人科,耳鼻,4,初診,1
産婦人科,脳内,0,再診,1
産婦人科,腎内,0,再診,1
産婦人科,腎内,2,再診,3
産婦人科,腎内,3,再診,11
産婦人科,腫瘍,2,再診,1
産婦人科,膠原,1,再診,3
産婦人科,膠原,2,再診,1
産婦人科,膠原,3,再診,1
産婦人科,般外,2,再診,4
産婦人科,般外,3,再診,1
産婦人科,般外,4,再診,1
産婦人科,薬剤,0,再診,1
産婦人科,薬剤,2,再診,1
産婦人科,薬剤,3,再診,3
産婦人科,薬剤,4,再診,3
産婦人科,血液,0,再診,1
産婦人科,血液,3,再診,3
産婦人科,血液,4,再診,1
産婦人科,通院,3,再診,2
産婦人科,通院,4,再診,1
産婦人科,遺伝,3,再診,1
産婦人科,麻酔,0,再診,5
産婦人科,麻酔,1,再診,6
産婦人科,麻酔,2,再診,24
産婦人科,麻酔,3,再診,5
産婦人科,麻酔,4,再診,7
産婦人科,麻酔,4,初診,1
産婦人科,ﾒﾝﾀﾙ,3,再診,1
産婦人科,ﾒﾝﾀﾙ,4,再診,2
皮膚・排泄ケア,SW,4,再診,2
皮膚・排泄ケア,入退,0,再診,1
皮膚・排泄ケア,呼吸,1,再診,1
皮膚・排泄ケア,形成,1,再診,1
皮膚・排泄ケア,感染,4,再診,1
皮膚・排泄ケア,歯口,1,再診,1
皮膚・排泄ケア,泌尿,0,再診,1
皮膚・排泄ケア,泌尿,4,再診,1
皮膚・排泄ケア,消化,1,再診,1
皮膚・排泄ケア,耳鼻,1,再診,2
皮膚・排泄ケア,耳鼻,4,再診,1
皮膚・排泄ケア,臨床,0,再診,1
皮膚・排泄ケア,臨床,3,再診,1
皮膚・排泄ケア,臨床,4,再診,1
皮膚・排泄ケア,退院,4,再診,1
皮膚・排泄ケア,麻酔,1,再診,1
皮膚科,PPC,1,再診,3
皮膚科,SW,0,再診,1
皮膚科,SW,1,再診,3
皮膚科,SW,4,再診,1
皮膚科,アレ,0,再診,1
皮膚科,アレ,1,再診,1
皮膚科,乳腺,1,再診,3
皮膚科,乳腺,2,再診,2
皮膚科,乳腺,4,再診,3
皮膚科,入退,0,再診,1
皮膚科,入退,1,再診,2
皮膚科,入退,2,再診,2
皮膚科,入退,4,再診,3
皮膚科,内科,2,再診,1
皮膚科,内科,4,再診,1
皮膚科,内科,4,初診,1
皮膚科,呼吸,0,再診,1
皮膚科,呼吸,1,再診,4
皮膚科,呼吸,2,再診,1
皮膚科,呼吸,3,再診,2
皮膚科,呼吸,4,再診,5
皮膚科,外来,0,再診,9
皮膚科,外来,3,再診,11
皮膚科,小児,0,再診,1
皮膚科,小児,2,再診,2
皮膚科,形成,0,再診,3
皮膚科,形成,1,再診,1
皮膚科,形成,4,再診,1
皮膚科,循環,0,再診,2
皮膚科,循環,1,再診,3
皮膚科,循環,1,初診,1
皮膚科,循環,2,再診,2
皮膚科,循環,2,初診,1
皮膚科,循環,4,再診,3
皮膚科,心血,4,再診,1
皮膚科,感染,4,再診,1
皮膚科,放射,0,再診,2
皮膚科,放射,1,再診,2
皮膚科,放射,3,再診,1
皮膚科,放射,4,再診,1
皮膚科,救急,0,再診,1
皮膚科,救急,1,再診,1
皮膚科,整形,0,再診,1
皮膚科,整形,1,再診,4
皮膚科,整形,2,再診,4
皮膚科,整形,3,再診,2
皮膚科,整形,4,再診,5
皮膚科,歯口,0,再診,1
皮膚科,歯口,1,再診,2
皮膚科,歯口,3,再診,1
皮膚科,歯口,4,再診,3
皮膚科,歯口,4,初診,1
皮膚科,泌尿,0,再診,3
皮膚科,泌尿,1,再診,8
皮膚科,泌尿,2,再診,2
皮膚科,泌尿,3,再診,2
皮膚科,泌尿,4,再診,5
皮膚科,消化,0,再診,6
皮膚科,消化,1,初診,1
皮膚科,消化,4,再診,8
皮膚科,産婦,0,再診,4
皮膚科,産婦,2,再診,2
皮膚科,産婦,3,再診,2
皮膚科,産婦,4,再診,2
皮膚科,眼科,0,再診,4
皮膚科,眼科,1,再診,8
皮膚科,眼科,2,再診,2
皮膚科,眼科,2,初診,1
皮膚科,眼科,3,再診,5
皮膚科,眼科,4,再診,3
皮膚科,眼科,4,初診,1
皮膚科,総合,0,再診,4
皮膚科,総合,1,再診,3
皮膚科,総合,2,再診,9
皮膚科,総合,2,初診,1
皮膚科,総合,3,再診,2
皮膚科,総合,3,初診,2
皮膚科,総合,4,再診,9
皮膚科,総合,4,初診,2
皮膚科,耳鼻,0,再診,2
皮膚科,耳鼻,1,再診,2
皮膚科,耳鼻,3,再診,3
皮膚科,耳鼻,4,再診,2
皮膚科,脳内,3,再診,1
皮膚科,脳内,4,再診,1
皮膚科,脳外,2,再診,1
皮膚科,腎内,0,再診,1
皮膚科,腎内,1,再診,3
皮膚科,腎内,2,再診,3
皮膚科,腫瘍,2,再診,1
皮膚科,腫瘍,3,再診,1
皮膚科,膠原,0,再診,7
皮膚科,膠原,1,再診,6
皮膚科,膠原,2,再診,6
皮膚科,膠原,3,再診,4
皮膚科,膠原,4,再診,9
皮膚科,臨床,0,再診,1
皮膚科,臨床,2,再診,3
皮膚科,般外,1,再診,2
皮膚科,般外,3,再診,5
皮膚科,薬剤,1,再診,1
皮膚科,薬剤,4,再診,1
皮膚科,血液,0,再診,3
皮膚科,血液,1,再診,6
皮膚科,血液,2,再診,2
皮膚科,血液,3,再診,3
皮膚科,血液,4,再診,5
皮膚科,退院,1,再診,2
皮膚科,退院,2,再診,1
皮膚科,麻酔,2,再診,1
皮膚科,ﾒﾝﾀﾙ,0,再診,3
皮膚科,ﾒﾝﾀﾙ,2,初診,1
看護部,ゲノ,1,再診,4
看護部,乳腺,0,再診,1
看護部,乳腺,3,再診,4
看護部,入退,2,再診,2
看護部,呼吸,1,再診,2
看護部,呼吸,2,再診,4
看護部,呼吸,3,再診,6
看護部,循環,0,再診,1
看護部,循環,3,再診,1
看護部,放射,0,再診,2
看護部,放射,2,再診,2
看護部,放射,3,再診,2
看護部,歯口,3,再診,2
看護部,泌尿,0,再診,2
看護部,泌尿,2,再診,19
看護部,消化,1,再診,1
看護部,消化,2,再診,1
看護部,消化,3,再診,1
看護部,産婦,2,再診,3
看護部,産婦,3,再診,2
看護部,産婦,4,再診,1
看護部,眼科,3,再診,1
看護部,緩和,0,再診,1
看護部,腫瘍,1,再診,2
看護部,腫瘍,2,再診,3
看護部,腫瘍,3,再診,3
看護部,般外,1,再診,9
看護部,般外,2,再診,6
看護部,般外,3,再診,6
看護部,退院,0,再診,1
看護部,退院,1,再診,1
看護部,退院,3,再診,1
看護部,遺伝,1,再診,1
看護部,遺伝,3,再診,1
看護部,遺伝,4,再診,2
眼科,SW,0,再診,1
眼科,SW,4,再診,1
眼科,アレ,3,再診,7
眼科,リハ,0,再診,1
眼科,乳腺,1,再診,5
眼科,乳腺,4,再診,1
眼科,入退,0,再診,13
眼科,入退,0,初診,1
眼科,入退,1,再診,30
眼科,入退,2,再診,20
眼科,入退,3,再診,45
眼科,入退,4,再診,35
眼科,呼吸,0,再診,7
眼科,呼吸,1,再診,10
眼科,呼吸,2,再診,2
眼科,呼吸,3,再診,14
眼科,呼吸,4,再診,4
眼科,外来,0,再診,45
眼科,外来,0,初診,1
眼科,外来,2,再診,19
眼科,外来,3,再診,17
眼科,外来,4,再診,13
眼科,小児,4,再診,2
眼科,形成,0,再診,4
眼科,形成,1,再診,3
眼科,形成,2,再診,2
眼科,形成,3,再診,7
眼科,形成,4,再診,2
眼科,形成,4,初診,1
眼科,循環,1,再診,1
眼科,循環,2,初診,1
眼科,循環,3,再診,2
眼科,心血,1,再診,2
眼科,放射,0,再診,3
眼科,放射,1,再診,2
眼科,放射,4,再診,2
眼科,救急,0,再診,2
眼科,救急,0,初診,1
眼科,整形,0,再診,6
眼科,整形,1,再診,3
眼科,整形,4,再診,1
眼科,歯口,0,再診,1
眼科,歯口,1,再診,4
眼科,歯口,3,再診,1
眼科,歯口,4,再診,1
眼科,泌尿,0,再診,9
眼科,泌尿,1,再診,7
眼科,泌尿,2,再診,8
眼科,泌尿,3,再診,1
眼科,泌尿,4,再診,2
眼科,消化,0,再診,4
眼科,消化,1,初診,1
眼科,消化,2,再診,3
眼科,消化,4,再診,2
眼科,産婦,0,再診,1
眼科,皮膚,0,再診,6
眼科,皮膚,1,再診,9
眼科,皮膚,2,再診,5
眼科,皮膚,2,初診,1
眼科,皮膚,3,再診,5
眼科,皮膚,4,再診,5
眼科,総合,0,再診,3
眼科,総合,1,再診,6
眼科,総合,2,再診,6
眼科,総合,3,再診,8
眼科,総合,4,再診,3
眼科,耳鼻,0,再診,1
眼科,耳鼻,1,再診,3
眼科,耳鼻,2,再診,3
眼科,耳鼻,3,再診,3
眼科,耳鼻,4,再診,3
眼科,脳内,0,再診,3
眼科,脳内,1,再診,6
眼科,脳内,2,再診,4
眼科,脳内,3,再診,4
眼科,脳内,4,再診,2
眼科,脳外,0,初診,1
眼科,脳外,1,再診,1
眼科,脳外,4,再診,2
眼科,腎内,0,再診,4
眼科,腎内,1,再診,6
眼科,腎内,2,再診,3
眼科,腎内,3,再診,9
眼科,腎内,3,初診,1
眼科,腎内,4,再診,1
眼科,腫瘍,0,再診,2
眼科,腫瘍,1,再診,3
眼科,腫瘍,2,再診,1
眼科,膠原,0,再診,17
眼科,膠原,1,再診,6
眼科,膠原,2,再診,9
眼科,膠原,3,再診,5
眼科,膠原,4,再診,6
眼科,般外,0,再診,2
眼科,般外,2,再診,2
眼科,般外,3,再診,1
眼科,薬剤,4,再診,1
眼科,血液,0,再診,4
眼科,血液,2,再診,2
眼科,血液,3,再診,1
眼科,血液,4,再診,2
眼科,退院,4,再診,1
眼科,遺伝,1,再診,6
眼科,遺伝,3,再診,2
眼科,ﾒﾝﾀﾙ,0,再診,1
禁煙外来,呼吸,3,再診,1
総合内科,PPC,0,再診,1
総合内科,PPC,1,再診,1
総合内科,SW,0,再診,1
総合内科,アレ,2,再診,3
総合内科,中処,3,再診,1
総合内科,乳腺,0,再診,1
総合内科,乳腺,2,再診,2
総合内科,乳腺,3,再診,2
総合内科,乳腺,3,初診,1
総合内科,乳腺,4,再診,2
総合内科,入退,1,再診,1
総合内科,入退,4,再診,1
総合内科,内科,0,再診,5
総合内科,内科,1,再診,4
総合内科,内科,1,初診,1
総合内科,内科,2,初診,3
総合内科,内科,3,再診,4
総合内科,内科,3,初診,1
総合内科,内科,4,再診,2
総合内科,内科,4,初診,2
総合内科,内科,5,再診,1
総合内科,呼吸,0,再診,5
総合内科,呼吸,1,再診,8
総合内科,呼吸,1,初診,1
総合内科,呼吸,2,再診,2
総合内科,呼吸,3,再診,9
総合内科,呼吸,4,再診,7
総合内科,外来,2,初診,1
総合内科,外来,3,再診,1
総合内科,小児,2,再診,1
総合内科,形成,2,再診,1
総合内科,形成,3,再診,1
総合内科,形成,4,再診,3
総合内科,循環,0,再診,5
総合内科,循環,1,再診,3
総合内科,循環,1,初診,1
総合内科,循環,2,再診,2
総合内科,循環,3,再診,4
総合内科,循環,3,初診,1
総合内科,循環,4,再診,2
総合内科,心血,1,再診,2
総合内科,心血,4,再診,3
総合内科,放射,0,再診,1
総合内科,放射,2,再診,1
総合内科,救急,0,再診,2
総合内科,救急,0,初診,1
総合内科,救急,1,再診,4
総合内科,救急,1,初診,1
総合内科,救急,3,再診,1
総合内科,救急,4,再診,4
総合内科,救急,4,初診,1
総合内科,整形,0,再診,2
総合内科,整形,1,再診,3
総合内科,整形,1,初診,2
総合内科,整形,2,再診,2
総合内科,整形,3,初診,1
総合内科,整形,4,再診,2
総合内科,整形,4,初診,3
総合内科,歯口,0,再診,1
総合内科,歯口,1,再診,4
総合内科,歯口,3,再診,3
総合内科,泌尿,0,再診,5
総合内科,泌尿,1,再診,6
総合内科,泌尿,2,再診,6
総合内科,泌尿,3,再診,3
総合内科,泌尿,4,再診,7
総合内科,消化,0,再診,11
総合内科,消化,0,初診,1
総合内科,消化,1,再診,9
総合内科,消化,1,初診,2
総合内科,消化,2,再診,12
総合内科,消化,2,初診,1
総合内科,消化,3,再診,7
総合内科,消化,3,初診,1
総合内科,消化,4,再診,5
総合内科,産婦,0,再診,2
総合内科,産婦,1,再診,1
総合内科,産婦,1,初診,2
総合内科,産婦,2,再診,1
総合内科,産婦,4,再診,3
総合内科,皮膚,0,再診,3
総合内科,皮膚,0,初診,1
総合内科,皮膚,1,再診,2
総合内科,皮膚,1,初診,1
総合内科,皮膚,2,再診,8
総合内科,皮膚,2,初診,3
総合内科,皮膚,3,再診,2
総合内科,皮膚,3,初診,2
総合内科,皮膚,4,再診,10
総合内科,眼科,0,再診,3
総合内科,眼科,1,再診,2
総合内科,眼科,1,初診,1
総合内科,眼科,2,再診,4
総合内科,眼科,2,初診,1
総合内科,眼科,3,再診,5
総合内科,眼科,4,再診,3
総合内科,耳鼻,0,初診,1
総合内科,耳鼻,1,再診,6
総合内科,耳鼻,2,再診,3
総合内科,耳鼻,3,再診,6
総合内科,耳鼻,4,再診,4
総合内科,耳鼻,4,初診,1
総合内科,脳内,0,再診,2
総合内科,脳内,1,再診,1
総合内科,脳内,2,初診,1
総合内科,脳内,4,再診,2
総合内科,脳外,0,再診,1
総合内科,脳外,3,再診,1
総合内科,脳外,4,再診,2
総合内科,腎内,0,再診,2
総合内科,腎内,1,再診,2
総合内科,腎内,2,初診,1
総合内科,腫瘍,2,再診,1
総合内科,膠原,0,再診,7
総合内科,膠原,1,再診,5
総合内科,膠原,1,初診,1
総合内科,膠原,2,再診,3
総合内科,膠原,3,再診,6
総合内科,膠原,4,再診,6
総合内科,般外,0,再診,5
総合内科,般外,1,再診,2
総合内科,般外,2,再診,1
総合内科,般外,2,初診,1
総合内科,般外,3,再診,7
総合内科,薬剤,3,再診,1
総合内科,血液,1,再診,2
総合内科,血液,2,初診,1
総合内科,血液,3,再診,4
総合内科,血液,4,再診,4
総合内科,退院,1,初診,1
総合内科,麻酔,1,再診,1
総合内科,ﾒﾝﾀﾙ,0,再診,6
総合内科,ﾒﾝﾀﾙ,1,再診,1
総合内科,ﾒﾝﾀﾙ,2,再診,1
総合内科,ﾒﾝﾀﾙ,2,初診,1
総合内科,ﾒﾝﾀﾙ,3,再診,1
総合内科,ﾒﾝﾀﾙ,4,再診,2
緩和ケアチーム,呼吸,0,再診,2
緩和ケアチーム,呼吸,3,再診,1
緩和ケアチーム,呼吸,4,再診,1
緩和ケアチーム,放射,0,再診,1
緩和ケアチーム,放射,3,再診,1
緩和ケアチーム,放射,4,再診,1
緩和ケアチーム,泌尿,4,再診,1
緩和ケアチーム,消化,2,再診,1
緩和ケアチーム,消化,3,再診,1
緩和ケアチーム,産婦,3,再診,1
緩和ケアチーム,看護,0,再診,1
緩和ケアチーム,総合,4,再診,1
緩和ケアチーム,耳鼻,2,再診,1
緩和ケア内科,産婦,3,再診,1
耳鼻咽喉科,PPC,4,再診,1
耳鼻咽喉科,SW,3,再診,1
耳鼻咽喉科,アレ,0,再診,1
耳鼻咽喉科,アレ,1,再診,2
耳鼻咽喉科,アレ,3,再診,3
耳鼻咽喉科,リハ,1,初診,1
耳鼻咽喉科,中処,1,再診,1
耳鼻咽喉科,中処,2,再診,1
耳鼻咽喉科,中処,2,初診,1
耳鼻咽喉科,中処,3,再診,3
耳鼻咽喉科,中処,3,初診,1
耳鼻咽喉科,中処,4,再診,1
耳鼻咽喉科,乳腺,0,再診,1
耳鼻咽喉科,乳腺,1,再診,1
耳鼻咽喉科,乳腺,3,再診,1
耳鼻咽喉科,入退,0,再診,1
耳鼻咽喉科,入退,1,再診,9
耳鼻咽喉科,入退,3,再診,16
耳鼻咽喉科,入退,4,再診,3
耳鼻咽喉科,内科,1,再診,1
耳鼻咽喉科,呼吸,0,再診,5
耳鼻咽喉科,呼吸,1,再診,4
耳鼻咽喉科,呼吸,2,再診,5
耳鼻咽喉科,呼吸,3,再診,6
耳鼻咽喉科,呼吸,4,再診,8
耳鼻咽喉科,呼吸,4,初診,1
耳鼻咽喉科,外来,0,再診,4
耳鼻咽喉科,外来,2,再診,2
耳鼻咽喉科,外来,3,再診,1
耳鼻咽喉科,外来,4,再診,4
耳鼻咽喉科,小児,0,再診,1
耳鼻咽喉科,小児,0,初診,2
耳鼻咽喉科,小児,1,再診,4
耳鼻咽喉科,小児,1,初診,1
耳鼻咽喉科,小児,3,再診,7
耳鼻咽喉科,小児,4,再診,2
耳鼻咽喉科,小児,4,初診,2
耳鼻咽喉科,形成,0,再診,2
耳鼻咽喉科,形成,1,再診,13
耳鼻咽喉科,形成,3,再診,3
耳鼻咽喉科,形成,4,再診,3
耳鼻咽喉科,循環,0,再診,1
耳鼻咽喉科,循環,1,再診,1
耳鼻咽喉科,循環,3,再診,1
耳鼻咽喉科,循環,4,再診,1
耳鼻咽喉科,放射,1,再診,15
耳鼻咽喉科,放射,3,再診,12
耳鼻咽喉科,放射,4,再診,3
耳鼻咽喉科,救急,1,再診,1
耳鼻咽喉科,救急,3,初診,1
耳鼻咽喉科,救急,4,再診,1
耳鼻咽喉科,整形,2,再診,1
耳鼻咽喉科,整形,3,再診,1
耳鼻咽喉科,整形,4,再診,2
耳鼻咽喉科,歯口,0,初診,1
耳鼻咽喉科,歯口,1,再診,8
耳鼻咽喉科,歯口,1,初診,1
耳鼻咽喉科,歯口,3,再診,7
耳鼻咽喉科,歯口,4,再診,2
耳鼻咽喉科,泌尿,1,再診,5
耳鼻咽喉科,泌尿,2,再診,1
耳鼻咽喉科,泌尿,4,再診,5
耳鼻咽喉科,泌尿,4,初診,1
耳鼻咽喉科,消化,0,再診,2
耳鼻咽喉科,消化,1,初診,1
耳鼻咽喉科,消化,2,再診,2
耳鼻咽喉科,消化,3,再診,2
耳鼻咽喉科,消化,3,初診,1
耳鼻咽喉科,消化,4,初診,1
耳鼻咽喉科,産婦,1,再診,1
耳鼻咽喉科,産婦,2,再診,1
耳鼻咽喉科,産婦,3,再診,2
耳鼻咽喉科,産婦,4,再診,1
耳鼻咽喉科,皮排,1,再診,2
耳鼻咽喉科,皮排,4,再診,1
耳鼻咽喉科,皮膚,0,再診,1
耳鼻咽喉科,皮膚,1,再診,2
耳鼻咽喉科,皮膚,3,再診,4
耳鼻咽喉科,皮膚,4,再診,2
耳鼻咽喉科,眼科,0,再診,1
耳鼻咽喉科,眼科,1,初診,2
耳鼻咽喉科,眼科,2,再診,2
耳鼻咽喉科,眼科,3,再診,2
耳鼻咽喉科,眼科,4,再診,2
耳鼻咽喉科,総合,0,再診,1
耳鼻咽喉科,総合,1,再診,5
耳鼻咽喉科,総合,2,再診,2
耳鼻咽喉科,総合,3,再診,3
耳鼻咽喉科,総合,3,初診,1
耳鼻咽喉科,総合,4,再診,4
耳鼻咽喉科,緩和,2,再診,1
耳鼻咽喉科,脳内,0,再診,2
耳鼻咽喉科,脳内,2,再診,2
耳鼻咽喉科,脳内,3,再診,2
耳鼻咽喉科,脳内,4,再診,1
耳鼻咽喉科,脳外,1,再診,1
耳鼻咽喉科,脳外,2,再診,1
耳鼻咽喉科,腎内,0,再診,1
耳鼻咽喉科,腎内,1,再診,3
耳鼻咽喉科,腎内,3,再診,1
耳鼻咽喉科,腎内,4,初診,1
耳鼻咽喉科,腫瘍,1,再診,1
耳鼻咽喉科,膠原,1,再診,3
耳鼻咽喉科,膠原,2,再診,3
耳鼻咽喉科,膠原,3,初診,1
耳鼻咽喉科,膠原,4,再診,1
耳鼻咽喉科,般外,3,再診,5
耳鼻咽喉科,薬剤,3,再診,6
耳鼻咽喉科,血液,0,再診,1
耳鼻咽喉科,血液,1,再診,2
耳鼻咽喉科,血液,3,再診,4
耳鼻咽喉科,血液,4,再診,2
耳鼻咽喉科,通院,3,再診,1
耳鼻咽喉科,遺伝,1,再診,1
耳鼻咽喉科,遺伝,2,再診,1
耳鼻咽喉科,遺伝,3,再診,1
耳鼻咽喉科,麻酔,0,再診,1
耳鼻咽喉科,麻酔,1,再診,5
耳鼻咽喉科,麻酔,2,再診,2
耳鼻咽喉科,麻酔,3,再診,8
耳鼻咽喉科,麻酔,4,再診,3
耳鼻咽喉科,ﾒﾝﾀﾙ,2,再診,3
耳鼻咽喉科,ﾒﾝﾀﾙ,4,再診,1
脳神経内科,SW,0,再診,1
脳神経内科,SW,3,再診,1
脳神経内科,アレ,2,再診,1
脳神経内科,アレ,3,再診,1
脳神経内科,リハ,4,再診,1
脳神経内科,中処,2,再診,1
脳神経内科,中処,3,再診,2
脳神経内科,中処,4,再診,1
脳神経内科,乳腺,0,再診,2
脳神経内科,乳腺,2,再診,1
脳神経内科,呼吸,0,再診,3
脳神経内科,呼吸,1,再診,1
脳神経内科,呼吸,2,再診,2
脳神経内科,呼吸,3,再診,1
脳神経内科,形成,1,再診,1
脳神経内科,形成,4,再診,1
脳神経内科,循環,0,再診,5
脳神経内科,循環,1,再診,1
脳神経内科,循環,2,再診,2
脳神経内科,循環,3,再診,2
脳神経内科,循環,4,再診,7
脳神経内科,心血,4,再診,1
脳神経内科,放射,2,再診,1
脳神経内科,放射,3,再診,1
脳神経内科,救急,4,再診,1
脳神経内科,整形,0,再診,3
脳神経内科,整形,2,再診,1
脳神経内科,整形,3,再診,2
脳神経内科,整形,4,再診,2
脳神経内科,歯口,3,再診,1
脳神経内科,歯口,4,再診,1
脳神経内科,泌尿,0,再診,3
脳神経内科,泌尿,2,再診,3
脳神経内科,泌尿,3,再診,3
脳神経内科,泌尿,4,再診,3
脳神経内科,消化,0,再診,2
脳神経内科,消化,2,再診,1
脳神経内科,消化,3,再診,3
脳神経内科,消化,3,初診,1
脳神経内科,消化,4,再診,2
脳神経内科,皮排,4,再診,1
脳神経内科,皮膚,2,再診,1
脳神経内科,皮膚,3,再診,2
脳神経内科,皮膚,4,再診,1
脳神経内科,眼科,0,再診,2
脳神経内科,眼科,1,再診,5
脳神経内科,眼科,2,再診,2
脳神経内科,眼科,2,初診,1
脳神経内科,眼科,3,再診,2
脳神経内科,眼科,4,再診,1
脳神経内科,総合,0,再診,2
脳神経内科,総合,2,初診,1
脳神経内科,総合,4,再診,3
脳神経内科,耳鼻,0,再診,2
脳神経内科,耳鼻,2,再診,1
脳神経内科,耳鼻,3,再診,1
脳神経内科,耳鼻,4,再診,1
脳神経内科,脳外,0,再診,1
脳神経内科,腎内,3,再診,2
脳神経内科,膠原,0,再診,1
脳神経内科,膠原,1,再診,2
脳神経内科,膠原,1,初診,1
脳神経内科,膠原,2,再診,2
脳神経内科,膠原,3,再診,1
脳神経内科,膠原,4,再診,1
脳神経内科,般外,2,再診,1
脳神経内科,般外,3,再診,1
脳神経内科,薬剤,3,再診,2
脳神経内科,血液,0,再診,1
脳神経内科,血液,1,再診,1
脳神経内科,血液,2,再診,1
脳神経内科,血液,3,再診,1
脳神経内科,ﾒﾝﾀﾙ,0,再診,1
脳神経内科,ﾒﾝﾀﾙ,2,再診,2
脳神経内科,ﾒﾝﾀﾙ,3,再診,1
脳神経外科,入退,1,再診,2
脳神経外科,入退,2,再診,1
脳神経外科,内科,0,再診,1
脳神経外科,呼吸,1,再診,1
脳神経外科,呼吸,4,再診,2
脳神経外科,形成,1,初診,1
脳神経外科,形成,4,再診,1
脳神経外科,循環,2,再診,1
脳神経外科,放射,2,再診,2
脳神経外科,放射,4,再診,1
脳神経外科,救急,2,再診,1
脳神経外科,整形,0,再診,1
脳神経外科,整形,0,初診,1
脳神経外科,整形,1,再診,1
脳神経外科,整形,3,再診,1
脳神経外科,整形,4,初診,1
脳神経外科,歯口,2,初診,1
脳神経外科,泌尿,0,再診,1
脳神経外科,泌尿,1,再診,1
脳神経外科,泌尿,2,再診,1
脳神経外科,泌尿,4,再診,2
脳神経外科,消化,2,再診,2
脳神経外科,皮膚,2,再診,1
脳神経外科,眼科,0,初診,1
脳神経外科,眼科,1,再診,1
脳神経外科,眼科,4,再診,1
脳神経外科,総合,0,初診,1
脳神経外科,総合,3,再診,1
脳神経外科,総合,4,再診,1
脳神経外科,総合,4,初診,1
脳神経外科,耳鼻,1,再診,1
脳神経外科,耳鼻,2,再診,1
脳神経外科,脳内,0,再診,1
脳神経外科,膠原,2,再診,1
脳神経外科,般外,4,再診,1
脳神経外科,血液,2,再診,1
脳神経外科,血液,2,初診,1
脳神経外科,血液,4,再診,1
脳神経外科,麻酔,4,再診,1
腎内科,PPC,4,再診,1
腎内科,アレ,2,再診,1
腎内科,アレ,3,再診,1
腎内科,乳腺,0,再診,1
腎内科,乳腺,1,再診,1
腎内科,入退,0,初診,1
腎内科,入退,3,再診,2
腎内科,内科,1,再診,1
腎内科,内科,2,再診,1
腎内科,呼吸,0,再診,1
腎内科,呼吸,2,再診,4
腎内科,呼吸,3,再診,4
腎内科,呼吸,4,再診,2
腎内科,形成,3,再診,1
腎内科,循環,0,再診,8
腎内科,循環,1,再診,2
腎内科,循環,2,再診,7
腎内科,循環,3,再診,6
腎内科,循環,4,再診,3
腎内科,心血,1,再診,1
腎内科,感染,0,再診,1
腎内科,放射,0,再診,1
腎内科,救急,1,再診,1
腎内科,整形,0,再診,3
腎内科,整形,1,再診,1
腎内科,整形,4,再診,1
腎内科,歯口,1,再診,1
腎内科,歯口,3,再診,3
腎内科,泌尿,0,再診,15
腎内科,泌尿,1,再診,13
腎内科,泌尿,2,再診,5
腎内科,泌尿,3,再診,1
腎内科,泌尿,4,再診,4
腎内科,泌尿,4,初診,1
腎内科,消化,0,再診,1
腎内科,消化,1,再診,2
腎内科,消化,2,再診,3
腎内科,消化,3,再診,4
腎内科,消化,4,再診,3
腎内科,産婦,0,再診,1
腎内科,産婦,2,再診,2
腎内科,産婦,3,再診,11
腎内科,皮膚,0,再診,2
腎内科,皮膚,1,再診,3
腎内科,皮膚,2,再診,3
腎内科,眼科,0,再診,3
腎内科,眼科,1,再診,3
腎内科,眼科,2,再診,1
腎内科,眼科,3,再診,6
腎内科,眼科,4,再診,1
腎内科,総合,0,再診,1
腎内科,総合,0,初診,1
腎内科,総合,1,再診,2
腎内科,総合,2,再診,1
腎内科,耳鼻,0,再診,1
腎内科,耳鼻,1,再診,3
腎内科,耳鼻,3,再診,2
腎内科,耳鼻,4,再診,1
腎内科,脳内,3,再診,2
腎内科,膠原,0,再診,2
腎内科,膠原,1,再診,2
腎内科,膠原,2,再診,3
腎内科,膠原,3,再診,7
腎内科,臨床,0,再診,14
腎内科,臨床,1,再診,5
腎内科,臨床,2,再診,13
腎内科,臨床,3,再診,3
腎内科,臨床,4,再診,12
腎内科,臨床,5,再診,1
腎内科,般外,0,再診,4
腎内科,般外,3,再診,1
腎内科,般外,4,再診,1
腎内科,薬剤,3,再診,1
腎内科,血液,0,再診,3
腎内科,血液,1,再診,2
腎内科,血液,2,再診,1
腎内科,血液,3,再診,5
腎内科,血液,4,再診,2
腎内科,退院,2,再診,1
腎内科,退院,3,再診,1
腎内科,麻酔,2,再診,2
腎内科,ﾒﾝﾀﾙ,0,再診,1
腎内科,ﾒﾝﾀﾙ,2,再診,2
腎内科,ﾒﾝﾀﾙ,3,再診,1
臨床工学技師,SW,0,再診,1
臨床工学技師,形成,1,再診,1
臨床工学技師,心血,1,再診,1
臨床工学技師,整形,3,再診,2
臨床工学技師,整形,4,再診,1
臨床工学技師,歯口,0,再診,1
臨床工学技師,皮排,3,再診,1
臨床工学技師,皮排,4,再診,1
臨床工学技師,皮膚,0,再診,1
臨床工学技師,皮膚,2,再診,3
臨床工学技師,腎内,0,再診,13
臨床工学技師,腎内,1,再診,5
臨床工学技師,腎内,2,再診,14
臨床工学技師,腎内,3,再診,3
臨床工学技師,腎内,4,再診,12
臨床工学技師,腎内,5,再診,1
臨床工学技師,般外,3,再診,1
臨床工学技師,退院,0,再診,1
臨床工学技師,退院,1,再診,1
臨床工学技師,退院,2,再診,1
臨床工学技師,麻酔,0,再診,1
臨床工学技師,ﾒﾝﾀﾙ,2,再診,1
臨床工学技師,ﾒﾝﾀﾙ,4,再診,1
臨床腫瘍科,PPC,0,再診,1
臨床腫瘍科,PPC,2,再診,1
臨床腫瘍科,乳腺,0,再診,1
臨床腫瘍科,呼吸,2,再診,1
臨床腫瘍科,心血,4,再診,1
臨床腫瘍科,放射,0,再診,1
臨床腫瘍科,整形,1,再診,1
臨床腫瘍科,歯口,1,再診,4
臨床腫瘍科,歯口,2,再診,1
臨床腫瘍科,歯口,3,再診,1
臨床腫瘍科,泌尿,1,再診,4
臨床腫瘍科,泌尿,2,再診,4
臨床腫瘍科,泌尿,4,再診,2
臨床腫瘍科,消化,0,再診,13
臨床腫瘍科,消化,1,再診,5
臨床腫瘍科,消化,2,再診,29
臨床腫瘍科,消化,3,再診,18
臨床腫瘍科,消化,4,再診,5
臨床腫瘍科,産婦,2,再診,1
臨床腫瘍科,皮膚,2,再診,1
臨床腫瘍科,皮膚,3,再診,1
臨床腫瘍科,看護,1,再診,2
臨床腫瘍科,看護,2,再診,2
臨床腫瘍科,看護,3,再診,2
臨床腫瘍科,眼科,0,再診,1
臨床腫瘍科,眼科,1,再診,2
臨床腫瘍科,総合,2,再診,1
臨床腫瘍科,耳鼻,1,再診,1
臨床腫瘍科,般外,0,再診,5
臨床腫瘍科,般外,1,再診,7
臨床腫瘍科,般外,2,再診,1
臨床腫瘍科,般外,3,再診,5
臨床腫瘍科,薬剤,0,再診,3
臨床腫瘍科,薬剤,1,再診,5
臨床腫瘍科,薬剤,3,再診,3
薬剤部,乳腺,0,再診,2
薬剤部,乳腺,1,再診,11
薬剤部,乳腺,2,再診,11
薬剤部,乳腺,3,再診,6
薬剤部,乳腺,4,再診,8
薬剤部,呼吸,0,再診,1
薬剤部,呼吸,3,再診,5
薬剤部,呼吸,4,再診,1
薬剤部,外来,2,再診,1
薬剤部,整形,0,再診,1
薬剤部,整形,3,再診,1
薬剤部,歯口,1,再診,2
薬剤部,歯口,3,再診,1
薬剤部,泌尿,1,再診,3
薬剤部,泌尿,2,再診,5
薬剤部,泌尿,3,再診,1
薬剤部,泌尿,4,再診,1
薬剤部,消化,0,再診,2
薬剤部,消化,2,再診,3
薬剤部,消化,3,再診,1
薬剤部,消化,4,再診,4
薬剤部,産婦,0,再診,1
薬剤部,産婦,2,再診,1
薬剤部,産婦,3,再診,4
薬剤部,産婦,4,再診,3
薬剤部,皮膚,1,再診,2
薬剤部,皮膚,4,再診,1
薬剤部,耳鼻,1,再診,2
薬剤部,耳鼻,3,再診,6
薬剤部,脳内,3,再診,2
薬剤部,腎内,3,再診,1
薬剤部,腫瘍,0,再診,5
薬剤部,腫瘍,1,再診,6
薬剤部,腫瘍,3,再診,4
薬剤部,膠原,1,再診,1
薬剤部,膠原,2,再診,1
薬剤部,膠原,3,再診,2
薬剤部,膠原,4,再診,1
薬剤部,般外,2,再診,10
薬剤部,般外,3,再診,6
薬剤部,般外,4,再診,1
薬剤部,血液,1,再診,5
薬剤部,血液,3,再診,2
薬剤部,ﾒﾝﾀﾙ,2,再診,1
血液内科,PPC,4,再診,1
血液内科,SW,3,再診,2
血液内科,アレ,0,再診,2
血液内科,アレ,2,再診,2
血液内科,中処,0,再診,26
血液内科,中処,1,再診,17
血液内科,中処,2,再診,8
血液内科,中処,3,再診,14
血液内科,中処,3,初診,1
血液内科,中処,4,再診,24
血液内科,乳腺,1,再診,1
血液内科,乳腺,4,再診,1
血液内科,入退,0,再診,2
血液内科,入退,1,再診,1
血液内科,入退,3,再診,5
血液内科,入退,4,再診,1
血液内科,内科,3,再診,1
血液内科,呼吸,0,再診,5
血液内科,呼吸,1,再診,7
血液内科,呼吸,2,再診,4
血液内科,呼吸,3,再診,4
血液内科,呼吸,3,初診,1
血液内科,呼吸,4,再診,3
血液内科,形成,1,再診,1
血液内科,形成,4,再診,3
血液内科,循環,0,再診,6
血液内科,循環,1,再診,2
血液内科,循環,2,再診,1
血液内科,循環,3,再診,3
血液内科,循環,4,再診,6
血液内科,放射,0,再診,2
血液内科,放射,1,再診,2
血液内科,放射,3,再診,1
血液内科,放射,4,再診,2
血液内科,救急,0,再診,2
血液内科,救急,1,再診,1
血液内科,整形,0,初診,1
血液内科,整形,4,再診,4
血液内科,歯口,0,再診,2
血液内科,歯口,1,再診,1
血液内科,歯口,3,再診,1
血液内科,泌尿,0,再診,3
血液内科,泌尿,1,再診,3
血液内科,泌尿,2,再診,3
血液内科,泌尿,2,初診,1
血液内科,泌尿,3,再診,1
血液内科,消化,0,再診,7
血液内科,消化,1,再診,3
血液内科,消化,2,再診,3
血液内科,消化,3,再診,2
血液内科,消化,4,再診,2
血液内科,産婦,0,再診,1
血液内科,産婦,3,再診,3
血液内科,皮膚,0,再診,3
血液内科,皮膚,1,再診,3
血液内科,皮膚,2,再診,3
血液内科,皮膚,3,再診,4
血液内科,皮膚,4,再診,6
血液内科,眼科,0,再診,2
血液内科,眼科,2,再診,2
血液内科,眼科,3,再診,1
血液内科,眼科,4,再診,1
血液内科,総合,1,再診,2
血液内科,総合,2,再診,1
血液内科,総合,3,再診,3
血液内科,総合,4,再診,3
血液内科,総合,4,初診,1
血液内科,耳鼻,0,再診,1
血液内科,耳鼻,1,再診,2
血液内科,耳鼻,3,再診,2
血液内科,耳鼻,4,再診,3
血液内科,脳内,0,再診,2
血液内科,脳内,1,再診,1
血液内科,脳内,2,再診,1
血液内科,脳内,3,再診,1
血液内科,脳外,2,再診,1
血液内科,脳外,4,再診,1
血液内科,腎内,0,再診,3
血液内科,腎内,1,再診,2
血液内科,腎内,2,再診,1
血液内科,腎内,3,再診,5
血液内科,腎内,4,再診,2
血液内科,膠原,0,再診,3
血液内科,膠原,1,再診,2
血液内科,膠原,2,初診,1
血液内科,膠原,3,再診,3
血液内科,膠原,4,再診,1
血液内科,般外,1,再診,3
血液内科,般外,3,再診,3
血液内科,薬剤,1,再診,4
血液内科,薬剤,3,再診,2
血液内科,退院,1,再診,1
血液内科,退院,1,初診,1
退院支援,PPC,1,再診,1
退院支援,PPC,3,再診,1
退院支援,SW,0,再診,2
退院支援,SW,2,再診,2
退院支援,アレ,1,再診,1
退院支援,乳腺,0,再診,3
退院支援,呼吸,0,再診,1
退院支援,呼吸,1,再診,1
退院支援,循環,0,再診,1
退院支援,循環,3,再診,2
退院支援,感染,2,再診,1
退院支援,放射,4,再診,1
退院支援,歯口,1,再診,2
退院支援,泌尿,2,再診,1
退院支援,消化,1,再診,3
退院支援,消化,3,再診,1
退院支援,消化,4,再診,1
退院支援,皮排,4,再診,1
退院支援,皮膚,1,再診,3
退院支援,皮膚,2,再診,1
退院支援,看護,0,再診,1
退院支援,看護,2,再診,1
退院支援,看護,3,再診,1
退院支援,眼科,4,再診,1
退院支援,総合,0,再診,1
退院支援,総合,1,再診,1
退院支援,緩和,2,再診,1
退院支援,腎内,2,再診,1
退院支援,腎内,3,再診,1
退院支援,膠原,0,再診,2
退院支援,臨床,0,再診,1
退院支援,臨床,1,再診,1
退院支援,臨床,2,再診,1
退院支援,般外,0,再診,1
退院支援,般外,1,再診,1
退院支援,般外,4,再診,1
退院支援,血液,1,再診,2
退院支援,血液,4,再診,1
退院支援,ﾒﾝﾀﾙ,3,再診,1
退院支援,ﾒﾝﾀﾙ,4,再診,1
通院治療センター,アレ,1,再診,1
通院治療センター,乳腺,1,再診,1
通院治療センター,呼吸,2,再診,2
通院治療センター,呼吸,3,再診,2
通院治療センター,整形,1,再診,1
通院治療センター,歯口,0,再診,2
通院治療センター,歯口,1,再診,2
通院治療センター,泌尿,0,再診,2
通院治療センター,泌尿,1,再診,2
通院治療センター,消化,0,再診,1
通院治療センター,産婦,3,再診,2
通院治療センター,産婦,4,再診,1
通院治療センター,耳鼻,3,再診,1
通院治療センター,般外,2,再診,2
通院治療センター,般外,3,再診,1
通院治療センター,薬剤,3,再診,1
通院治療センター,血液,1,再診,1
遺伝診療科,乳腺,2,再診,2
遺伝診療科,乳腺,4,再診,2
遺伝診療科,小児,3,再診,1
遺伝診療科,小児,4,再診,1
遺伝診療科,産婦,3,再診,1
遺伝診療科,看護,1,再診,1
遺伝診療科,看護,3,再診,1
遺伝診療科,看護,4,再診,2
遺伝診療科,眼科,1,再診,6
遺伝診療科,耳鼻,1,再診,1
遺伝診療科,耳鼻,2,再診,1
遺伝診療科,耳鼻,3,再診,1
遺伝診療科,膠原,1,再診,1
遺伝診療科,麻酔,1,再診,1
骨転移カンファレンス,放射,0,再診,1
麻酔科,SW,2,再診,1
麻酔科,乳腺,0,再診,7
麻酔科,乳腺,1,再診,2
麻酔科,乳腺,2,再診,2
麻酔科,乳腺,4,再診,2
麻酔科,入退,0,再診,20
麻酔科,入退,1,再診,24
麻酔科,入退,2,再診,22
麻酔科,入退,3,再診,19
麻酔科,入退,4,再診,20
麻酔科,呼吸,0,再診,2
麻酔科,呼吸,2,再診,1
麻酔科,呼吸,3,再診,1
麻酔科,外来,1,再診,2
麻酔科,小児,3,再診,1
麻酔科,形成,1,再診,1
麻酔科,形成,4,再診,2
麻酔科,循環,0,再診,2
麻酔科,循環,1,再診,1
麻酔科,循環,3,再診,1
麻酔科,感染,0,再診,1
麻酔科,感染,1,再診,1
麻酔科,整形,0,再診,6
麻酔科,整形,1,再診,6
麻酔科,整形,2,再診,15
麻酔科,整形,3,再診,6
麻酔科,整形,4,再診,12
麻酔科,歯口,0,再診,7
麻酔科,歯口,1,再診,2
麻酔科,歯口,2,再診,3
麻酔科,歯口,3,再診,7
麻酔科,歯口,4,再診,6
麻酔科,泌尿,0,再診,4
麻酔科,泌尿,1,再診,5
麻酔科,泌尿,2,再診,5
麻酔科,泌尿,4,再診,7
麻酔科,消化,0,再診,1
麻酔科,消化,4,再診,1
麻酔科,産婦,0,再診,8
麻酔科,産婦,1,再診,10
麻酔科,産婦,2,再診,21
麻酔科,産婦,3,再診,7
麻酔科,産婦,4,再診,16
麻酔科,皮排,0,再診,1
麻酔科,皮排,1,再診,1
麻酔科,皮排,4,再診,1
麻酔科,皮膚,2,再診,3
麻酔科,総合,1,再診,1
麻酔科,耳鼻,0,再診,2
麻酔科,耳鼻,1,再診,15
麻酔科,耳鼻,2,再診,2
麻酔科,耳鼻,3,再診,12
麻酔科,耳鼻,4,再診,5
麻酔科,脳外,4,再診,1
麻酔科,腎内,2,再診,2
麻酔科,膠原,1,再診,1
麻酔科,膠原,4,再診,1
麻酔科,臨床,0,再診,1
麻酔科,般外,1,再診,4
麻酔科,般外,2,再診,1
麻酔科,般外,3,再診,4
麻酔科,般外,4,再診,5
麻酔科,遺伝,1,再診,1
麻酔科,ﾒﾝﾀﾙ,4,再診,1
ﾘﾊﾋﾞﾘﾃｰｼｮﾝ科,乳腺,1,再診,1
ﾘﾊﾋﾞﾘﾃｰｼｮﾝ科,整形,0,再診,2
ﾘﾊﾋﾞﾘﾃｰｼｮﾝ科,整形,1,再診,10
ﾘﾊﾋﾞﾘﾃｰｼｮﾝ科,整形,2,再診,4
ﾘﾊﾋﾞﾘﾃｰｼｮﾝ科,整形,3,再診,4
ﾘﾊﾋﾞﾘﾃｰｼｮﾝ科,整形,4,再診,2
ﾘﾊﾋﾞﾘﾃｰｼｮﾝ科,眼科,0,再診,1
ﾘﾊﾋﾞﾘﾃｰｼｮﾝ科,耳鼻,1,再診,2
ﾘﾊﾋﾞﾘﾃｰｼｮﾝ科,脳内,4,再診,1
