診療科名,予約担当者匿名ID,予約名称,初再診区分,紹介状有無,月,件数
PICCCVポートセンター,DR_XX009,SL_0009,再診,紹介状無し,2026-01,56
がんゲノム,DR_ON001,SL_0088,再診,紹介状無し,2026-01,10
がんゲノム,DR_XX039,SL_0005,再診,紹介状無し,2026-01,1
アレルギー科,DR_AL001,SL_0009,再診,紹介状無し,2026-01,1
アレルギー科,DR_AL001,SL_0033,再診,紹介状無し,2026-01,27
アレルギー科,DR_AL002,SL_0009,再診,紹介状無し,2026-01,8
アレルギー科,DR_AL002,SL_0189,再診,紹介状無し,2026-01,40
アレルギー科,DR_AL003,SL_0009,再診,紹介状無し,2026-01,1
アレルギー科,DR_RS2003,SL_0009,再診,紹介状無し,2026-01,1
アレルギー科,DR_RS2003,SL_0061,再診,紹介状無し,2026-01,42
アレルギー科,DR_RS2003,SL_0361,再診,紹介状無し,2026-01,6
アレルギー科,DR_RS2003,SL_0444,初診,紹介状あり,2026-01,1
アレルギー科,DR_RS2003,SL_0874,再診,紹介状無し,2026-01,1
アレルギー科,DR_RS2005,SL_0100,再診,紹介状無し,2026-01,20
ソーシャルワーカー,DR_XX001,SL_0009,再診,紹介状無し,2026-01,25
ソーシャルワーカー,DR_XX001,SL_0011,再診,紹介状無し,2026-01,103
ソーシャルワーカー,DR_XX034,SL_0825,再診,紹介状無し,2026-01,1
メンタルケア科,DR_MN001,SL_0009,再診,紹介状無し,2026-01,2
メンタルケア科,DR_MN001,SL_0043,再診,紹介状無し,2026-01,130
メンタルケア科,DR_MN001,SL_0624,再診,紹介状無し,2026-01,3
メンタルケア科,DR_MN002,SL_0009,再診,紹介状無し,2026-01,97
メンタルケア科,DR_MN004,SL_0009,再診,紹介状無し,2026-01,5
メンタルケア科,DR_MN004,SL_0255,再診,紹介状無し,2026-01,55
メンタルケア科,DR_MN004,SL_0545,再診,紹介状無し,2026-01,3
メンタルケア科,DR_MN005,SL_0609,再診,紹介状無し,2026-01,11
メンタルケア科,DR_MN006,SL_0005,再診,紹介状無し,2026-01,2
メンタルケア科,DR_MN007,SL_0009,再診,紹介状無し,2026-01,1
メンタルケア科,DR_MN008,SL_0678,再診,紹介状無し,2026-01,2
メンタルケア科,DR_MN009,SL_0721,再診,紹介状無し,2026-01,40
メンタルケア科,DR_MN009,SL_0763,再診,紹介状無し,2026-01,6
メンタルケア科,DR_MN010,SL_0828,再診,紹介状無し,2026-01,1
メンタルケア科,DR_MN011,SL_0891,再診,紹介状無し,2026-01,1
リウマチ膠原病内科,DR_RH001,SL_0008,再診,紹介状無し,2026-01,27
リウマチ膠原病内科,DR_RH001,SL_0009,再診,紹介状無し,2026-01,1
リウマチ膠原病内科,DR_RH002,SL_0009,再診,紹介状無し,2026-01,15
リウマチ膠原病内科,DR_RH002,SL_0014,再診,紹介状無し,2026-01,39
リウマチ膠原病内科,DR_RH002,SL_0426,初診,紹介状あり,2026-01,1
リウマチ膠原病内科,DR_RH002,SL_0682,再診,紹介状無し,2026-01,2
リウマチ膠原病内科,DR_RH003,SL_0009,再診,紹介状無し,2026-01,26
リウマチ膠原病内科,DR_RH003,SL_0065,初診,紹介状あり,2026-01,4
リウマチ膠原病内科,DR_RH003,SL_0066,再診,紹介状無し,2026-01,123
リウマチ膠原病内科,DR_RH003,SL_0066,初診,紹介状無し,2026-01,1
リウマチ膠原病内科,DR_RH003,SL_0526,再診,紹介状無し,2026-01,7
リウマチ膠原病内科,DR_RH003,SL_0768,初診,紹介状あり,2026-01,1
リウマチ膠原病内科,DR_RH004,SL_0009,再診,紹介状無し,2026-01,1
リウマチ膠原病内科,DR_RH004,SL_0139,再診,紹介状無し,2026-01,109
リウマチ膠原病内科,DR_RH005,SL_0009,再診,紹介状無し,2026-01,3
リウマチ膠原病内科,DR_RH005,SL_0156,再診,紹介状無し,2026-01,46
リウマチ膠原病内科,DR_RH006,SL_0009,再診,紹介状無し,2026-01,9
リウマチ膠原病内科,DR_RH006,SL_0174,再診,紹介状無し,2026-01,170
リウマチ膠原病内科,DR_RH006,SL_0496,初診,紹介状あり,2026-01,2
リウマチ膠原病内科,DR_RH006,SL_0611,再診,紹介状無し,2026-01,2
リウマチ膠原病内科,DR_RH007,SL_0009,再診,紹介状無し,2026-01,37
リウマチ膠原病内科,DR_RH007,SL_0176,再診,紹介状無し,2026-01,6
リウマチ膠原病内科,DR_RH007,SL_0176,初診,紹介状あり,2026-01,1
リウマチ膠原病内科,DR_RH007,SL_0176,初診,紹介状無し,2026-01,2
リウマチ膠原病内科,DR_RH008,SL_0201,再診,紹介状無し,2026-01,12
リウマチ膠原病内科,DR_RH009,SL_0009,再診,紹介状無し,2026-01,10
リウマチ膠原病内科,DR_RH009,SL_0210,再診,紹介状無し,2026-01,264
リウマチ膠原病内科,DR_RH009,SL_0340,再診,紹介状無し,2026-01,5
リウマチ膠原病内科,DR_RH009,SL_0534,初診,紹介状あり,2026-01,2
リウマチ膠原病内科,DR_RH009,SL_0692,初診,紹介状あり,2026-01,11
リウマチ膠原病内科,DR_RH009,SL_0692,初診,紹介状無し,2026-01,1
リウマチ膠原病内科,DR_RH010,SL_0009,再診,紹介状無し,2026-01,9
リウマチ膠原病内科,DR_RH010,SL_0222,再診,紹介状無し,2026-01,101
リウマチ膠原病内科,DR_RH011,SL_0009,再診,紹介状無し,2026-01,2
リウマチ膠原病内科,DR_RH011,SL_0368,再診,紹介状無し,2026-01,9
リウマチ膠原病内科,DR_RH013,SL_0009,再診,紹介状無し,2026-01,1
リウマチ膠原病内科,DR_RH013,SL_0596,再診,紹介状無し,2026-01,6
一般消化器外科,DR_BR005,SL_0009,再診,紹介状無し,2026-01,34
一般消化器外科,DR_BR005,SL_0516,再診,紹介状無し,2026-01,19
一般消化器外科,DR_GS001,SL_0009,再診,紹介状無し,2026-01,9
一般消化器外科,DR_GS001,SL_0021,再診,紹介状無し,2026-01,7
一般消化器外科,DR_GS001,SL_0022,再診,紹介状無し,2026-01,155
一般消化器外科,DR_GS001,SL_0022,初診,紹介状無し,2026-01,1
一般消化器外科,DR_GS001,SL_0454,初診,紹介状あり,2026-01,7
一般消化器外科,DR_GS001,SL_0696,初診,紹介状あり,2026-01,1
一般消化器外科,DR_GS002,SL_0009,再診,紹介状無し,2026-01,3
一般消化器外科,DR_GS002,SL_0085,再診,紹介状無し,2026-01,79
一般消化器外科,DR_GS002,SL_0085,初診,紹介状無し,2026-01,1
一般消化器外科,DR_GS002,SL_0568,再診,紹介状無し,2026-01,1
一般消化器外科,DR_GS002,SL_0601,初診,紹介状あり,2026-01,2
一般消化器外科,DR_GS002,SL_0885,初診,紹介状あり,2026-01,1
一般消化器外科,DR_GS003,SL_0009,再診,紹介状無し,2026-01,3
一般消化器外科,DR_GS003,SL_0102,初診,紹介状あり,2026-01,12
一般消化器外科,DR_GS003,SL_0103,再診,紹介状無し,2026-01,178
一般消化器外科,DR_GS003,SL_0280,再診,紹介状無し,2026-01,10
一般消化器外科,DR_GS003,SL_0407,初診,紹介状あり,2026-01,8
一般消化器外科,DR_GS004,SL_0009,再診,紹介状無し,2026-01,9
一般消化器外科,DR_GS004,SL_0109,再診,紹介状無し,2026-01,67
一般消化器外科,DR_GS004,SL_0109,初診,紹介状あり,2026-01,1
一般消化器外科,DR_GS004,SL_0109,初診,紹介状無し,2026-01,2
一般消化器外科,DR_GS004,SL_0353,再診,紹介状無し,2026-01,3
一般消化器外科,DR_GS004,SL_0819,再診,紹介状無し,2026-01,1
一般消化器外科,DR_GS004,SL_0819,初診,紹介状あり,2026-01,1
一般消化器外科,DR_GS005,SL_0009,再診,紹介状無し,2026-01,4
一般消化器外科,DR_GS005,SL_0194,再診,紹介状無し,2026-01,41
一般消化器外科,DR_GS005,SL_0384,初診,紹介状あり,2026-01,4
一般消化器外科,DR_GS005,SL_0607,再診,紹介状無し,2026-01,2
一般消化器外科,DR_GS005,SL_0842,初診,紹介状あり,2026-01,2
一般消化器外科,DR_GS006,SL_0009,再診,紹介状無し,2026-01,3
一般消化器外科,DR_GS006,SL_0202,再診,紹介状無し,2026-01,104
一般消化器外科,DR_GS006,SL_0202,初診,紹介状あり,2026-01,1
一般消化器外科,DR_GS006,SL_0501,再診,紹介状無し,2026-01,5
一般消化器外科,DR_GS006,SL_0691,初診,紹介状あり,2026-01,4
一般消化器外科,DR_GS007,SL_0219,再診,紹介状無し,2026-01,44
一般消化器外科,DR_GS008,SL_0009,再診,紹介状無し,2026-01,2
一般消化器外科,DR_GS008,SL_0229,再診,紹介状無し,2026-01,30
一般消化器外科,DR_GS008,SL_0668,初診,紹介状あり,2026-01,2
一般消化器外科,DR_GS008,SL_0835,初診,紹介状あり,2026-01,1
一般消化器外科,DR_GS009,SL_0009,再診,紹介状無し,2026-01,6
一般消化器外科,DR_GS009,SL_0374,再診,紹介状あり,2026-01,1
一般消化器外科,DR_GS009,SL_0374,再診,紹介状無し,2026-01,44
一般消化器外科,DR_GS009,SL_0374,初診,紹介状あり,2026-01,2
一般消化器外科,DR_GS009,SL_0374,初診,紹介状無し,2026-01,1
一般消化器外科,DR_GS009,SL_0541,初診,紹介状あり,2026-01,5
一般消化器外科,DR_GS009,SL_0613,再診,紹介状無し,2026-01,5
一般消化器外科,DR_GS009,SL_0872,初診,紹介状あり,2026-01,1
一般消化器外科,DR_GS011,SL_0009,再診,紹介状無し,2026-01,25
一般消化器外科,DR_GS011,SL_0422,再診,紹介状あり,2026-01,1
一般消化器外科,DR_GS011,SL_0422,再診,紹介状無し,2026-01,6
一般消化器外科,DR_GS011,SL_0422,初診,紹介状あり,2026-01,2
一般消化器外科,DR_GS012,SL_0009,再診,紹介状無し,2026-01,1
一般消化器外科,DR_GS012,SL_0443,再診,紹介状無し,2026-01,7
一般消化器外科,DR_GS013,SL_0005,再診,紹介状無し,2026-01,5
一般消化器外科,DR_GS014,SL_0009,再診,紹介状無し,2026-01,1
一般消化器外科,DR_GS014,SL_0523,再診,紹介状あり,2026-01,5
一般消化器外科,DR_GS014,SL_0523,再診,紹介状無し,2026-01,6
一般消化器外科,DR_GS014,SL_0523,初診,紹介状あり,2026-01,7
一般消化器外科,DR_GS014,SL_0523,初診,紹介状無し,2026-01,6
一般消化器外科,DR_GS015,SL_0715,再診,紹介状無し,2026-01,36
一般消化器外科,DR_GS015,SL_0715,初診,紹介状無し,2026-01,1
一般消化器外科,DR_GS015,SL_0724,初診,紹介状あり,2026-01,1
一般消化器外科,DR_GS015,SL_0739,再診,紹介状無し,2026-01,3
一般消化器外科,DR_GS016,SL_0009,再診,紹介状無し,2026-01,3
一般消化器外科,DR_GS016,SL_0009,初診,紹介状あり,2026-01,1
一般消化器外科,DR_GS016,SL_0753,再診,紹介状無し,2026-01,1
一般消化器外科,DR_GS016,SL_0770,再診,紹介状無し,2026-01,31
一般消化器外科,DR_GS016,SL_0770,初診,紹介状あり,2026-01,4
一般消化器外科,DR_GS016,SL_0858,初診,紹介状あり,2026-01,2
一般消化器外科,DR_GS017,SL_0863,再診,紹介状無し,2026-01,1
中央処置室,DR_XX002,SL_0009,再診,紹介状無し,2026-01,10
中央処置室,DR_XX002,SL_0018,再診,紹介状無し,2026-01,158
乳腺外科,DR_BR002,SL_0009,再診,紹介状無し,2026-01,4
乳腺外科,DR_BR002,SL_0032,再診,紹介状無し,2026-01,18
乳腺外科,DR_BR002,SL_0032,初診,紹介状あり,2026-01,1
乳腺外科,DR_BR002,SL_0441,初診,紹介状あり,2026-01,4
乳腺外科,DR_BR002,SL_0629,再診,紹介状無し,2026-01,1
乳腺外科,DR_BR005,SL_0009,再診,紹介状無し,2026-01,1
乳腺外科,DR_BR005,SL_0516,再診,紹介状無し,2026-01,1
乳腺外科,DR_BR006,SL_0009,再診,紹介状無し,2026-01,103
乳腺外科,DR_BR006,SL_0009,初診,紹介状無し,2026-01,1
乳腺外科,DR_BR006,SL_0175,再診,紹介状あり,2026-01,1
乳腺外科,DR_BR006,SL_0175,再診,紹介状無し,2026-01,799
乳腺外科,DR_BR006,SL_0175,初診,紹介状あり,2026-01,5
乳腺外科,DR_BR006,SL_0175,初診,紹介状無し,2026-01,2
乳腺外科,DR_BR006,SL_0841,再診,紹介状無し,2026-01,3
乳腺外科,DR_BR006,SL_0843,初診,紹介状あり,2026-01,25
乳腺外科,DR_BR006,SL_0843,初診,紹介状無し,2026-01,2
乳腺外科,DR_BR006,SL_0849,再診,紹介状無し,2026-01,2
乳腺外科,DR_BR008,SL_0241,再診,紹介状無し,2026-01,86
乳腺外科,DR_BR008,SL_0241,初診,紹介状あり,2026-01,1
乳腺外科,DR_BR008,SL_0241,初診,紹介状無し,2026-01,1
乳腺外科,DR_BR008,SL_0494,再診,紹介状無し,2026-01,2
乳腺外科,DR_BR008,SL_0494,初診,紹介状あり,2026-01,7
乳腺外科,DR_BR009,SL_0005,再診,紹介状無し,2026-01,8
乳腺外科,DR_BR010,SL_0412,再診,紹介状無し,2026-01,5
乳腺外科,DR_BR011,SL_0009,再診,紹介状無し,2026-01,3
乳腺外科,DR_BR011,SL_0459,再診,紹介状無し,2026-01,4
乳腺外科,DR_BR012,SL_0009,再診,紹介状無し,2026-01,7
乳腺外科,DR_BR013,SL_0481,再診,紹介状無し,2026-01,12
乳腺外科,DR_BR013,SL_0481,初診,紹介状あり,2026-01,2
乳腺外科,DR_BR014,SL_0009,再診,紹介状無し,2026-01,28
乳腺外科,DR_BR014,SL_0009,初診,紹介状あり,2026-01,1
乳腺外科,DR_BR014,SL_0702,再診,紹介状無し,2026-01,291
乳腺外科,DR_BR014,SL_0751,初診,紹介状あり,2026-01,2
乳腺外科,DR_BR014,SL_0751,初診,紹介状無し,2026-01,1
乳腺外科,DR_BR014,SL_0777,再診,紹介状無し,2026-01,6
乳腺外科,DR_BR015,SL_0009,再診,紹介状無し,2026-01,2
乳腺外科,DR_BR015,SL_0839,再診,紹介状無し,2026-01,119
乳腺外科,DR_BR015,SL_0839,初診,紹介状あり,2026-01,2
乳腺外科,DR_BR015,SL_0854,初診,紹介状あり,2026-01,2
乳腺外科,DR_BR015,SL_0862,再診,紹介状無し,2026-01,3
健診センター,DR_XX012,SL_0009,再診,紹介状無し,2026-01,2
健診センター,DR_XX012,SL_0217,再診,紹介状無し,2026-01,22
健診センター,DR_XX012,SL_0223,再診,紹介状無し,2026-01,21
健診センター,DR_XX012,SL_0432,再診,紹介状無し,2026-01,10
健診センター,DR_XX012,SL_0621,再診,紹介状無し,2026-01,1
健診センター,DR_XX012,SL_0693,再診,紹介状無し,2026-01,3
健診センター,DR_XX012,SL_0887,再診,紹介状無し,2026-01,1
健診センター,DR_XX012,SL_0892,再診,紹介状無し,2026-01,1
入退院支援センター,DR_AD001,SL_0004,再診,紹介状無し,2026-01,634
入退院支援センター,DR_AD001,SL_0009,再診,紹介状無し,2026-01,65
内科,DR_IM001,SL_0015,再診,紹介状あり,2026-01,9
内科,DR_IM001,SL_0015,再診,紹介状無し,2026-01,131
内科,DR_IM001,SL_0015,初診,紹介状あり,2026-01,26
内科,DR_IM001,SL_0015,初診,紹介状無し,2026-01,201
呼吸器内科,DR_AL001,SL_0009,再診,紹介状無し,2026-01,6
呼吸器内科,DR_AL001,SL_0033,再診,紹介状無し,2026-01,50
呼吸器内科,DR_AL001,SL_0480,初診,紹介状あり,2026-01,4
呼吸器内科,DR_AL001,SL_0518,初診,紹介状あり,2026-01,6
呼吸器内科,DR_AL001,SL_0518,初診,紹介状無し,2026-01,1
呼吸器内科,DR_AL001,SL_0634,再診,紹介状無し,2026-01,7
呼吸器内科,DR_AL002,SL_0009,再診,紹介状無し,2026-01,8
呼吸器内科,DR_AL002,SL_0189,再診,紹介状無し,2026-01,172
呼吸器内科,DR_AL002,SL_0356,再診,紹介状無し,2026-01,7
呼吸器内科,DR_AL002,SL_0403,初診,紹介状あり,2026-01,2
呼吸器内科,DR_AL002,SL_0580,初診,紹介状あり,2026-01,3
呼吸器内科,DR_RS2002,SL_0030,再診,紹介状無し,2026-01,6
呼吸器内科,DR_RS2003,SL_0009,再診,紹介状無し,2026-01,1
呼吸器内科,DR_RS2003,SL_0061,再診,紹介状無し,2026-01,139
呼吸器内科,DR_RS2003,SL_0061,初診,紹介状無し,2026-01,1
呼吸器内科,DR_RS2003,SL_0213,再診,紹介状無し,2026-01,11
呼吸器内科,DR_RS2003,SL_0344,再診,紹介状無し,2026-01,2
呼吸器内科,DR_RS2003,SL_0344,初診,紹介状あり,2026-01,4
呼吸器内科,DR_RS2003,SL_0344,初診,紹介状無し,2026-01,2
呼吸器内科,DR_RS2003,SL_0444,初診,紹介状あり,2026-01,5
呼吸器内科,DR_RS2004,SL_0009,再診,紹介状無し,2026-01,41
呼吸器内科,DR_RS2004,SL_0082,再診,紹介状無し,2026-01,239
呼吸器内科,DR_RS2005,SL_0009,再診,紹介状無し,2026-01,5
呼吸器内科,DR_RS2005,SL_0100,再診,紹介状無し,2026-01,99
呼吸器内科,DR_RS2005,SL_0470,再診,紹介状無し,2026-01,4
呼吸器内科,DR_RS2005,SL_0561,初診,紹介状あり,2026-01,4
呼吸器内科,DR_RS2005,SL_0658,初診,紹介状あり,2026-01,5
呼吸器内科,DR_RS2006,SL_0106,再診,紹介状無し,2026-01,121
呼吸器内科,DR_RS2006,SL_0612,再診,紹介状無し,2026-01,5
呼吸器内科,DR_RS2006,SL_0660,初診,紹介状あり,2026-01,5
呼吸器内科,DR_RS2006,SL_0660,初診,紹介状無し,2026-01,1
呼吸器内科,DR_RS2006,SL_0779,初診,紹介状あり,2026-01,2
呼吸器内科,DR_RS2007,SL_0126,再診,紹介状無し,2026-01,13
呼吸器内科,DR_RS2008,SL_0009,再診,紹介状無し,2026-01,1
呼吸器内科,DR_RS2008,SL_0127,再診,紹介状無し,2026-01,58
呼吸器内科,DR_RS2008,SL_0479,初診,紹介状あり,2026-01,1
呼吸器内科,DR_RS2008,SL_0479,初診,紹介状無し,2026-01,2
呼吸器内科,DR_RS2008,SL_0530,初診,紹介状あり,2026-01,2
呼吸器内科,DR_RS2008,SL_0538,初診,紹介状あり,2026-01,5
呼吸器内科,DR_RS2008,SL_0538,初診,紹介状無し,2026-01,1
呼吸器内科,DR_RS2009,SL_0009,再診,紹介状無し,2026-01,84
呼吸器内科,DR_RS2009,SL_0366,再診,紹介状無し,2026-01,11
呼吸器内科,DR_RS2009,SL_0366,初診,紹介状あり,2026-01,15
呼吸器内科,DR_RS2009,SL_0366,初診,紹介状無し,2026-01,6
呼吸器内科,DR_RS2010,SL_0009,再診,紹介状無し,2026-01,3
呼吸器内科,DR_RS2010,SL_0167,再診,紹介状無し,2026-01,68
呼吸器内科,DR_RS2010,SL_0233,初診,紹介状あり,2026-01,2
呼吸器内科,DR_RS2010,SL_0525,初診,紹介状あり,2026-01,6
呼吸器内科,DR_RS2010,SL_0525,初診,紹介状無し,2026-01,1
呼吸器内科,DR_RS2011,SL_0179,再診,紹介状あり,2026-01,1
呼吸器内科,DR_RS2011,SL_0179,初診,紹介状あり,2026-01,1
呼吸器内科,DR_RS2013,SL_0005,再診,紹介状無し,2026-01,11
呼吸器内科,DR_RS2018,SL_0009,再診,紹介状無し,2026-01,2
呼吸器内科,DR_RS2018,SL_0873,再診,紹介状無し,2026-01,4
呼吸器内科,DR_RS2019,SL_0884,再診,紹介状無し,2026-01,1
呼吸器外科,DR_RS2001,SL_0024,再診,紹介状無し,2026-01,70
呼吸器外科,DR_RS2001,SL_0584,再診,紹介状無し,2026-01,6
呼吸器外科,DR_RS2012,SL_0188,再診,紹介状無し,2026-01,78
呼吸器外科,DR_RS2012,SL_0557,再診,紹介状無し,2026-01,1
呼吸器外科,DR_RS2012,SL_0644,初診,紹介状あり,2026-01,4
呼吸器外科,DR_RS2012,SL_0836,初診,紹介状あり,2026-01,2
呼吸器外科,DR_RS2014,SL_0009,再診,紹介状無し,2026-01,7
呼吸器外科,DR_RS2014,SL_0760,再診,紹介状無し,2026-01,1
呼吸器外科,DR_RS2015,SL_0005,再診,紹介状無し,2026-01,1
呼吸器外科,DR_RS2017,SL_0878,再診,紹介状無し,2026-01,1
呼吸器外科,DR_XX022,SL_0009,再診,紹介状無し,2026-01,1
呼吸器外科,DR_XX022,SL_0486,再診,紹介状無し,2026-01,5
外来手術室,DR_OT001,SL_0009,再診,紹介状無し,2026-01,50
外来手術室,DR_OT001,SL_0025,再診,紹介状無し,2026-01,183
外来手術室,DR_OT002,SL_0009,再診,紹介状無し,2026-01,14
外来手術室,DR_OT002,SL_0159,再診,紹介状無し,2026-01,95
外来手術室,DR_OT003,SL_0009,再診,紹介状無し,2026-01,4
外来手術室,DR_OT003,SL_0248,再診,紹介状無し,2026-01,17
外来手術室,DR_OT003,SL_0456,再診,紹介状無し,2026-01,2
外来手術室,DR_OT004,SL_0324,再診,紹介状無し,2026-01,6
外来手術室,DR_OT005,SL_0332,再診,紹介状無し,2026-01,22
外来手術室,DR_OT006,SL_0376,再診,紹介状無し,2026-01,2
外来手術室,DR_OT007,SL_0396,再診,紹介状無し,2026-01,11
外来手術室,DR_OT008,SL_0397,再診,紹介状無し,2026-01,5
外来手術室,DR_OT009,SL_0009,再診,紹介状無し,2026-01,1
外来手術室,DR_OT009,SL_0484,再診,紹介状無し,2026-01,15
外来手術室,DR_OT010,SL_0506,再診,紹介状無し,2026-01,2
外来手術室,DR_OT011,SL_0553,再診,紹介状無し,2026-01,2
外来手術室,DR_OT012,SL_0559,再診,紹介状無し,2026-01,7
外来手術室,DR_OT013,SL_0597,再診,紹介状無し,2026-01,4
外来手術室,DR_OT014,SL_0605,再診,紹介状無し,2026-01,5
外来手術室,DR_OT015,SL_0699,再診,紹介状無し,2026-01,5
外来手術室,DR_OT016,SL_0733,再診,紹介状無し,2026-01,10
外来手術室,DR_OT017,SL_0758,再診,紹介状無し,2026-01,2
外来手術室,DR_OT018,SL_0817,再診,紹介状無し,2026-01,1
小児科,DR_PD001,SL_0009,再診,紹介状無し,2026-01,1
小児科,DR_PD001,SL_0020,再診,紹介状無し,2026-01,14
小児科,DR_PD001,SL_0020,初診,紹介状あり,2026-01,1
小児科,DR_PD001,SL_0105,初診,紹介状あり,2026-01,4
小児科,DR_PD001,SL_0237,再診,紹介状無し,2026-01,4
小児科,DR_PD001,SL_0313,再診,紹介状無し,2026-01,21
小児科,DR_PD002,SL_0009,再診,紹介状無し,2026-01,3
小児科,DR_PD002,SL_0070,再診,紹介状無し,2026-01,33
小児科,DR_PD002,SL_0070,初診,紹介状あり,2026-01,2
小児科,DR_PD002,SL_0575,再診,紹介状無し,2026-01,1
小児科,DR_PD002,SL_0575,初診,紹介状無し,2026-01,1
小児科,DR_PD002,SL_0695,再診,紹介状無し,2026-01,1
小児科,DR_PD002,SL_0695,初診,紹介状あり,2026-01,2
小児科,DR_PD003,SL_0009,再診,紹介状無し,2026-01,6
小児科,DR_PD003,SL_0098,再診,紹介状無し,2026-01,30
小児科,DR_PD003,SL_0399,再診,紹介状無し,2026-01,16
小児科,DR_PD003,SL_0639,初診,紹介状あり,2026-01,5
小児科,DR_PD003,SL_0671,再診,紹介状無し,2026-01,3
小児科,DR_PD003,SL_0833,初診,紹介状あり,2026-01,1
小児科,DR_PD004,SL_0009,再診,紹介状無し,2026-01,2
小児科,DR_PD004,SL_0177,再診,紹介状無し,2026-01,23
小児科,DR_PD004,SL_0177,初診,紹介状あり,2026-01,1
小児科,DR_PD004,SL_0177,初診,紹介状無し,2026-01,1
小児科,DR_PD004,SL_0270,再診,紹介状無し,2026-01,6
小児科,DR_PD004,SL_0418,初診,紹介状あり,2026-01,2
小児科,DR_PD004,SL_0462,再診,紹介状無し,2026-01,3
小児科,DR_PD005,SL_0009,再診,紹介状無し,2026-01,2
小児科,DR_PD005,SL_0180,初診,紹介状あり,2026-01,1
小児科,DR_PD005,SL_0328,再診,紹介状無し,2026-01,8
小児科,DR_PD006,SL_0009,再診,紹介状無し,2026-01,2
小児科,DR_PD006,SL_0185,再診,紹介状無し,2026-01,2
小児科,DR_PD006,SL_0272,再診,紹介状無し,2026-01,30
小児科,DR_PD006,SL_0272,初診,紹介状無し,2026-01,1
小児科,DR_PD006,SL_0503,再診,紹介状無し,2026-01,19
小児科,DR_PD006,SL_0555,再診,紹介状無し,2026-01,1
小児科,DR_PD006,SL_0555,初診,紹介状あり,2026-01,1
小児科,DR_PD007,SL_0009,再診,紹介状無し,2026-01,6
小児科,DR_PD007,SL_0239,再診,紹介状無し,2026-01,19
小児科,DR_PD007,SL_0351,再診,紹介状無し,2026-01,30
小児科,DR_PD007,SL_0351,初診,紹介状あり,2026-01,1
小児科,DR_PD007,SL_0537,再診,紹介状無し,2026-01,2
小児科,DR_PD007,SL_0747,初診,紹介状あり,2026-01,3
小児科,DR_PD009,SL_0257,再診,紹介状無し,2026-01,16
小児科,DR_PD009,SL_0604,再診,紹介状無し,2026-01,1
小児科,DR_PD009,SL_0604,初診,紹介状あり,2026-01,2
小児科,DR_PD010,SL_0009,再診,紹介状無し,2026-01,1
小児科,DR_PD010,SL_0260,再診,紹介状無し,2026-01,15
小児科,DR_PD010,SL_0260,初診,紹介状あり,2026-01,5
小児科,DR_PD010,SL_0260,初診,紹介状無し,2026-01,58
小児科,DR_PD011,SL_0009,再診,紹介状無し,2026-01,14
小児科,DR_PD011,SL_0375,再診,紹介状あり,2026-01,1
小児科,DR_PD011,SL_0375,再診,紹介状無し,2026-01,4
小児科,DR_PD011,SL_0375,初診,紹介状あり,2026-01,27
小児科,DR_PD011,SL_0375,初診,紹介状無し,2026-01,3
小児科,DR_PD012,SL_0009,再診,紹介状無し,2026-01,3
小児科,DR_PD012,SL_0475,再診,紹介状無し,2026-01,5
小児科,DR_PD013,SL_0009,再診,紹介状無し,2026-01,4
小児科,DR_PD013,SL_0009,初診,紹介状無し,2026-01,1
小児科,DR_PD013,SL_0419,再診,紹介状無し,2026-01,8
小児科,DR_PD013,SL_0419,初診,紹介状無し,2026-01,2
小児科,DR_PD014,SL_0005,再診,紹介状無し,2026-01,8
小児科,DR_PD016,SL_0009,再診,紹介状無し,2026-01,2
小児科,DR_PD016,SL_0744,再診,紹介状無し,2026-01,8
小児科,DR_PD016,SL_0773,再診,紹介状無し,2026-01,1
小児科,DR_PD016,SL_0780,再診,紹介状無し,2026-01,24
小児科,DR_PD018,SL_0009,再診,紹介状無し,2026-01,2
小児科,DR_PD018,SL_0837,再診,紹介状あり,2026-01,1
小児科,DR_PD018,SL_0837,再診,紹介状無し,2026-01,13
小児科,DR_PD018,SL_0837,初診,紹介状無し,2026-01,1
小児科,DR_PD018,SL_0838,再診,紹介状無し,2026-01,10
小児科,DR_PD018,SL_0857,再診,紹介状無し,2026-01,1
小児科,DR_PD020,SL_0856,再診,紹介状無し,2026-01,1
小児科,DR_PD022,SL_0877,再診,紹介状無し,2026-01,3
小児科,DR_PD022,SL_0889,再診,紹介状無し,2026-01,1
小児科,DR_XX020,SL_0452,再診,紹介状無し,2026-01,11
小児科,DR_XX020,SL_0452,初診,紹介状あり,2026-01,1
小児科,DR_XX020,SL_0452,初診,紹介状無し,2026-01,1
小児科,DR_XX020,SL_0667,初診,紹介状あり,2026-01,2
小児科,,SL_0890,再診,紹介状無し,2026-01,1
形成外科,DR_PD012,SL_0475,再診,紹介状無し,2026-01,5
形成外科,DR_PS001,SL_0009,再診,紹介状無し,2026-01,11
形成外科,DR_PS001,SL_0535,初診,紹介状無し,2026-01,1
形成外科,DR_PS005,SL_0009,再診,紹介状無し,2026-01,16
形成外科,DR_PS005,SL_0265,再診,紹介状無し,2026-01,35
形成外科,DR_PS005,SL_0499,初診,紹介状あり,2026-01,5
形成外科,DR_PS005,SL_0684,再診,紹介状無し,2026-01,1
形成外科,DR_PS005,SL_0707,再診,紹介状無し,2026-01,55
形成外科,DR_PS006,SL_0288,再診,紹介状無し,2026-01,24
形成外科,DR_PS007,SL_0005,再診,紹介状無し,2026-01,6
形成外科,DR_PS008,SL_0009,再診,紹介状無し,2026-01,1
形成外科,DR_PS008,SL_0336,再診,紹介状無し,2026-01,8
形成外科,DR_PS009,SL_0009,再診,紹介状無し,2026-01,1
形成外科,DR_PS009,SL_0359,再診,紹介状無し,2026-01,6
形成外科,DR_PS011,SL_0513,再診,紹介状無し,2026-01,6
形成外科,DR_PS012,SL_0009,再診,紹介状無し,2026-01,5
形成外科,DR_PS012,SL_0515,再診,紹介状無し,2026-01,5
形成外科,DR_PS013,SL_0009,再診,紹介状無し,2026-01,17
形成外科,DR_PS013,SL_0701,再診,紹介状無し,2026-01,79
形成外科,DR_PS013,SL_0713,再診,紹介状無し,2026-01,5
形成外科,DR_PS013,SL_0714,初診,紹介状あり,2026-01,8
形成外科,DR_PS013,SL_0799,初診,紹介状あり,2026-01,3
形成外科,DR_PS014,SL_0687,再診,紹介状無し,2026-01,1
形成外科,DR_PS015,SL_0009,再診,紹介状無し,2026-01,25
形成外科,DR_PS015,SL_0709,再診,紹介状無し,2026-01,71
形成外科,DR_PS015,SL_0722,再診,紹介状無し,2026-01,1
形成外科,DR_PS015,SL_0722,初診,紹介状あり,2026-01,7
形成外科,DR_PS015,SL_0816,再診,紹介状無し,2026-01,3
形成外科,DR_PS016,SL_0009,再診,紹介状無し,2026-01,14
形成外科,DR_PS016,SL_0729,再診,紹介状無し,2026-01,41
形成外科,DR_PS016,SL_0729,初診,紹介状あり,2026-01,2
形成外科,DR_PS016,SL_0752,初診,紹介状あり,2026-01,6
形成外科,DR_PS016,SL_0781,再診,紹介状無し,2026-01,1
形成外科,DR_PS018,SL_0009,再診,紹介状無し,2026-01,1
循環器内科,DR_CV001,SL_0009,再診,紹介状無し,2026-01,12
循環器内科,DR_CV001,SL_0010,初診,紹介状あり,2026-01,23
循環器内科,DR_CV001,SL_0044,再診,紹介状あり,2026-01,1
循環器内科,DR_CV001,SL_0044,再診,紹介状無し,2026-01,137
循環器内科,DR_CV001,SL_0044,初診,紹介状あり,2026-01,3
循環器内科,DR_CV001,SL_0228,再診,紹介状無し,2026-01,5
循環器内科,DR_CV002,SL_0009,再診,紹介状無し,2026-01,131
循環器内科,DR_CV002,SL_0118,再診,紹介状あり,2026-01,5
循環器内科,DR_CV002,SL_0118,再診,紹介状無し,2026-01,27
循環器内科,DR_CV002,SL_0118,初診,紹介状あり,2026-01,18
循環器内科,DR_CV002,SL_0118,初診,紹介状無し,2026-01,3
循環器内科,DR_CV003,SL_0009,再診,紹介状無し,2026-01,3
循環器内科,DR_CV003,SL_0031,再診,紹介状無し,2026-01,101
循環器内科,DR_CV004,SL_0009,再診,紹介状無し,2026-01,2
循環器内科,DR_CV004,SL_0034,再診,紹介状無し,2026-01,84
循環器内科,DR_CV004,SL_0450,再診,紹介状無し,2026-01,8
循環器内科,DR_CV004,SL_0492,初診,紹介状あり,2026-01,13
循環器内科,DR_CV005,SL_0009,再診,紹介状無し,2026-01,4
循環器内科,DR_CV005,SL_0058,再診,紹介状あり,2026-01,1
循環器内科,DR_CV005,SL_0058,再診,紹介状無し,2026-01,21
循環器内科,DR_CV005,SL_0058,初診,紹介状あり,2026-01,5
循環器内科,DR_CV005,SL_0058,初診,紹介状無し,2026-01,23
循環器内科,DR_CV006,SL_0009,再診,紹介状無し,2026-01,2
循環器内科,DR_CV006,SL_0067,再診,紹介状無し,2026-01,122
循環器内科,DR_CV006,SL_0401,再診,紹介状無し,2026-01,1
循環器内科,DR_CV006,SL_0401,初診,紹介状あり,2026-01,7
循環器内科,DR_CV006,SL_0600,再診,紹介状無し,2026-01,8
循環器内科,DR_CV007,SL_0078,再診,紹介状無し,2026-01,59
循環器内科,DR_CV007,SL_0524,初診,紹介状あり,2026-01,12
循環器内科,DR_CV007,SL_0574,再診,紹介状無し,2026-01,4
循環器内科,DR_CV008,SL_0116,初診,紹介状あり,2026-01,9
循環器内科,DR_CV008,SL_0150,再診,紹介状無し,2026-01,188
循環器内科,DR_CV008,SL_0150,初診,紹介状あり,2026-01,4
循環器内科,DR_CV008,SL_0539,再診,紹介状無し,2026-01,3
循環器内科,DR_CV009,SL_0009,再診,紹介状無し,2026-01,3
循環器内科,DR_CV009,SL_0153,再診,紹介状無し,2026-01,91
循環器内科,DR_CV009,SL_0153,初診,紹介状無し,2026-01,1
循環器内科,DR_CV009,SL_0183,再診,紹介状無し,2026-01,1
循環器内科,DR_CV009,SL_0183,初診,紹介状あり,2026-01,7
循環器内科,DR_CV009,SL_0277,再診,紹介状無し,2026-01,7
循環器内科,DR_CV010,SL_0009,再診,紹介状無し,2026-01,4
循環器内科,DR_CV010,SL_0193,再診,紹介状無し,2026-01,149
循環器内科,DR_CV010,SL_0381,再診,紹介状無し,2026-01,7
循環器内科,DR_CV010,SL_0485,初診,紹介状あり,2026-01,7
循環器内科,DR_CV011,SL_0196,再診,紹介状無し,2026-01,97
循環器内科,DR_CV011,SL_0622,再診,紹介状無し,2026-01,3
循環器内科,DR_CV011,SL_0626,再診,紹介状無し,2026-01,2
循環器内科,DR_CV012,SL_0325,再診,紹介状無し,2026-01,4
循環器内科,DR_CV013,SL_0458,初診,紹介状あり,2026-01,1
循環器内科,DR_CV014,SL_0005,再診,紹介状無し,2026-01,12
循環器内科,DR_CV016,SL_0009,再診,紹介状無し,2026-01,1
循環器内科,DR_CV016,SL_0616,再診,紹介状無し,2026-01,56
循環器内科,DR_CV017,SL_0688,再診,紹介状無し,2026-01,2
循環器内科,DR_CV018,SL_0009,再診,紹介状無し,2026-01,2
心理検査,DR_XX037,SL_0855,再診,紹介状無し,2026-01,1
心臓血管外科,DR_CS002,SL_0009,再診,紹介状無し,2026-01,3
心臓血管外科,DR_CS002,SL_0168,再診,紹介状無し,2026-01,44
心臓血管外科,DR_CS002,SL_0379,再診,紹介状無し,2026-01,2
心臓血管外科,DR_CS002,SL_0883,初診,紹介状あり,2026-01,1
心臓血管外科,DR_CS003,SL_0009,再診,紹介状無し,2026-01,7
心臓血管外科,DR_CS003,SL_0567,再診,紹介状無し,2026-01,2
心臓血管外科,DR_CS004,SL_0429,再診,紹介状無し,2026-01,9
心臓血管外科,DR_CS005,SL_0581,再診,紹介状無し,2026-01,1
心臓血管外科,DR_CS006,SL_0009,再診,紹介状無し,2026-01,5
心臓血管外科,DR_CS006,SL_0726,再診,紹介状無し,2026-01,122
心臓血管外科,DR_CS006,SL_0726,初診,紹介状無し,2026-01,2
心臓血管外科,DR_CS006,SL_0759,初診,紹介状あり,2026-01,2
心臓血管外科,DR_CS006,SL_0776,再診,紹介状無し,2026-01,2
心臓血管外科,DR_CS007,SL_0005,再診,紹介状無し,2026-01,2
心臓血管外科,DR_CS008,SL_0009,再診,紹介状無し,2026-01,1
心臓血管外科,DR_PD012,SL_0475,再診,紹介状無し,2026-01,1
感染症,DR_XX018,SL_0009,再診,紹介状無し,2026-01,17
感染症,DR_XX018,SL_0350,再診,紹介状無し,2026-01,8
放射線治療科,DR_RT001,SL_0009,再診,紹介状無し,2026-01,4
放射線治療科,DR_RT001,SL_0023,再診,紹介状無し,2026-01,16
放射線治療科,DR_RT002,SL_0009,再診,紹介状無し,2026-01,50
放射線治療科,DR_RT002,SL_0134,再診,紹介状無し,2026-01,403
放射線治療科,DR_RT002,SL_0134,初診,紹介状あり,2026-01,1
放射線治療科,DR_RT002,SL_0318,初診,紹介状あり,2026-01,6
放射線治療科,DR_RT003,SL_0009,再診,紹介状無し,2026-01,5
放射線治療科,DR_RT003,SL_0050,再診,紹介状無し,2026-01,28
放射線治療科,DR_RT004,SL_0009,再診,紹介状無し,2026-01,74
放射線治療科,DR_RT004,SL_0108,再診,紹介状無し,2026-01,109
放射線治療科,DR_RT005,SL_0009,再診,紹介状無し,2026-01,2
放射線治療科,DR_RT005,SL_0209,再診,紹介状無し,2026-01,53
放射線治療科,DR_RT006,SL_0009,再診,紹介状無し,2026-01,6
放射線治療科,DR_RT006,SL_0251,再診,紹介状無し,2026-01,30
放射線治療科,DR_RT007,SL_0393,初診,紹介状あり,2026-01,1
放射線治療科,DR_RT008,SL_0005,再診,紹介状無し,2026-01,9
放射線治療科,DR_RT009,SL_0009,再診,紹介状無し,2026-01,7
放射線治療科,DR_RT009,SL_0824,再診,紹介状無し,2026-01,7
放射線治療科,DR_RT010,SL_0009,再診,紹介状無し,2026-01,1
放射線治療科,DR_RT010,SL_0560,再診,紹介状無し,2026-01,19
放射線治療科,DR_U002,SL_0009,再診,紹介状無し,2026-01,16
放射線診断科,DR_XX028,SL_0859,再診,紹介状無し,2026-01,1
救急科,DR_ER001,SL_0009,再診,紹介状無し,2026-01,8
救急科,DR_ER001,SL_0072,再診,紹介状あり,2026-01,6
救急科,DR_ER001,SL_0072,再診,紹介状無し,2026-01,125
救急科,DR_ER001,SL_0072,初診,紹介状あり,2026-01,10
救急科,DR_ER001,SL_0072,初診,紹介状無し,2026-01,280
救急科,DR_ER002,SL_0009,再診,紹介状無し,2026-01,3
救急科,DR_ER002,SL_0395,再診,紹介状無し,2026-01,14
整形外科,DR_OR001,SL_0001,再診,紹介状無し,2026-01,44
整形外科,DR_OR001,SL_0009,再診,紹介状無し,2026-01,4
整形外科,DR_OR001,SL_0349,再診,紹介状無し,2026-01,12
整形外科,DR_OR001,SL_0349,初診,紹介状あり,2026-01,8
整形外科,DR_OR002,SL_0005,再診,紹介状無し,2026-01,4
整形外科,DR_OR003,SL_0009,再診,紹介状無し,2026-01,1
整形外科,DR_OR003,SL_0038,再診,紹介状あり,2026-01,1
整形外科,DR_OR003,SL_0038,再診,紹介状無し,2026-01,194
整形外科,DR_OR003,SL_0038,初診,紹介状あり,2026-01,1
整形外科,DR_OR003,SL_0038,初診,紹介状無し,2026-01,1
整形外科,DR_OR003,SL_0053,再診,紹介状無し,2026-01,7
整形外科,DR_OR003,SL_0053,初診,紹介状あり,2026-01,36
整形外科,DR_OR003,SL_0053,初診,紹介状無し,2026-01,1
整形外科,DR_OR003,SL_0440,再診,紹介状無し,2026-01,22
整形外科,DR_OR003,SL_0533,再診,紹介状無し,2026-01,2
整形外科,DR_OR003,SL_0579,再診,紹介状無し,2026-01,3
整形外科,DR_OR004,SL_0009,再診,紹介状無し,2026-01,1
整形外科,DR_OR004,SL_0069,再診,紹介状無し,2026-01,63
整形外科,DR_OR004,SL_0110,再診,紹介状無し,2026-01,3
整形外科,DR_OR004,SL_0110,初診,紹介状あり,2026-01,4
整形外科,DR_OR004,SL_0304,再診,紹介状無し,2026-01,1
整形外科,DR_OR004,SL_0431,初診,紹介状あり,2026-01,2
整形外科,DR_OR005,SL_0009,再診,紹介状無し,2026-01,70
整形外科,DR_OR005,SL_0334,再診,紹介状無し,2026-01,13
整形外科,DR_OR005,SL_0334,初診,紹介状あり,2026-01,17
整形外科,DR_OR005,SL_0334,初診,紹介状無し,2026-01,4
整形外科,DR_OR006,SL_0009,再診,紹介状無し,2026-01,6
整形外科,DR_OR006,SL_0081,再診,紹介状無し,2026-01,59
整形外科,DR_OR006,SL_0243,再診,紹介状無し,2026-01,2
整形外科,DR_OR006,SL_0243,初診,紹介状あり,2026-01,8
整形外科,DR_OR006,SL_0435,再診,紹介状無し,2026-01,5
整形外科,DR_OR007,SL_0009,再診,紹介状無し,2026-01,2
整形外科,DR_OR007,SL_0129,再診,紹介状無し,2026-01,6
整形外科,DR_OR007,SL_0129,初診,紹介状あり,2026-01,12
整形外科,DR_OR007,SL_0261,再診,紹介状無し,2026-01,74
整形外科,DR_OR007,SL_0473,再診,紹介状無し,2026-01,5
整形外科,DR_OR008,SL_0009,再診,紹介状無し,2026-01,3
整形外科,DR_OR008,SL_0147,再診,紹介状無し,2026-01,32
整形外科,DR_OR008,SL_0147,初診,紹介状無し,2026-01,1
整形外科,DR_OR008,SL_0408,再診,紹介状無し,2026-01,3
整形外科,DR_OR008,SL_0589,再診,紹介状無し,2026-01,2
整形外科,DR_OR008,SL_0589,初診,紹介状あり,2026-01,4
整形外科,DR_OR009,SL_0009,再診,紹介状無し,2026-01,26
整形外科,DR_OR009,SL_0165,再診,紹介状無し,2026-01,45
整形外科,DR_OR010,SL_0198,再診,紹介状無し,2026-01,16
整形外科,DR_OR010,SL_0283,初診,紹介状あり,2026-01,2
整形外科,DR_OR010,SL_0390,再診,紹介状無し,2026-01,1
整形外科,DR_OR011,SL_0206,再診,紹介状無し,2026-01,18
整形外科,DR_OR012,SL_0009,再診,紹介状無し,2026-01,13
整形外科,DR_OR012,SL_0227,再診,紹介状無し,2026-01,191
整形外科,DR_OR014,SL_0009,再診,紹介状無し,2026-01,7
整形外科,DR_OR014,SL_0240,再診,紹介状無し,2026-01,31
整形外科,DR_OR014,SL_0240,初診,紹介状あり,2026-01,10
整形外科,DR_OR014,SL_0608,再診,紹介状無し,2026-01,22
整形外科,DR_OR014,SL_0630,再診,紹介状無し,2026-01,8
整形外科,DR_OR014,SL_0665,再診,紹介状無し,2026-01,2
整形外科,DR_OR015,SL_0246,再診,紹介状無し,2026-01,40
整形外科,DR_OR015,SL_0256,再診,紹介状無し,2026-01,5
整形外科,DR_OR015,SL_0256,初診,紹介状あり,2026-01,11
整形外科,DR_OR015,SL_0587,再診,紹介状無し,2026-01,2
整形外科,DR_OR017,SL_0253,再診,紹介状無し,2026-01,1
整形外科,DR_OR020,SL_0278,再診,紹介状無し,2026-01,4
整形外科,DR_OR020,SL_0278,初診,紹介状あり,2026-01,11
整形外科,DR_OR020,SL_0278,初診,紹介状無し,2026-01,1
整形外科,DR_OR020,SL_0279,再診,紹介状無し,2026-01,73
整形外科,DR_OR020,SL_0576,再診,紹介状無し,2026-01,3
整形外科,DR_OR021,SL_0281,再診,紹介状無し,2026-01,7
整形外科,DR_OR022,SL_0421,再診,紹介状無し,2026-01,64
整形外科,DR_OR022,SL_0421,初診,紹介状あり,2026-01,17
整形外科,DR_OR022,SL_0522,再診,紹介状無し,2026-01,2
整形外科,DR_OR024,SL_0009,再診,紹介状無し,2026-01,1
整形外科,DR_OR024,SL_0306,再診,紹介状あり,2026-01,1
整形外科,DR_OR024,SL_0306,再診,紹介状無し,2026-01,13
整形外科,DR_OR024,SL_0306,初診,紹介状あり,2026-01,3
整形外科,DR_OR024,SL_0306,初診,紹介状無し,2026-01,6
整形外科,DR_OR025,SL_0386,再診,紹介状無し,2026-01,23
整形外科,DR_OR025,SL_0807,再診,紹介状無し,2026-01,2
整形外科,DR_OR026,SL_0483,再診,紹介状無し,2026-01,9
整形外科,DR_OR028,SL_0009,再診,紹介状無し,2026-01,3
整形外科,DR_OR028,SL_0565,再診,紹介状無し,2026-01,10
整形外科,DR_OR028,SL_0565,初診,紹介状あり,2026-01,6
整形外科,DR_OR029,SL_0009,再診,紹介状無し,2026-01,1
整形外科,DR_OR029,SL_0635,再診,紹介状無し,2026-01,64
整形外科,DR_OR029,SL_0635,初診,紹介状無し,2026-01,2
整形外科,DR_OR029,SL_0708,初診,紹介状あり,2026-01,2
整形外科,DR_OR029,SL_0772,再診,紹介状無し,2026-01,3
整形外科,DR_OR031,SL_0009,再診,紹介状無し,2026-01,1
整形外科,DR_OR031,SL_0711,再診,紹介状無し,2026-01,6
整形外科,DR_OR031,SL_0711,初診,紹介状あり,2026-01,7
整形外科,DR_OR031,SL_0731,再診,紹介状無し,2026-01,31
整形外科,DR_OR031,SL_0731,初診,紹介状あり,2026-01,1
整形外科,DR_OR031,SL_0787,再診,紹介状無し,2026-01,2
整形外科,DR_OR032,SL_0009,再診,紹介状無し,2026-01,13
整形外科,DR_OR032,SL_0723,再診,紹介状無し,2026-01,67
整形外科,DR_OR032,SL_0737,再診,紹介状無し,2026-01,1
整形外科,DR_OR032,SL_0737,初診,紹介状あり,2026-01,10
整形外科,DR_OR032,SL_0738,再診,紹介状無し,2026-01,3
整形外科,DR_OR032,SL_0738,初診,紹介状あり,2026-01,8
整形外科,DR_OR032,SL_0818,再診,紹介状無し,2026-01,5
整形外科,DR_OR033,SL_0009,再診,紹介状無し,2026-01,4
整形外科,DR_OR033,SL_0725,再診,紹介状無し,2026-01,51
整形外科,DR_OR033,SL_0725,初診,紹介状あり,2026-01,1
整形外科,DR_OR033,SL_0782,再診,紹介状無し,2026-01,4
整形外科,DR_OR033,SL_0793,再診,紹介状無し,2026-01,5
整形外科,DR_OR033,SL_0793,初診,紹介状あり,2026-01,15
整形外科,DR_OR034,SL_0728,再診,紹介状無し,2026-01,3
整形外科,DR_OR034,SL_0735,再診,紹介状無し,2026-01,42
整形外科,DR_OR034,SL_0806,再診,紹介状無し,2026-01,1
整形外科,DR_OR034,SL_0806,初診,紹介状あり,2026-01,11
整形外科,,SL_0544,再診,紹介状あり,2026-01,1
整形外科,,SL_0544,再診,紹介状無し,2026-01,4
整形外科,,SL_0544,初診,紹介状あり,2026-01,1
歯科口腔外科,DR_OS001,SL_0009,再診,紹介状無し,2026-01,2
歯科口腔外科,DR_OS001,SL_0057,再診,紹介状無し,2026-01,13
歯科口腔外科,DR_OS001,SL_0301,初診,紹介状あり,2026-01,6
歯科口腔外科,DR_OS001,SL_0398,初診,紹介状あり,2026-01,3
歯科口腔外科,DR_OS002,SL_0009,再診,紹介状無し,2026-01,29
歯科口腔外科,DR_OS002,SL_0009,初診,紹介状あり,2026-01,2
歯科口腔外科,DR_OS002,SL_0009,初診,紹介状無し,2026-01,3
歯科口腔外科,DR_OS002,SL_0060,再診,紹介状無し,2026-01,117
歯科口腔外科,DR_OS002,SL_0309,初診,紹介状あり,2026-01,14
歯科口腔外科,DR_OS002,SL_0310,初診,紹介状あり,2026-01,6
歯科口腔外科,DR_OS003,SL_0009,再診,紹介状無し,2026-01,13
歯科口腔外科,DR_OS003,SL_0079,再診,紹介状無し,2026-01,5
歯科口腔外科,DR_OS003,SL_0080,再診,紹介状無し,2026-01,64
歯科口腔外科,DR_OS003,SL_0191,初診,紹介状あり,2026-01,10
歯科口腔外科,DR_OS003,SL_0546,再診,紹介状無し,2026-01,3
歯科口腔外科,DR_OS003,SL_0546,初診,紹介状あり,2026-01,7
歯科口腔外科,DR_OS004,SL_0009,再診,紹介状あり,2026-01,1
歯科口腔外科,DR_OS004,SL_0009,再診,紹介状無し,2026-01,26
歯科口腔外科,DR_OS004,SL_0009,初診,紹介状あり,2026-01,1
歯科口腔外科,DR_OS004,SL_0009,初診,紹介状無し,2026-01,7
歯科口腔外科,DR_OS004,SL_0123,再診,紹介状無し,2026-01,123
歯科口腔外科,DR_OS004,SL_0427,初診,紹介状あり,2026-01,17
歯科口腔外科,DR_OS004,SL_0427,初診,紹介状無し,2026-01,1
歯科口腔外科,DR_OS004,SL_0592,初診,紹介状あり,2026-01,8
歯科口腔外科,DR_OS005,SL_0009,再診,紹介状無し,2026-01,20
歯科口腔外科,DR_OS005,SL_0009,初診,紹介状無し,2026-01,1
歯科口腔外科,DR_OS005,SL_0133,再診,紹介状無し,2026-01,25
歯科口腔外科,DR_OS005,SL_0133,初診,紹介状無し,2026-01,9
歯科口腔外科,DR_OS007,SL_0009,再診,紹介状無し,2026-01,9
歯科口腔外科,DR_OS007,SL_0141,再診,紹介状無し,2026-01,36
歯科口腔外科,DR_OS009,SL_0009,再診,紹介状無し,2026-01,5
歯科口腔外科,DR_OS009,SL_0269,初診,紹介状あり,2026-01,20
歯科口腔外科,DR_OS009,SL_0478,再診,紹介状無し,2026-01,36
歯科口腔外科,DR_OS009,SL_0531,初診,紹介状あり,2026-01,6
歯科口腔外科,DR_OS010,SL_0009,再診,紹介状無し,2026-01,10
歯科口腔外科,DR_OS010,SL_0413,初診,紹介状あり,2026-01,1
歯科口腔外科,DR_OS011,SL_0009,再診,紹介状無し,2026-01,3
歯科口腔外科,DR_OS011,SL_0322,再診,紹介状無し,2026-01,18
歯科口腔外科,DR_OS011,SL_0322,初診,紹介状無し,2026-01,36
歯科口腔外科,DR_OS012,SL_0005,再診,紹介状無し,2026-01,9
歯科口腔外科,DR_OS014,SL_0009,再診,紹介状無し,2026-01,1
歯科口腔外科,DR_OS014,SL_0372,再診,紹介状無し,2026-01,13
歯科口腔外科,DR_OS015,SL_0009,再診,紹介状無し,2026-01,11
歯科口腔外科,DR_OS016,SL_0009,再診,紹介状無し,2026-01,1
歯科口腔外科,DR_OS016,SL_0417,再診,紹介状無し,2026-01,9
歯科口腔外科,DR_OS016,SL_0417,初診,紹介状無し,2026-01,5
歯科口腔外科,DR_OS017,SL_0009,再診,紹介状無し,2026-01,1
歯科口腔外科,DR_OS017,SL_0505,再診,紹介状無し,2026-01,7
歯科口腔外科,DR_OS018,SL_0009,再診,紹介状無し,2026-01,2
歯科口腔外科,DR_OS018,SL_0802,再診,紹介状無し,2026-01,1
歯科口腔外科,DR_OS019,SL_0643,再診,紹介状無し,2026-01,1
歯科口腔外科,DR_OS019,SL_0643,初診,紹介状あり,2026-01,1
歯科口腔外科,DR_OS019,SL_0643,初診,紹介状無し,2026-01,1
歯科口腔外科,DR_OS020,SL_0009,再診,紹介状無し,2026-01,9
歯科口腔外科,DR_OS020,SL_0009,初診,紹介状あり,2026-01,2
歯科口腔外科,DR_OS020,SL_0703,再診,紹介状無し,2026-01,118
歯科口腔外科,DR_OS020,SL_0774,初診,紹介状あり,2026-01,11
歯科口腔外科,DR_OS020,SL_0801,初診,紹介状あり,2026-01,6
歯科口腔外科,DR_OS020,SL_0814,再診,紹介状無し,2026-01,3
歯科口腔外科,DR_OS021,SL_0009,再診,紹介状無し,2026-01,6
歯科口腔外科,DR_OS021,SL_0009,初診,紹介状無し,2026-01,7
歯科口腔外科,DR_OS021,SL_0732,再診,紹介状無し,2026-01,63
歯科口腔外科,DR_OS021,SL_0745,初診,紹介状あり,2026-01,15
歯科口腔外科,DR_OS021,SL_0746,初診,紹介状あり,2026-01,8
泌尿器科,DR_U001,SL_0006,再診,紹介状無し,2026-01,421
泌尿器科,DR_U001,SL_0006,初診,紹介状あり,2026-01,1
泌尿器科,DR_U001,SL_0006,初診,紹介状無し,2026-01,2
泌尿器科,DR_U001,SL_0009,再診,紹介状無し,2026-01,25
泌尿器科,DR_U001,SL_0051,再診,紹介状無し,2026-01,7
泌尿器科,DR_U001,SL_0052,初診,紹介状あり,2026-01,17
泌尿器科,DR_U001,SL_0585,初診,紹介状あり,2026-01,3
泌尿器科,DR_U002,SL_0009,再診,紹介状無し,2026-01,276
泌尿器科,DR_U003,SL_0009,再診,紹介状無し,2026-01,26
泌尿器科,DR_U003,SL_0019,再診,紹介状無し,2026-01,394
泌尿器科,DR_U003,SL_0274,初診,紹介状あり,2026-01,12
泌尿器科,DR_U003,SL_0661,初診,紹介状あり,2026-01,3
泌尿器科,DR_U003,SL_0661,初診,紹介状無し,2026-01,1
泌尿器科,DR_U004,SL_0005,再診,紹介状無し,2026-01,63
泌尿器科,DR_U005,SL_0009,再診,紹介状無し,2026-01,247
泌尿器科,DR_U006,SL_0009,再診,紹介状無し,2026-01,4
泌尿器科,DR_U006,SL_0037,再診,紹介状無し,2026-01,226
泌尿器科,DR_U006,SL_0493,再診,紹介状無し,2026-01,6
泌尿器科,DR_U006,SL_0632,初診,紹介状あり,2026-01,5
泌尿器科,DR_U006,SL_0769,初診,紹介状あり,2026-01,2
泌尿器科,DR_U008,SL_0009,再診,紹介状無し,2026-01,46
泌尿器科,DR_U008,SL_0112,再診,紹介状無し,2026-01,351
泌尿器科,DR_U008,SL_0112,初診,紹介状あり,2026-01,1
泌尿器科,DR_U008,SL_0112,初診,紹介状無し,2026-01,2
泌尿器科,DR_U008,SL_0130,再診,紹介状無し,2026-01,7
泌尿器科,DR_U008,SL_0130,初診,紹介状あり,2026-01,1
泌尿器科,DR_U008,SL_0244,再診,紹介状無し,2026-01,25
泌尿器科,DR_U008,SL_0308,再診,紹介状無し,2026-01,2
泌尿器科,DR_U008,SL_0569,初診,紹介状あり,2026-01,3
泌尿器科,DR_U009,SL_0121,再診,紹介状無し,2026-01,14
泌尿器科,DR_U010,SL_0009,再診,紹介状無し,2026-01,5
泌尿器科,DR_U010,SL_0128,再診,紹介状あり,2026-01,1
泌尿器科,DR_U010,SL_0128,再診,紹介状無し,2026-01,382
泌尿器科,DR_U010,SL_0128,初診,紹介状あり,2026-01,1
泌尿器科,DR_U010,SL_0436,初診,紹介状あり,2026-01,4
泌尿器科,DR_U010,SL_0438,初診,紹介状あり,2026-01,12
泌尿器科,DR_U010,SL_0645,再診,紹介状無し,2026-01,3
泌尿器科,DR_U011,SL_0009,再診,紹介状無し,2026-01,60
泌尿器科,DR_U012,SL_0009,再診,紹介状無し,2026-01,8
泌尿器科,DR_U012,SL_0132,再診,紹介状無し,2026-01,181
泌尿器科,DR_U012,SL_0132,初診,紹介状あり,2026-01,3
泌尿器科,DR_U012,SL_0132,初診,紹介状無し,2026-01,1
泌尿器科,DR_U012,SL_0273,再診,紹介状無し,2026-01,2
泌尿器科,DR_U012,SL_0474,再診,紹介状無し,2026-01,4
泌尿器科,DR_U012,SL_0474,初診,紹介状あり,2026-01,1
泌尿器科,DR_U013,SL_0009,再診,紹介状無し,2026-01,2
泌尿器科,DR_U013,SL_0137,再診,紹介状無し,2026-01,63
泌尿器科,DR_U014,SL_0186,再診,紹介状無し,2026-01,26
泌尿器科,DR_U015,SL_0009,再診,紹介状無し,2026-01,9
泌尿器科,DR_U015,SL_0190,再診,紹介状あり,2026-01,1
泌尿器科,DR_U015,SL_0190,再診,紹介状無し,2026-01,43
泌尿器科,DR_U015,SL_0190,初診,紹介状あり,2026-01,5
泌尿器科,DR_U016,SL_0195,再診,紹介状無し,2026-01,13
泌尿器科,DR_U016,SL_0195,初診,紹介状あり,2026-01,1
泌尿器科,DR_U017,SL_0220,再診,紹介状無し,2026-01,20
泌尿器科,DR_U018,SL_0009,再診,紹介状無し,2026-01,112
泌尿器科,DR_U018,SL_0377,再診,紹介状無し,2026-01,5
泌尿器科,DR_U018,SL_0377,初診,紹介状あり,2026-01,1
泌尿器科,DR_U018,SL_0377,初診,紹介状無し,2026-01,2
泌尿器科,DR_U020,SL_0009,再診,紹介状無し,2026-01,2
泌尿器科,DR_U021,SL_0009,再診,紹介状無し,2026-01,1
泌尿器科,DR_U021,SL_0284,再診,紹介状あり,2026-01,1
泌尿器科,DR_U021,SL_0284,再診,紹介状無し,2026-01,6
泌尿器科,DR_U021,SL_0284,初診,紹介状無し,2026-01,3
泌尿器科,DR_U022,SL_0009,再診,紹介状無し,2026-01,13
泌尿器科,DR_U023,SL_0415,再診,紹介状無し,2026-01,9
泌尿器科,DR_U024,SL_0009,再診,紹介状無し,2026-01,1
泌尿器科,DR_U024,SL_0420,再診,紹介状無し,2026-01,23
泌尿器科,DR_U024,SL_0420,初診,紹介状あり,2026-01,1
泌尿器科,DR_U024,SL_0420,初診,紹介状無し,2026-01,2
泌尿器科,DR_U026,SL_0558,初診,紹介状あり,2026-01,4
泌尿器科,DR_U027,SL_0704,再診,紹介状無し,2026-01,64
泌尿器科,DR_U027,SL_0704,初診,紹介状あり,2026-01,1
泌尿器科,DR_U027,SL_0704,初診,紹介状無し,2026-01,2
泌尿器科,DR_U028,SL_0009,再診,紹介状無し,2026-01,2
泌尿器科,DR_U028,SL_0719,再診,紹介状無し,2026-01,97
泌尿器科,DR_U028,SL_0719,初診,紹介状あり,2026-01,3
泌尿器科,DR_U028,SL_0719,初診,紹介状無し,2026-01,3
泌尿器科,DR_U029,SL_0009,再診,紹介状無し,2026-01,1
泌尿器科,DR_U029,SL_0720,再診,紹介状あり,2026-01,1
泌尿器科,DR_U029,SL_0720,再診,紹介状無し,2026-01,44
泌尿器科,DR_U029,SL_0720,初診,紹介状あり,2026-01,5
消化器内科,DR_GI001,SL_0009,再診,紹介状無し,2026-01,150
消化器内科,DR_GI001,SL_0365,再診,紹介状あり,2026-01,1
消化器内科,DR_GI001,SL_0365,再診,紹介状無し,2026-01,5
消化器内科,DR_GI001,SL_0365,初診,紹介状あり,2026-01,9
消化器内科,DR_GI002,SL_0009,再診,紹介状無し,2026-01,1
消化器内科,DR_GI002,SL_0046,再診,紹介状無し,2026-01,215
消化器内科,DR_GI002,SL_0333,再診,紹介状無し,2026-01,6
消化器内科,DR_GI002,SL_0333,初診,紹介状あり,2026-01,22
消化器内科,DR_GI002,SL_0333,初診,紹介状無し,2026-01,2
消化器内科,DR_GI002,SL_0423,再診,紹介状無し,2026-01,12
消化器内科,DR_GI002,SL_0627,初診,紹介状あり,2026-01,3
消化器内科,DR_GI002,SL_0676,再診,紹介状あり,2026-01,1
消化器内科,DR_GI002,SL_0676,再診,紹介状無し,2026-01,1
消化器内科,DR_GI002,SL_0676,初診,紹介状あり,2026-01,1
消化器内科,DR_GI002,SL_0730,再診,紹介状無し,2026-01,5
消化器内科,DR_GI003,SL_0083,再診,紹介状無し,2026-01,149
消化器内科,DR_GI003,SL_0083,初診,紹介状無し,2026-01,1
消化器内科,DR_GI003,SL_0230,再診,紹介状無し,2026-01,1
消化器内科,DR_GI003,SL_0230,初診,紹介状あり,2026-01,19
消化器内科,DR_GI003,SL_0451,再診,紹介状無し,2026-01,8
消化器内科,DR_GI003,SL_0451,初診,紹介状あり,2026-01,1
消化器内科,DR_GI003,SL_0502,再診,紹介状無し,2026-01,9
消化器内科,DR_GI003,SL_0657,初診,紹介状無し,2026-01,1
消化器内科,DR_GI003,SL_0861,再診,紹介状無し,2026-01,2
消化器内科,DR_GI004,SL_0009,再診,紹介状無し,2026-01,8
消化器内科,DR_GI004,SL_0086,再診,紹介状無し,2026-01,41
消化器内科,DR_GI004,SL_0303,再診,紹介状無し,2026-01,1
消化器内科,DR_GI004,SL_0303,初診,紹介状あり,2026-01,15
消化器内科,DR_GI004,SL_0303,初診,紹介状無し,2026-01,1
消化器内科,DR_GI005,SL_0009,再診,紹介状無し,2026-01,6
消化器内科,DR_GI005,SL_0090,再診,紹介状無し,2026-01,1
消化器内科,DR_GI005,SL_0090,初診,紹介状あり,2026-01,30
消化器内科,DR_GI005,SL_0090,初診,紹介状無し,2026-01,1
消化器内科,DR_GI005,SL_0152,再診,紹介状無し,2026-01,239
消化器内科,DR_GI005,SL_0362,再診,紹介状無し,2026-01,11
消化器内科,DR_GI005,SL_0554,再診,紹介状無し,2026-01,6
消化器内科,DR_GI005,SL_0805,初診,紹介状あり,2026-01,3
消化器内科,DR_GI005,SL_0847,再診,紹介状無し,2026-01,4
消化器内科,DR_GI006,SL_0009,再診,紹介状無し,2026-01,2
消化器内科,DR_GI006,SL_0120,再診,紹介状無し,2026-01,222
消化器内科,DR_GI006,SL_0120,初診,紹介状無し,2026-01,2
消化器内科,DR_GI006,SL_0258,再診,紹介状無し,2026-01,12
消化器内科,DR_GI006,SL_0259,初診,紹介状あり,2026-01,32
消化器内科,DR_GI006,SL_0320,再診,紹介状無し,2026-01,34
消化器内科,DR_GI006,SL_0320,初診,紹介状あり,2026-01,1
消化器内科,DR_GI006,SL_0556,初診,紹介状あり,2026-01,3
消化器内科,DR_GI006,SL_0826,再診,紹介状無し,2026-01,3
消化器内科,DR_GI007,SL_0192,再診,紹介状無し,2026-01,3
消化器内科,DR_GI008,SL_0009,再診,紹介状無し,2026-01,1
消化器内科,DR_GI008,SL_0214,再診,紹介状無し,2026-01,179
消化器内科,DR_GI008,SL_0314,初診,紹介状あり,2026-01,10
消化器内科,DR_GI008,SL_0315,再診,紹介状無し,2026-01,10
消化器内科,DR_GI008,SL_0315,初診,紹介状あり,2026-01,3
消化器内科,DR_GI008,SL_0409,再診,紹介状無し,2026-01,5
消化器内科,DR_GI008,SL_0734,初診,紹介状あり,2026-01,2
消化器内科,DR_GI009,SL_0009,再診,紹介状無し,2026-01,2
消化器内科,DR_GI009,SL_0370,再診,紹介状無し,2026-01,10
消化器内科,DR_GI009,SL_0778,初診,紹介状あり,2026-01,4
消化器内科,DR_GI010,SL_0005,再診,紹介状無し,2026-01,15
消化器内科,DR_GI011,SL_0385,再診,紹介状無し,2026-01,5
消化器内科,DR_GI011,SL_0868,再診,紹介状無し,2026-01,2
消化器内科,DR_GI012,SL_0009,再診,紹介状無し,2026-01,2
消化器内科,DR_GI012,SL_0457,再診,紹介状あり,2026-01,1
消化器内科,DR_GI012,SL_0457,再診,紹介状無し,2026-01,3
消化器内科,DR_GI012,SL_0457,初診,紹介状あり,2026-01,3
消化器内科,DR_GI013,SL_0009,再診,紹介状無し,2026-01,3
消化器内科,DR_GI013,SL_0873,再診,紹介状無し,2026-01,9
消化器内科,DR_PD012,SL_0009,再診,紹介状無し,2026-01,1
消化器内科,DR_PD012,SL_0475,再診,紹介状無し,2026-01,19
産婦人科,DR_G001,SL_0003,再診,紹介状あり,2026-01,2
産婦人科,DR_G001,SL_0003,再診,紹介状無し,2026-01,170
産婦人科,DR_G001,SL_0003,初診,紹介状あり,2026-01,2
産婦人科,DR_G001,SL_0009,再診,紹介状無し,2026-01,13
産婦人科,DR_G002,SL_0005,再診,紹介状無し,2026-01,32
産婦人科,DR_G003,SL_0009,再診,紹介状無し,2026-01,19
産婦人科,DR_G003,SL_0028,再診,紹介状無し,2026-01,176
産婦人科,DR_G003,SL_0287,再診,紹介状無し,2026-01,24
産婦人科,DR_G003,SL_0287,初診,紹介状あり,2026-01,15
産婦人科,DR_G003,SL_0765,再診,紹介状無し,2026-01,4
産婦人科,DR_G004,SL_0009,再診,紹介状無し,2026-01,12
産婦人科,DR_G004,SL_0029,再診,紹介状あり,2026-01,2
産婦人科,DR_G004,SL_0029,再診,紹介状無し,2026-01,81
産婦人科,DR_G004,SL_0029,初診,紹介状あり,2026-01,16
産婦人科,DR_G004,SL_0124,再診,紹介状あり,2026-01,1
産婦人科,DR_G004,SL_0124,再診,紹介状無し,2026-01,167
産婦人科,DR_G004,SL_0347,再診,紹介状無し,2026-01,9
産婦人科,DR_G005,SL_0009,再診,紹介状無し,2026-01,45
産婦人科,DR_G005,SL_0049,再診,紹介状無し,2026-01,162
産婦人科,DR_G005,SL_0371,再診,紹介状無し,2026-01,51
産婦人科,DR_G005,SL_0371,初診,紹介状あり,2026-01,20
産婦人科,DR_G005,SL_0371,初診,紹介状無し,2026-01,1
産婦人科,DR_G005,SL_0588,再診,紹介状無し,2026-01,10
産婦人科,DR_G005,SL_0663,再診,紹介状無し,2026-01,2
産婦人科,DR_G006,SL_0009,再診,紹介状無し,2026-01,11
産婦人科,DR_G006,SL_0068,再診,紹介状無し,2026-01,50
産婦人科,DR_G006,SL_0068,初診,紹介状あり,2026-01,26
産婦人科,DR_G006,SL_0068,初診,紹介状無し,2026-01,2
産婦人科,DR_G006,SL_0208,再診,紹介状無し,2026-01,86
産婦人科,DR_G006,SL_0517,再診,紹介状無し,2026-01,7
産婦人科,DR_G007,SL_0009,再診,紹介状無し,2026-01,2
産婦人科,DR_G007,SL_0097,再診,紹介状無し,2026-01,45
産婦人科,DR_G007,SL_0294,再診,紹介状無し,2026-01,42
産婦人科,DR_G007,SL_0448,再診,紹介状無し,2026-01,8
産婦人科,DR_G007,SL_0448,初診,紹介状あり,2026-01,12
産婦人科,DR_G007,SL_0448,初診,紹介状無し,2026-01,1
産婦人科,DR_G007,SL_0653,再診,紹介状無し,2026-01,5
産婦人科,DR_G008,SL_0009,再診,紹介状無し,2026-01,12
産婦人科,DR_G008,SL_0125,再診,紹介状無し,2026-01,12
産婦人科,DR_G008,SL_0125,初診,紹介状あり,2026-01,10
産婦人科,DR_G008,SL_0125,初診,紹介状無し,2026-01,1
産婦人科,DR_G008,SL_0207,再診,紹介状無し,2026-01,116
産婦人科,DR_G008,SL_0316,再診,紹介状無し,2026-01,21
産婦人科,DR_G008,SL_0317,再診,紹介状無し,2026-01,2
産婦人科,DR_G009,SL_0166,再診,紹介状無し,2026-01,15
産婦人科,DR_G010,SL_0331,再診,紹介状無し,2026-01,33
産婦人科,DR_G011,SL_0009,再診,紹介状無し,2026-01,88
産婦人科,DR_G011,SL_0489,再診,紹介状あり,2026-01,1
産婦人科,DR_G011,SL_0489,再診,紹介状無し,2026-01,10
産婦人科,DR_G011,SL_0489,初診,紹介状あり,2026-01,9
産婦人科,DR_G011,SL_0489,初診,紹介状無し,2026-01,4
産婦人科,DR_G012,SL_0358,再診,紹介状無し,2026-01,35
産婦人科,DR_G013,SL_0009,再診,紹介状無し,2026-01,3
産婦人科,DR_G013,SL_0369,再診,紹介状無し,2026-01,34
産婦人科,DR_G013,SL_0369,初診,紹介状あり,2026-01,2
産婦人科,DR_G013,SL_0369,初診,紹介状無し,2026-01,26
産婦人科,DR_G014,SL_0009,再診,紹介状無し,2026-01,1
産婦人科,DR_G014,SL_0488,再診,紹介状無し,2026-01,14
産婦人科,DR_G015,SL_0507,再診,紹介状無し,2026-01,12
産婦人科,DR_G016,SL_0571,再診,紹介状無し,2026-01,4
産婦人科,DR_G017,SL_0672,再診,紹介状無し,2026-01,2
産婦人科,DR_G017,SL_0672,初診,紹介状あり,2026-01,1
産婦人科,DR_G018,SL_0009,再診,紹介状無し,2026-01,11
産婦人科,DR_G018,SL_0706,再診,紹介状無し,2026-01,33
産婦人科,DR_G018,SL_0743,再診,紹介状無し,2026-01,2
産婦人科,DR_G018,SL_0743,初診,紹介状あり,2026-01,4
産婦人科,DR_G018,SL_0754,再診,紹介状無し,2026-01,45
産婦人科,DR_G018,SL_0832,再診,紹介状無し,2026-01,1
産婦人科,DR_G019,SL_0712,再診,紹介状無し,2026-01,16
産婦人科,DR_G019,SL_0712,初診,紹介状無し,2026-01,1
産婦人科,DR_G020,SL_0882,再診,紹介状無し,2026-01,1
皮膚・排泄ケア,DR_XX008,SL_0009,再診,紹介状無し,2026-01,40
皮膚・排泄ケア,DR_XX008,SL_0119,再診,紹介状無し,2026-01,8
皮膚科,DR_DM001,SL_0009,再診,紹介状無し,2026-01,9
皮膚科,DR_DM001,SL_0039,再診,紹介状無し,2026-01,7
皮膚科,DR_DM001,SL_0173,再診,紹介状無し,2026-01,156
皮膚科,DR_DM001,SL_0173,初診,紹介状あり,2026-01,7
皮膚科,DR_DM001,SL_0173,初診,紹介状無し,2026-01,5
皮膚科,DR_DM001,SL_0212,初診,紹介状あり,2026-01,12
皮膚科,DR_DM001,SL_0564,初診,紹介状あり,2026-01,1
皮膚科,DR_DM001,SL_0564,初診,紹介状無し,2026-01,2
皮膚科,DR_DM002,SL_0009,再診,紹介状無し,2026-01,46
皮膚科,DR_DM002,SL_0056,再診,紹介状無し,2026-01,150
皮膚科,DR_DM002,SL_0056,初診,紹介状あり,2026-01,4
皮膚科,DR_DM002,SL_0056,初診,紹介状無し,2026-01,3
皮膚科,DR_DM002,SL_0354,初診,紹介状あり,2026-01,5
皮膚科,DR_DM002,SL_0433,再診,紹介状無し,2026-01,5
皮膚科,DR_DM002,SL_0631,初診,紹介状あり,2026-01,1
皮膚科,DR_DM003,SL_0009,再診,紹介状無し,2026-01,32
皮膚科,DR_DM003,SL_0091,再診,紹介状あり,2026-01,1
皮膚科,DR_DM003,SL_0091,再診,紹介状無し,2026-01,140
皮膚科,DR_DM003,SL_0091,初診,紹介状あり,2026-01,3
皮膚科,DR_DM003,SL_0091,初診,紹介状無し,2026-01,6
皮膚科,DR_DM003,SL_0562,再診,紹介状無し,2026-01,6
皮膚科,DR_DM003,SL_0570,初診,紹介状あり,2026-01,6
皮膚科,DR_DM005,SL_0009,再診,紹介状無し,2026-01,26
皮膚科,DR_DM005,SL_0101,再診,紹介状無し,2026-01,141
皮膚科,DR_DM005,SL_0101,初診,紹介状あり,2026-01,3
皮膚科,DR_DM005,SL_0101,初診,紹介状無し,2026-01,4
皮膚科,DR_DM005,SL_0784,再診,紹介状無し,2026-01,9
皮膚科,DR_DM005,SL_0785,初診,紹介状あり,2026-01,1
皮膚科,DR_DM005,SL_0796,初診,紹介状あり,2026-01,12
皮膚科,DR_DM006,SL_0009,再診,紹介状無し,2026-01,41
皮膚科,DR_DM006,SL_0161,再診,紹介状無し,2026-01,164
皮膚科,DR_DM007,SL_0009,再診,紹介状無し,2026-01,1
皮膚科,DR_DM007,SL_0197,再診,紹介状無し,2026-01,39
皮膚科,DR_DM008,SL_0009,再診,紹介状無し,2026-01,62
皮膚科,DR_DM009,SL_0009,再診,紹介状無し,2026-01,3
皮膚科,DR_DM009,SL_0292,再診,紹介状無し,2026-01,45
皮膚科,DR_DM009,SL_0292,初診,紹介状あり,2026-01,3
皮膚科,DR_DM009,SL_0461,再診,紹介状無し,2026-01,9
皮膚科,DR_DM009,SL_0583,初診,紹介状あり,2026-01,2
皮膚科,DR_DM009,SL_0593,初診,紹介状あり,2026-01,4
皮膚科,DR_DM010,SL_0009,再診,紹介状無し,2026-01,7
皮膚科,DR_DM011,SL_0005,再診,紹介状無し,2026-01,4
皮膚科,DR_DM012,SL_0009,再診,紹介状無し,2026-01,1
皮膚科,DR_DM012,SL_0669,再診,紹介状無し,2026-01,1
皮膚科,DR_DM012,SL_0669,初診,紹介状無し,2026-01,3
看護部,DR_XX006,SL_0009,再診,紹介状無し,2026-01,51
看護部,DR_XX006,SL_0075,再診,紹介状無し,2026-01,53
看護部,DR_XX015,SL_0311,再診,紹介状無し,2026-01,5
看護部,DR_XX021,SL_0464,再診,紹介状無し,2026-01,13
眼科,DR_E001,SL_0007,再診,紹介状無し,2026-01,242
眼科,DR_E001,SL_0007,初診,紹介状無し,2026-01,2
眼科,DR_E001,SL_0009,再診,紹介状無し,2026-01,6
眼科,DR_E001,SL_0009,初診,紹介状無し,2026-01,1
眼科,DR_E001,SL_0388,再診,紹介状無し,2026-01,4
眼科,DR_E001,SL_0388,初診,紹介状あり,2026-01,25
眼科,DR_E002,SL_0009,再診,紹介状無し,2026-01,1
眼科,DR_E002,SL_0026,再診,紹介状無し,2026-01,17
眼科,DR_E002,SL_0026,初診,紹介状あり,2026-01,2
眼科,DR_E002,SL_0136,再診,紹介状無し,2026-01,180
眼科,DR_E002,SL_0221,再診,紹介状無し,2026-01,16
眼科,DR_E002,SL_0221,初診,紹介状あり,2026-01,34
眼科,DR_E003,SL_0035,再診,紹介状無し,2026-01,142
眼科,DR_E004,SL_0009,再診,紹介状無し,2026-01,1
眼科,DR_E004,SL_0036,再診,紹介状無し,2026-01,31
眼科,DR_E004,SL_0036,初診,紹介状無し,2026-01,1
眼科,DR_E004,SL_0472,初診,紹介状あり,2026-01,6
眼科,DR_E005,SL_0009,再診,紹介状無し,2026-01,6
眼科,DR_E005,SL_0054,再診,紹介状無し,2026-01,172
眼科,DR_E006,SL_0009,再診,紹介状無し,2026-01,1
眼科,DR_E006,SL_0009,初診,紹介状あり,2026-01,2
眼科,DR_E006,SL_0055,再診,紹介状無し,2026-01,1
眼科,DR_E006,SL_0055,初診,紹介状あり,2026-01,23
眼科,DR_E006,SL_0187,再診,紹介状無し,2026-01,101
眼科,DR_E006,SL_0342,再診,紹介状無し,2026-01,70
眼科,DR_E006,SL_0404,再診,紹介状無し,2026-01,15
眼科,DR_E007,SL_0009,再診,紹介状無し,2026-01,8
眼科,DR_E007,SL_0087,再診,紹介状無し,2026-01,106
眼科,DR_E007,SL_0468,再診,紹介状無し,2026-01,1
眼科,DR_E007,SL_0468,初診,紹介状あり,2026-01,10
眼科,DR_E008,SL_0104,再診,紹介状無し,2026-01,72
眼科,DR_E008,SL_0416,再診,紹介状無し,2026-01,3
眼科,DR_E008,SL_0416,初診,紹介状あり,2026-01,9
眼科,DR_E009,SL_0009,再診,紹介状無し,2026-01,13
眼科,DR_E009,SL_0113,再診,紹介状あり,2026-01,1
眼科,DR_E009,SL_0113,再診,紹介状無し,2026-01,123
眼科,DR_E009,SL_0211,再診,紹介状無し,2026-01,61
眼科,DR_E009,SL_0341,再診,紹介状無し,2026-01,10
眼科,DR_E009,SL_0341,初診,紹介状あり,2026-01,15
眼科,DR_E011,SL_0115,再診,紹介状無し,2026-01,49
眼科,DR_E011,SL_0164,再診,紹介状無し,2026-01,144
眼科,DR_E011,SL_0497,再診,紹介状無し,2026-01,1
眼科,DR_E011,SL_0497,初診,紹介状あり,2026-01,20
眼科,DR_E012,SL_0009,再診,紹介状無し,2026-01,23
眼科,DR_E012,SL_0199,再診,紹介状無し,2026-01,10
眼科,DR_E012,SL_0199,初診,紹介状あり,2026-01,48
眼科,DR_E012,SL_0199,初診,紹介状無し,2026-01,1
眼科,DR_E014,SL_0009,再診,紹介状無し,2026-01,1
眼科,DR_E014,SL_0138,再診,紹介状無し,2026-01,20
眼科,DR_E015,SL_0009,再診,紹介状無し,2026-01,1
眼科,DR_E015,SL_0145,再診,紹介状無し,2026-01,36
眼科,DR_E015,SL_0145,初診,紹介状あり,2026-01,1
眼科,DR_E015,SL_0145,初診,紹介状無し,2026-01,9
眼科,DR_E016,SL_0009,再診,紹介状無し,2026-01,4
眼科,DR_E016,SL_0151,再診,紹介状無し,2026-01,105
眼科,DR_E017,SL_0009,再診,紹介状無し,2026-01,39
眼科,DR_E017,SL_0154,再診,紹介状無し,2026-01,400
眼科,DR_E018,SL_0170,再診,紹介状無し,2026-01,284
眼科,DR_E019,SL_0009,再診,紹介状無し,2026-01,6
眼科,DR_E019,SL_0327,再診,紹介状無し,2026-01,29
眼科,DR_E020,SL_0009,再診,紹介状無し,2026-01,58
眼科,DR_E020,SL_0400,再診,紹介状無し,2026-01,59
眼科,DR_E021,SL_0200,再診,紹介状無し,2026-01,58
眼科,DR_E021,SL_0218,再診,紹介状無し,2026-01,21
眼科,DR_E022,SL_0224,再診,紹介状無し,2026-01,6
眼科,DR_E023,SL_0009,再診,紹介状無し,2026-01,12
眼科,DR_E023,SL_0319,再診,紹介状無し,2026-01,2
眼科,DR_E023,SL_0319,初診,紹介状あり,2026-01,11
眼科,DR_E024,SL_0009,再診,紹介状無し,2026-01,2
眼科,DR_E024,SL_0335,再診,紹介状無し,2026-01,51
眼科,DR_E024,SL_0335,初診,紹介状あり,2026-01,1
眼科,DR_E025,SL_0363,再診,紹介状無し,2026-01,44
眼科,DR_E026,SL_0392,再診,紹介状無し,2026-01,4
眼科,DR_E027,SL_0009,再診,紹介状無し,2026-01,10
眼科,DR_E027,SL_0394,再診,紹介状無し,2026-01,119
眼科,DR_E028,SL_0402,再診,紹介状無し,2026-01,6
眼科,DR_E029,SL_0009,再診,紹介状無し,2026-01,3
眼科,DR_E029,SL_0414,再診,紹介状無し,2026-01,21
眼科,DR_E029,SL_0414,初診,紹介状あり,2026-01,1
眼科,DR_E030,SL_0009,再診,紹介状無し,2026-01,2
眼科,DR_E030,SL_0442,再診,紹介状無し,2026-01,31
眼科,DR_E031,SL_0446,再診,紹介状無し,2026-01,7
眼科,DR_E032,SL_0447,再診,紹介状無し,2026-01,11
眼科,DR_E033,SL_0578,再診,紹介状無し,2026-01,2
眼科,DR_E033,SL_0656,再診,紹介状無し,2026-01,2
眼科,DR_E035,SL_0811,再診,紹介状無し,2026-01,10
眼科,DR_E037,SL_0005,再診,紹介状無し,2026-01,1
眼科,DR_E038,SL_0880,再診,紹介状無し,2026-01,1
禁煙外来,DR_RS2008,SL_0127,再診,紹介状無し,2026-01,6
禁煙外来,DR_RS2008,SL_0764,再診,紹介状無し,2026-01,1
総合内科,DR_GM001,SL_0009,再診,紹介状無し,2026-01,38
総合内科,DR_GM001,SL_0016,再診,紹介状無し,2026-01,17
総合内科,DR_GM001,SL_0016,初診,紹介状あり,2026-01,2
総合内科,DR_GM001,SL_0016,初診,紹介状無し,2026-01,21
総合内科,DR_GM002,SL_0009,再診,紹介状無し,2026-01,1
総合内科,DR_GM002,SL_0040,再診,紹介状無し,2026-01,22
総合内科,DR_GM003,SL_0009,再診,紹介状無し,2026-01,2
総合内科,DR_GM003,SL_0071,再診,紹介状無し,2026-01,63
総合内科,DR_GM004,SL_0009,再診,紹介状無し,2026-01,139
総合内科,DR_GM004,SL_0009,初診,紹介状無し,2026-01,40
総合内科,DR_GM004,SL_0073,再診,紹介状無し,2026-01,7
総合内科,DR_GM004,SL_0073,初診,紹介状無し,2026-01,13
総合内科,DR_GM004,SL_0157,再診,紹介状あり,2026-01,1
総合内科,DR_GM004,SL_0157,再診,紹介状無し,2026-01,36
総合内科,DR_GM004,SL_0158,初診,紹介状あり,2026-01,16
総合内科,DR_GM004,SL_0158,初診,紹介状無し,2026-01,1
総合内科,DR_GM004,SL_0254,再診,紹介状あり,2026-01,3
総合内科,DR_GM004,SL_0254,再診,紹介状無し,2026-01,12
総合内科,DR_GM004,SL_0254,初診,紹介状あり,2026-01,36
総合内科,DR_GM004,SL_0254,初診,紹介状無し,2026-01,1
総合内科,DR_GM004,SL_0406,初診,紹介状あり,2026-01,33
総合内科,DR_GM004,SL_0406,初診,紹介状無し,2026-01,3
総合内科,DR_GM004,SL_0467,再診,紹介状あり,2026-01,1
総合内科,DR_GM004,SL_0467,再診,紹介状無し,2026-01,1
総合内科,DR_GM004,SL_0467,初診,紹介状あり,2026-01,10
総合内科,DR_GM004,SL_0467,初診,紹介状無し,2026-01,1
総合内科,DR_GM005,SL_0111,再診,紹介状無し,2026-01,4
総合内科,DR_GM006,SL_0009,再診,紹介状無し,2026-01,1
総合内科,DR_GM006,SL_0144,再診,紹介状無し,2026-01,44
総合内科,DR_GM006,SL_0144,初診,紹介状無し,2026-01,1
総合内科,DR_GM007,SL_0148,再診,紹介状無し,2026-01,30
総合内科,DR_GM008,SL_0149,再診,紹介状無し,2026-01,10
総合内科,DR_GM009,SL_0009,再診,紹介状無し,2026-01,2
総合内科,DR_GM009,SL_0172,再診,紹介状無し,2026-01,106
総合内科,DR_GM012,SL_0009,再診,紹介状無し,2026-01,66
総合内科,DR_GM012,SL_0238,再診,紹介状無し,2026-01,77
総合内科,DR_GM013,SL_0247,再診,紹介状無し,2026-01,26
総合内科,DR_GM015,SL_0005,再診,紹介状無し,2026-01,4
総合内科,DR_GM016,SL_0289,再診,紹介状無し,2026-01,62
総合内科,DR_GM017,SL_0330,再診,紹介状あり,2026-01,1
総合内科,DR_GM017,SL_0330,再診,紹介状無し,2026-01,28
総合内科,DR_GM018,SL_0009,再診,紹介状無し,2026-01,2
総合内科,DR_GM018,SL_0337,再診,紹介状無し,2026-01,27
総合内科,DR_GM019,SL_0009,再診,紹介状無し,2026-01,17
総合内科,DR_GM019,SL_0471,再診,紹介状無し,2026-01,4
総合内科,DR_GM021,SL_0482,再診,紹介状無し,2026-01,1
総合内科,DR_GM022,SL_0548,再診,紹介状無し,2026-01,8
総合内科,DR_GM024,SL_0009,再診,紹介状無し,2026-01,1
総合内科,DR_GM024,SL_0717,再診,紹介状無し,2026-01,11
総合内科,DR_GM025,SL_0718,再診,紹介状無し,2026-01,9
総合内科,DR_GM026,SL_0009,再診,紹介状無し,2026-01,3
総合内科,DR_GM026,SL_0757,再診,紹介状無し,2026-01,25
総合内科,DR_GM028,SL_0748,再診,紹介状無し,2026-01,8
総合内科,DR_GM030,SL_0789,再診,紹介状無し,2026-01,3
総合内科,DR_GM031,SL_0009,再診,紹介状無し,2026-01,4
総合内科,DR_GM031,SL_0794,再診,紹介状無し,2026-01,6
総合内科,DR_GM032,SL_0800,再診,紹介状無し,2026-01,6
総合内科,DR_GM033,SL_0009,再診,紹介状無し,2026-01,3
総合内科,DR_GM033,SL_0873,再診,紹介状無し,2026-01,19
総合内科,DR_GM034,SL_0879,再診,紹介状無し,2026-01,11
総合内科,DR_GM034,SL_0879,初診,紹介状あり,2026-01,1
総合内科,DR_GM035,SL_0888,初診,紹介状あり,2026-01,1
総合内科,,SL_0893,再診,紹介状無し,2026-01,1
緩和ケアチーム,DR_XX017,SL_0009,再診,紹介状無し,2026-01,14
緩和ケアチーム,DR_XX017,SL_0367,再診,紹介状無し,2026-01,13
緩和ケアチーム,DR_XX026,SL_0547,再診,紹介状無し,2026-01,2
緩和ケアチーム,DR_XX029,SL_0009,再診,紹介状無し,2026-01,1
緩和ケア内科,DR_OR001,SL_0009,再診,紹介状無し,2026-01,2
耳鼻咽喉科,DR_ENT001,SL_0009,再診,紹介状無し,2026-01,52
耳鼻咽喉科,DR_ENT001,SL_0095,再診,紹介状無し,2026-01,121
耳鼻咽喉科,DR_ENT001,SL_0095,初診,紹介状あり,2026-01,6
耳鼻咽喉科,DR_ENT001,SL_0095,初診,紹介状無し,2026-01,4
耳鼻咽喉科,DR_ENT002,SL_0009,再診,紹介状無し,2026-01,19
耳鼻咽喉科,DR_ENT002,SL_0048,再診,紹介状無し,2026-01,78
耳鼻咽喉科,DR_ENT002,SL_0048,初診,紹介状あり,2026-01,2
耳鼻咽喉科,DR_ENT002,SL_0048,初診,紹介状無し,2026-01,2
耳鼻咽喉科,DR_ENT002,SL_0766,再診,紹介状無し,2026-01,1
耳鼻咽喉科,DR_ENT002,SL_0771,初診,紹介状あり,2026-01,8
耳鼻咽喉科,DR_ENT003,SL_0009,再診,紹介状無し,2026-01,10
耳鼻咽喉科,DR_ENT003,SL_0063,再診,紹介状無し,2026-01,28
耳鼻咽喉科,DR_ENT003,SL_0064,再診,紹介状無し,2026-01,217
耳鼻咽喉科,DR_ENT004,SL_0009,再診,紹介状無し,2026-01,105
耳鼻咽喉科,DR_ENT004,SL_0181,再診,紹介状無し,2026-01,163
耳鼻咽喉科,DR_ENT004,SL_0181,初診,紹介状あり,2026-01,2
耳鼻咽喉科,DR_ENT004,SL_0181,初診,紹介状無し,2026-01,3
耳鼻咽喉科,DR_ENT004,SL_0242,再診,紹介状無し,2026-01,27
耳鼻咽喉科,DR_ENT004,SL_0242,初診,紹介状あり,2026-01,27
耳鼻咽喉科,DR_ENT004,SL_0641,初診,紹介状あり,2026-01,6
耳鼻咽喉科,DR_ENT005,SL_0009,再診,紹介状無し,2026-01,12
耳鼻咽喉科,DR_ENT005,SL_0099,再診,紹介状無し,2026-01,89
耳鼻咽喉科,DR_ENT007,SL_0009,再診,紹介状無し,2026-01,7
耳鼻咽喉科,DR_ENT007,SL_0117,再診,紹介状無し,2026-01,8
耳鼻咽喉科,DR_ENT007,SL_0117,初診,紹介状無し,2026-01,4
耳鼻咽喉科,DR_ENT008,SL_0155,再診,紹介状無し,2026-01,141
耳鼻咽喉科,DR_ENT008,SL_0155,初診,紹介状あり,2026-01,5
耳鼻咽喉科,DR_ENT008,SL_0155,初診,紹介状無し,2026-01,2
耳鼻咽喉科,DR_ENT008,SL_0215,初診,紹介状あり,2026-01,32
耳鼻咽喉科,DR_ENT008,SL_0636,再診,紹介状無し,2026-01,7
耳鼻咽喉科,DR_ENT008,SL_0876,再診,紹介状無し,2026-01,2
耳鼻咽喉科,DR_ENT009,SL_0009,再診,紹介状無し,2026-01,6
耳鼻咽喉科,DR_ENT009,SL_0510,再診,紹介状無し,2026-01,5
耳鼻咽喉科,DR_ENT009,SL_0510,初診,紹介状あり,2026-01,8
耳鼻咽喉科,DR_ENT009,SL_0510,初診,紹介状無し,2026-01,4
耳鼻咽喉科,DR_ENT010,SL_0009,再診,紹介状無し,2026-01,11
耳鼻咽喉科,DR_ENT010,SL_0225,再診,紹介状無し,2026-01,18
耳鼻咽喉科,DR_ENT010,SL_0346,初診,紹介状あり,2026-01,11
耳鼻咽喉科,DR_ENT010,SL_0536,再診,紹介状無し,2026-01,7
耳鼻咽喉科,DR_ENT011,SL_0009,再診,紹介状無し,2026-01,27
耳鼻咽喉科,DR_ENT011,SL_0232,再診,紹介状無し,2026-01,45
耳鼻咽喉科,DR_ENT011,SL_0232,初診,紹介状あり,2026-01,1
耳鼻咽喉科,DR_ENT011,SL_0650,初診,紹介状あり,2026-01,3
耳鼻咽喉科,DR_ENT013,SL_0009,再診,紹介状無し,2026-01,17
耳鼻咽喉科,DR_ENT013,SL_0293,再診,紹介状無し,2026-01,43
耳鼻咽喉科,DR_ENT014,SL_0300,再診,紹介状無し,2026-01,3
耳鼻咽喉科,DR_ENT015,SL_0360,再診,紹介状無し,2026-01,2
耳鼻咽喉科,DR_ENT016,SL_0449,再診,紹介状無し,2026-01,7
耳鼻咽喉科,DR_ENT017,SL_0005,再診,紹介状無し,2026-01,13
耳鼻咽喉科,DR_ENT019,SL_0009,再診,紹介状無し,2026-01,1
耳鼻咽喉科,DR_ENT019,SL_0700,再診,紹介状無し,2026-01,64
耳鼻咽喉科,DR_ENT019,SL_0700,初診,紹介状あり,2026-01,8
耳鼻咽喉科,DR_ENT019,SL_0700,初診,紹介状無し,2026-01,6
耳鼻咽喉科,DR_ENT020,SL_0009,再診,紹介状無し,2026-01,16
耳鼻咽喉科,DR_ENT020,SL_0705,再診,紹介状無し,2026-01,31
耳鼻咽喉科,DR_ENT020,SL_0705,初診,紹介状あり,2026-01,3
耳鼻咽喉科,DR_ENT020,SL_0727,再診,紹介状無し,2026-01,64
耳鼻咽喉科,DR_ENT020,SL_0853,初診,紹介状あり,2026-01,2
耳鼻咽喉科,DR_ENT021,SL_0009,再診,紹介状無し,2026-01,2
耳鼻咽喉科,DR_ENT021,SL_0710,再診,紹介状無し,2026-01,89
耳鼻咽喉科,DR_ENT021,SL_0803,再診,紹介状無し,2026-01,2
耳鼻咽喉科,DR_ENT021,SL_0803,初診,紹介状あり,2026-01,4
耳鼻咽喉科,DR_ENT022,SL_0009,再診,紹介状無し,2026-01,8
耳鼻咽喉科,DR_ENT022,SL_0716,再診,紹介状無し,2026-01,120
耳鼻咽喉科,DR_ENT023,SL_0792,再診,紹介状無し,2026-01,1
脳神経内科,DR_NR001,SL_0009,再診,紹介状無し,2026-01,15
脳神経内科,DR_NR001,SL_0013,再診,紹介状無し,2026-01,226
脳神経内科,DR_NR001,SL_0013,初診,紹介状無し,2026-01,1
脳神経内科,DR_NR001,SL_0425,再診,紹介状無し,2026-01,1
脳神経内科,DR_NR001,SL_0425,初診,紹介状あり,2026-01,8
脳神経内科,DR_NR001,SL_0437,再診,紹介状無し,2026-01,5
脳神経内科,DR_NR001,SL_0437,初診,紹介状あり,2026-01,16
脳神経内科,DR_NR001,SL_0677,再診,紹介状無し,2026-01,1
脳神経内科,DR_NR001,SL_0795,再診,紹介状無し,2026-01,2
脳神経内科,DR_NR001,SL_0795,初診,紹介状あり,2026-01,4
脳神経内科,DR_NR001,SL_0797,初診,紹介状あり,2026-01,2
脳神経内科,DR_NR002,SL_0009,再診,紹介状無し,2026-01,60
脳神経内科,DR_NR002,SL_0205,再診,紹介状無し,2026-01,3
脳神経内科,DR_NR002,SL_0205,初診,紹介状あり,2026-01,3
脳神経内科,DR_NR003,SL_0009,再診,紹介状無し,2026-01,8
脳神経内科,DR_NR003,SL_0160,再診,紹介状無し,2026-01,102
脳神経内科,DR_NR003,SL_0469,再診,紹介状無し,2026-01,2
脳神経内科,DR_NR003,SL_0469,初診,紹介状あり,2026-01,6
脳神経内科,DR_NR003,SL_0511,初診,紹介状あり,2026-01,4
脳神経内科,DR_NR005,SL_0009,再診,紹介状無し,2026-01,1
脳神経内科,DR_NR005,SL_0009,初診,紹介状あり,2026-01,3
脳神経内科,DR_NR005,SL_0009,初診,紹介状無し,2026-01,1
脳神経内科,DR_NR005,SL_0291,再診,紹介状無し,2026-01,51
脳神経内科,DR_NR005,SL_0291,初診,紹介状あり,2026-01,1
脳神経内科,DR_NR005,SL_0577,再診,紹介状無し,2026-01,3
脳神経内科,DR_NR005,SL_0577,初診,紹介状あり,2026-01,1
脳神経内科,DR_NR005,SL_0619,初診,紹介状あり,2026-01,2
脳神経内科,DR_NR006,SL_0428,再診,紹介状無し,2026-01,1
脳神経内科,DR_NR007,SL_0009,再診,紹介状無し,2026-01,1
脳神経内科,DR_NR007,SL_0602,再診,紹介状あり,2026-01,1
脳神経内科,DR_NR007,SL_0602,初診,紹介状無し,2026-01,1
脳神経内科,DR_NR009,SL_0005,再診,紹介状無し,2026-01,7
脳神経内科,DR_NR010,SL_0873,再診,紹介状無し,2026-01,2
脳神経外科,DR_NS001,SL_0002,再診,紹介状無し,2026-01,2
脳神経外科,DR_NS001,SL_0002,初診,紹介状無し,2026-01,1
脳神経外科,DR_NS001,SL_0009,再診,紹介状無し,2026-01,15
脳神経外科,DR_NS002,SL_0017,初診,紹介状あり,2026-01,2
脳神経外科,DR_NS002,SL_0017,初診,紹介状無し,2026-01,4
脳神経外科,DR_NS003,SL_0009,再診,紹介状無し,2026-01,1
脳神経外科,DR_NS003,SL_0184,再診,紹介状あり,2026-01,1
脳神経外科,DR_NS003,SL_0184,再診,紹介状無し,2026-01,47
脳神経外科,DR_NS003,SL_0184,初診,紹介状無し,2026-01,1
脳神経外科,DR_NS003,SL_0345,再診,紹介状無し,2026-01,1
脳神経外科,DR_NS004,SL_0009,再診,紹介状無し,2026-01,1
脳神経外科,DR_NS004,SL_0302,再診,紹介状あり,2026-01,1
脳神経外科,DR_NS004,SL_0302,再診,紹介状無し,2026-01,35
脳神経外科,DR_NS004,SL_0302,初診,紹介状あり,2026-01,1
脳神経外科,DR_NS004,SL_0302,初診,紹介状無し,2026-01,1
脳神経外科,DR_NS004,SL_0509,初診,紹介状あり,2026-01,5
脳神経外科,DR_NS004,SL_0610,再診,紹介状無し,2026-01,3
脳神経外科,DR_NS004,SL_0829,初診,紹介状あり,2026-01,1
脳神経外科,DR_NS005,SL_0009,再診,紹介状無し,2026-01,1
脳神経外科,DR_NS005,SL_0343,再診,紹介状無し,2026-01,37
脳神経外科,DR_NS005,SL_0343,初診,紹介状あり,2026-01,1
脳神経外科,DR_NS005,SL_0343,初診,紹介状無し,2026-01,2
脳神経外科,DR_NS005,SL_0598,初診,紹介状あり,2026-01,3
脳神経外科,DR_NS005,SL_0659,再診,紹介状無し,2026-01,1
脳神経外科,DR_NS005,SL_0860,初診,紹介状あり,2026-01,2
脳神経外科,DR_NS006,SL_0352,再診,紹介状無し,2026-01,15
脳神経外科,DR_NS007,SL_0411,再診,紹介状無し,2026-01,3
脳神経外科,DR_NS007,SL_0411,初診,紹介状あり,2026-01,2
脳神経外科,DR_NS007,SL_0662,再診,紹介状無し,2026-01,1
脳神経外科,DR_NS008,SL_0009,再診,紹介状無し,2026-01,7
脳神経外科,DR_NS008,SL_0009,初診,紹介状あり,2026-01,1
脳神経外科,DR_NS008,SL_0424,再診,紹介状無し,2026-01,6
脳神経外科,DR_NS008,SL_0424,初診,紹介状あり,2026-01,1
脳神経外科,DR_NS008,SL_0681,再診,紹介状無し,2026-01,1
脳神経外科,DR_NS008,SL_0681,初診,紹介状無し,2026-01,1
脳神経外科,DR_NS010,SL_0812,再診,紹介状無し,2026-01,4
脳神経外科,DR_NS011,SL_0005,再診,紹介状無し,2026-01,2
腎内科,DR_DB002,SL_0009,再診,紹介状無し,2026-01,1
腎内科,DR_DB002,SL_0282,再診,紹介状無し,2026-01,63
腎内科,DR_NE001,SL_0009,再診,紹介状無し,2026-01,35
腎内科,DR_NE001,SL_0027,再診,紹介状無し,2026-01,200
腎内科,DR_NE001,SL_0380,再診,紹介状無し,2026-01,3
腎内科,DR_NE001,SL_0387,再診,紹介状無し,2026-01,1
腎内科,DR_NE001,SL_0387,初診,紹介状あり,2026-01,2
腎内科,DR_NE001,SL_0881,初診,紹介状あり,2026-01,1
腎内科,DR_NE002,SL_0009,再診,紹介状無し,2026-01,2
腎内科,DR_NE002,SL_0041,再診,紹介状無し,2026-01,243
腎内科,DR_NE002,SL_0042,初診,紹介状あり,2026-01,10
腎内科,DR_NE002,SL_0042,初診,紹介状無し,2026-01,1
腎内科,DR_NE002,SL_0740,再診,紹介状無し,2026-01,4
腎内科,DR_NE002,SL_0749,再診,紹介状無し,2026-01,16
腎内科,DR_NE002,SL_0756,初診,紹介状あり,2026-01,2
腎内科,DR_NE003,SL_0009,再診,紹介状無し,2026-01,5
腎内科,DR_NE003,SL_0203,再診,紹介状無し,2026-01,95
腎内科,DR_NE003,SL_0405,再診,紹介状無し,2026-01,2
腎内科,DR_NE003,SL_0638,初診,紹介状あり,2026-01,1
腎内科,DR_NE003,SL_0761,初診,紹介状あり,2026-01,1
腎内科,DR_NE004,SL_0348,再診,紹介状無し,2026-01,47
腎内科,DR_NE005,SL_0009,再診,紹介状無し,2026-01,42
腎内科,DR_NE005,SL_0540,再診,紹介状あり,2026-01,1
腎内科,DR_NE005,SL_0540,再診,紹介状無し,2026-01,2
腎内科,DR_NE005,SL_0540,初診,紹介状あり,2026-01,4
腎内科,DR_NE007,SL_0009,再診,紹介状無し,2026-01,1
腎内科,DR_NE008,SL_0005,再診,紹介状無し,2026-01,5
腎内科,DR_NE010,SL_0009,再診,紹介状無し,2026-01,1
腎内科,DR_NE010,SL_0804,再診,紹介状無し,2026-01,2
腎内科,DR_NE011,SL_0873,再診,紹介状無し,2026-01,1
臨床工学技師,DR_XX007,SL_0009,再診,紹介状無し,2026-01,1
臨床工学技師,DR_XX007,SL_0076,再診,紹介状無し,2026-01,116
臨床工学技師,DR_XX007,SL_0321,再診,紹介状無し,2026-01,129
臨床腫瘍科,DR_ON001,SL_0009,再診,紹介状無し,2026-01,39
臨床腫瘍科,DR_ON001,SL_0088,再診,紹介状無し,2026-01,128
臨床腫瘍科,DR_ON001,SL_0088,初診,紹介状無し,2026-01,1
臨床腫瘍科,DR_ON001,SL_0633,再診,紹介状無し,2026-01,26
臨床腫瘍科,DR_ON002,SL_0543,再診,紹介状無し,2026-01,1
臨床腫瘍科,DR_ON003,SL_0009,再診,紹介状無し,2026-01,1
臨床腫瘍科,DR_ON003,SL_0603,再診,紹介状無し,2026-01,7
臨床腫瘍科,DR_ON005,SL_0009,再診,紹介状無し,2026-01,2
臨床腫瘍科,DR_ON006,SL_0005,再診,紹介状無し,2026-01,2
薬剤部,DR_XX013,SL_0009,再診,紹介状無し,2026-01,3
薬剤部,DR_XX013,SL_0234,再診,紹介状無し,2026-01,118
薬剤部,DR_XX014,SL_0009,再診,紹介状無し,2026-01,1
薬剤部,DR_XX014,SL_0268,再診,紹介状無し,2026-01,7
薬剤部,DR_XX014,SL_0477,再診,紹介状無し,2026-01,10
薬剤部,DR_XX023,SL_0009,再診,紹介状無し,2026-01,1
薬剤部,DR_XX023,SL_0508,再診,紹介状無し,2026-01,11
薬剤部,DR_XX023,SL_0673,再診,紹介状無し,2026-01,1
血液内科,DR_GM018,SL_0009,再診,紹介状無し,2026-01,1
血液内科,DR_GM018,SL_0389,再診,紹介状無し,2026-01,21
血液内科,DR_HE001,SL_0009,再診,紹介状無し,2026-01,5
血液内科,DR_HE001,SL_0012,再診,紹介状無し,2026-01,140
血液内科,DR_HE001,SL_0266,初診,紹介状あり,2026-01,4
血液内科,DR_HE001,SL_0615,再診,紹介状無し,2026-01,2
血液内科,DR_HE002,SL_0089,再診,紹介状無し,2026-01,79
血液内科,DR_HE002,SL_0527,再診,紹介状無し,2026-01,8
血液内科,DR_HE002,SL_0595,初診,紹介状あり,2026-01,2
血液内科,DR_HE002,SL_0823,初診,紹介状あり,2026-01,1
血液内科,DR_HE003,SL_0096,再診,紹介状無し,2026-01,112
血液内科,DR_HE003,SL_0096,初診,紹介状無し,2026-01,1
血液内科,DR_HE003,SL_0445,再診,紹介状無し,2026-01,3
血液内科,DR_HE003,SL_0617,初診,紹介状あり,2026-01,1
血液内科,DR_HE003,SL_0620,初診,紹介状あり,2026-01,1
血液内科,DR_HE004,SL_0009,再診,紹介状無し,2026-01,15
血液内科,DR_HE004,SL_0131,再診,紹介状無し,2026-01,2
血液内科,DR_HE004,SL_0169,再診,紹介状無し,2026-01,106
血液内科,DR_HE004,SL_0623,初診,紹介状あり,2026-01,1
血液内科,DR_HE004,SL_0648,初診,紹介状あり,2026-01,2
血液内科,DR_HE005,SL_0009,再診,紹介状無し,2026-01,3
血液内科,DR_HE005,SL_0216,再診,紹介状無し,2026-01,58
血液内科,DR_HE006,SL_0009,再診,紹介状無し,2026-01,21
血液内科,DR_HE006,SL_0670,再診,紹介状無し,2026-01,2
血液内科,DR_HE006,SL_0670,初診,紹介状無し,2026-01,1
血液内科,DR_HE007,SL_0005,再診,紹介状無し,2026-01,20
血液内科,DR_HE008,SL_0009,再診,紹介状無し,2026-01,1
血液内科,DR_HE008,SL_0339,再診,紹介状無し,2026-01,26
血液内科,DR_HE009,SL_0383,再診,紹介状無し,2026-01,16
血液内科,DR_HE010,SL_0009,再診,紹介状無し,2026-01,1
血液内科,DR_HE010,SL_0439,再診,紹介状あり,2026-01,1
血液内科,DR_HE010,SL_0439,再診,紹介状無し,2026-01,54
血液内科,DR_HE010,SL_0675,再診,紹介状無し,2026-01,3
血液内科,DR_HE010,SL_0844,初診,紹介状あり,2026-01,1
血液内科,DR_HE010,SL_0851,再診,紹介状無し,2026-01,2
血液内科,DR_HE010,SL_0851,初診,紹介状あり,2026-01,1
血液内科,DR_HE011,SL_0788,再診,紹介状無し,2026-01,2
血液内科,DR_HE012,SL_0873,再診,紹介状無し,2026-01,5
血液内科,DR_HE013,SL_0875,再診,紹介状無し,2026-01,2
血液内科,DR_RH005,SL_0009,再診,紹介状無し,2026-01,9
血液内科,DR_RH005,SL_0156,再診,紹介状無し,2026-01,31
退院支援,DR_XX004,SL_0059,再診,紹介状無し,2026-01,10
退院支援,DR_XX004,SL_0143,再診,紹介状無し,2026-01,95
退院支援,DR_XX004,SL_0271,再診,紹介状無し,2026-01,42
通院治療センター,DR_XX003,SL_0009,再診,紹介状無し,2026-01,15
通院治療センター,DR_XX003,SL_0305,再診,紹介状無し,2026-01,39
遺伝診療科,DR_XX011,SL_0009,再診,紹介状無し,2026-01,6
遺伝診療科,DR_XX011,SL_0296,再診,紹介状無し,2026-01,4
遺伝診療科,DR_XX011,SL_0296,初診,紹介状あり,2026-01,2
遺伝診療科,DR_XX011,SL_0296,初診,紹介状無し,2026-01,1
遺伝診療科,DR_XX019,SL_0005,再診,紹介状あり,2026-01,1
遺伝診療科,DR_XX019,SL_0005,再診,紹介状無し,2026-01,6
遺伝診療科,DR_XX020,SL_0357,再診,紹介状無し,2026-01,15
遺伝診療科,DR_XX020,SL_0357,初診,紹介状無し,2026-01,1
遺伝診療科,DR_XX025,SL_0532,再診,紹介状無し,2026-01,12
遺伝診療科,DR_XX032,SL_0009,再診,紹介状無し,2026-01,1
遺伝診療科,DR_XX032,SL_0683,再診,紹介状無し,2026-01,4
骨転移カンファレンス,DR_XX016,SL_0009,再診,紹介状無し,2026-01,2
骨転移カンファレンス,DR_XX016,SL_0312,再診,紹介状無し,2026-01,5
麻酔科,DR_AN001,SL_0047,再診,紹介状無し,2026-01,398
麻酔科,DR_AN001,SL_0487,再診,紹介状無し,2026-01,6
ﾘﾊﾋﾞﾘﾃｰｼｮﾝ科,DR_XX005,SL_0009,再診,紹介状無し,2026-01,3
ﾘﾊﾋﾞﾘﾃｰｼｮﾝ科,DR_XX005,SL_0074,再診,紹介状無し,2026-01,2
ﾘﾊﾋﾞﾘﾃｰｼｮﾝ科,DR_XX009,SL_0466,再診,紹介状無し,2026-01,3
ﾘﾊﾋﾞﾘﾃｰｼｮﾝ科,DR_XX010,SL_0142,再診,紹介状無し,2026-01,91
ﾘﾊﾋﾞﾘﾃｰｼｮﾝ科,DR_XX027,SL_0606,初診,紹介状あり,2026-01,2
ﾘﾊﾋﾞﾘﾃｰｼｮﾝ科,DR_XX040,SL_0886,再診,紹介状無し,2026-01,1
