診療科名,曜日,受付h,初再診区分,紹介状有無,件数
PICCCVポートセンター,0,8,再診,紹介状無し,3
PICCCVポートセンター,0,9,再診,紹介状無し,6
PICCCVポートセンター,0,10,再診,紹介状無し,2
PICCCVポートセンター,0,11,再診,紹介状無し,2
PICCCVポートセンター,0,12,再診,紹介状無し,1
PICCCVポートセンター,0,13,再診,紹介状無し,1
PICCCVポートセンター,1,8,再診,紹介状無し,2
PICCCVポートセンター,1,9,再診,紹介状無し,1
PICCCVポートセンター,1,10,再診,紹介状無し,4
PICCCVポートセンター,1,13,再診,紹介状無し,1
PICCCVポートセンター,1,15,再診,紹介状無し,1
PICCCVポートセンター,2,7,再診,紹介状無し,1
PICCCVポートセンター,2,9,再診,紹介状無し,2
PICCCVポートセンター,2,10,再診,紹介状無し,1
PICCCVポートセンター,2,11,再診,紹介状無し,1
PICCCVポートセンター,2,14,再診,紹介状無し,1
PICCCVポートセンター,3,7,再診,紹介状無し,2
PICCCVポートセンター,3,8,再診,紹介状無し,1
PICCCVポートセンター,3,9,再診,紹介状無し,2
PICCCVポートセンター,3,11,再診,紹介状無し,1
PICCCVポートセンター,3,12,再診,紹介状無し,1
PICCCVポートセンター,3,14,再診,紹介状無し,1
PICCCVポートセンター,3,15,再診,紹介状無し,1
PICCCVポートセンター,4,7,再診,紹介状無し,3
PICCCVポートセンター,4,8,再診,紹介状無し,1
PICCCVポートセンター,4,9,再診,紹介状無し,1
PICCCVポートセンター,4,10,再診,紹介状無し,5
PICCCVポートセンター,4,11,再診,紹介状無し,1
PICCCVポートセンター,4,12,再診,紹介状無し,1
PICCCVポートセンター,4,15,再診,紹介状無し,1
がんゲノム,0,12,再診,紹介状無し,1
がんゲノム,0,13,再診,紹介状無し,1
がんゲノム,1,8,再診,紹介状無し,1
がんゲノム,1,13,再診,紹介状無し,1
がんゲノム,1,14,再診,紹介状無し,8
がんゲノム,1,16,再診,紹介状無し,1
アレルギー科,0,0,再診,紹介状無し,4
アレルギー科,0,8,再診,紹介状無し,1
アレルギー科,0,9,再診,紹介状無し,12
アレルギー科,0,10,再診,紹介状無し,8
アレルギー科,1,0,再診,紹介状無し,3
アレルギー科,1,8,再診,紹介状無し,14
アレルギー科,1,9,再診,紹介状無し,20
アレルギー科,1,10,再診,紹介状無し,9
アレルギー科,1,11,再診,紹介状無し,2
アレルギー科,1,12,再診,紹介状無し,1
アレルギー科,2,8,再診,紹介状無し,12
アレルギー科,2,9,再診,紹介状無し,10
アレルギー科,2,10,再診,紹介状無し,9
アレルギー科,3,0,再診,紹介状無し,2
アレルギー科,3,8,再診,紹介状無し,18
アレルギー科,3,9,再診,紹介状無し,19
アレルギー科,3,9,初診,紹介状あり,1
アレルギー科,3,10,再診,紹介状無し,9
ソーシャルワーカー,0,0,再診,紹介状無し,5
ソーシャルワーカー,0,8,再診,紹介状無し,1
ソーシャルワーカー,0,9,再診,紹介状無し,1
ソーシャルワーカー,0,10,再診,紹介状無し,2
ソーシャルワーカー,0,11,再診,紹介状無し,3
ソーシャルワーカー,0,12,再診,紹介状無し,2
ソーシャルワーカー,0,14,再診,紹介状無し,3
ソーシャルワーカー,0,16,再診,紹介状無し,1
ソーシャルワーカー,0,17,再診,紹介状無し,1
ソーシャルワーカー,1,0,再診,紹介状無し,3
ソーシャルワーカー,1,9,再診,紹介状無し,2
ソーシャルワーカー,1,10,再診,紹介状無し,2
ソーシャルワーカー,1,11,再診,紹介状無し,2
ソーシャルワーカー,1,14,再診,紹介状無し,2
ソーシャルワーカー,1,15,再診,紹介状無し,2
ソーシャルワーカー,1,16,再診,紹介状無し,1
ソーシャルワーカー,2,0,再診,紹介状無し,7
ソーシャルワーカー,2,8,再診,紹介状無し,1
ソーシャルワーカー,2,9,再診,紹介状無し,3
ソーシャルワーカー,2,10,再診,紹介状無し,2
ソーシャルワーカー,2,11,再診,紹介状無し,3
ソーシャルワーカー,2,12,再診,紹介状無し,4
ソーシャルワーカー,2,13,再診,紹介状無し,1
ソーシャルワーカー,2,14,再診,紹介状無し,2
ソーシャルワーカー,2,15,再診,紹介状無し,2
ソーシャルワーカー,2,17,再診,紹介状無し,1
ソーシャルワーカー,3,0,再診,紹介状無し,6
ソーシャルワーカー,3,8,再診,紹介状無し,1
ソーシャルワーカー,3,9,再診,紹介状無し,1
ソーシャルワーカー,3,10,再診,紹介状無し,1
ソーシャルワーカー,3,11,再診,紹介状無し,1
ソーシャルワーカー,3,12,再診,紹介状無し,3
ソーシャルワーカー,3,15,再診,紹介状無し,1
ソーシャルワーカー,3,17,再診,紹介状無し,3
ソーシャルワーカー,4,0,再診,紹介状無し,3
ソーシャルワーカー,4,8,再診,紹介状無し,1
ソーシャルワーカー,4,10,再診,紹介状無し,3
ソーシャルワーカー,4,11,再診,紹介状無し,2
ソーシャルワーカー,4,12,再診,紹介状無し,1
ソーシャルワーカー,4,14,再診,紹介状無し,1
ソーシャルワーカー,4,15,再診,紹介状無し,1
ソーシャルワーカー,4,16,再診,紹介状無し,4
ソーシャルワーカー,4,19,再診,紹介状無し,2
メンタルケア科,0,0,再診,紹介状無し,3
メンタルケア科,0,7,再診,紹介状無し,1
メンタルケア科,0,8,再診,紹介状無し,9
メンタルケア科,0,9,再診,紹介状無し,16
メンタルケア科,0,10,再診,紹介状無し,20
メンタルケア科,0,11,再診,紹介状無し,6
メンタルケア科,0,17,再診,紹介状無し,1
メンタルケア科,1,3,再診,紹介状無し,1
メンタルケア科,1,8,再診,紹介状無し,2
メンタルケア科,1,9,再診,紹介状無し,4
メンタルケア科,1,10,再診,紹介状無し,3
メンタルケア科,1,11,再診,紹介状無し,1
メンタルケア科,1,12,再診,紹介状無し,8
メンタルケア科,1,13,再診,紹介状無し,9
メンタルケア科,1,14,再診,紹介状無し,15
メンタルケア科,1,15,再診,紹介状無し,8
メンタルケア科,1,16,再診,紹介状無し,1
メンタルケア科,1,17,再診,紹介状無し,1
メンタルケア科,1,18,再診,紹介状無し,1
メンタルケア科,2,0,再診,紹介状無し,10
メンタルケア科,2,7,再診,紹介状無し,1
メンタルケア科,2,8,再診,紹介状無し,32
メンタルケア科,2,9,再診,紹介状無し,34
メンタルケア科,2,10,再診,紹介状無し,24
メンタルケア科,2,11,再診,紹介状無し,9
メンタルケア科,2,12,再診,紹介状無し,6
メンタルケア科,2,13,再診,紹介状無し,21
メンタルケア科,2,14,再診,紹介状無し,16
メンタルケア科,2,15,再診,紹介状無し,2
メンタルケア科,2,16,再診,紹介状無し,1
メンタルケア科,2,17,再診,紹介状無し,1
メンタルケア科,2,21,再診,紹介状無し,1
メンタルケア科,3,7,再診,紹介状無し,2
メンタルケア科,3,8,再診,紹介状無し,5
メンタルケア科,3,9,再診,紹介状無し,3
メンタルケア科,3,10,再診,紹介状無し,6
メンタルケア科,3,11,再診,紹介状無し,5
メンタルケア科,3,15,再診,紹介状無し,1
メンタルケア科,4,2,再診,紹介状無し,1
メンタルケア科,4,5,再診,紹介状無し,1
メンタルケア科,4,8,再診,紹介状無し,2
メンタルケア科,4,9,再診,紹介状無し,2
メンタルケア科,4,10,再診,紹介状無し,1
メンタルケア科,4,12,再診,紹介状無し,1
メンタルケア科,4,16,再診,紹介状無し,1
メンタルケア科,4,18,再診,紹介状無し,3
リウマチ膠原病内科,0,0,再診,紹介状無し,4
リウマチ膠原病内科,0,7,再診,紹介状無し,2
リウマチ膠原病内科,0,8,再診,紹介状無し,41
リウマチ膠原病内科,0,8,初診,紹介状あり,3
リウマチ膠原病内科,0,9,再診,紹介状無し,35
リウマチ膠原病内科,0,10,再診,紹介状無し,16
リウマチ膠原病内科,0,10,初診,紹介状あり,1
リウマチ膠原病内科,0,11,再診,紹介状無し,2
リウマチ膠原病内科,0,12,再診,紹介状無し,2
リウマチ膠原病内科,0,13,再診,紹介状無し,3
リウマチ膠原病内科,0,14,再診,紹介状無し,3
リウマチ膠原病内科,1,0,再診,紹介状無し,7
リウマチ膠原病内科,1,1,再診,紹介状無し,1
リウマチ膠原病内科,1,3,再診,紹介状無し,1
リウマチ膠原病内科,1,8,再診,紹介状無し,43
リウマチ膠原病内科,1,9,再診,紹介状無し,32
リウマチ膠原病内科,1,9,初診,紹介状あり,3
リウマチ膠原病内科,1,10,再診,紹介状無し,29
リウマチ膠原病内科,1,11,再診,紹介状無し,19
リウマチ膠原病内科,1,12,再診,紹介状無し,4
リウマチ膠原病内科,1,14,再診,紹介状無し,1
リウマチ膠原病内科,1,15,再診,紹介状無し,2
リウマチ膠原病内科,1,16,再診,紹介状無し,1
リウマチ膠原病内科,2,0,再診,紹介状無し,8
リウマチ膠原病内科,2,8,再診,紹介状無し,54
リウマチ膠原病内科,2,9,再診,紹介状無し,55
リウマチ膠原病内科,2,9,初診,紹介状あり,2
リウマチ膠原病内科,2,10,再診,紹介状無し,30
リウマチ膠原病内科,2,11,再診,紹介状無し,25
リウマチ膠原病内科,2,12,再診,紹介状無し,32
リウマチ膠原病内科,2,12,初診,紹介状あり,2
リウマチ膠原病内科,2,13,再診,紹介状無し,15
リウマチ膠原病内科,2,13,初診,紹介状あり,1
リウマチ膠原病内科,2,13,初診,紹介状無し,1
リウマチ膠原病内科,2,14,再診,紹介状無し,10
リウマチ膠原病内科,2,14,初診,紹介状あり,2
リウマチ膠原病内科,2,15,再診,紹介状無し,2
リウマチ膠原病内科,3,0,再診,紹介状無し,8
リウマチ膠原病内科,3,8,再診,紹介状無し,54
リウマチ膠原病内科,3,8,初診,紹介状あり,3
リウマチ膠原病内科,3,9,再診,紹介状無し,39
リウマチ膠原病内科,3,10,再診,紹介状無し,31
リウマチ膠原病内科,3,11,再診,紹介状無し,16
リウマチ膠原病内科,3,12,再診,紹介状無し,19
リウマチ膠原病内科,3,13,再診,紹介状無し,11
リウマチ膠原病内科,3,14,再診,紹介状無し,7
リウマチ膠原病内科,3,17,再診,紹介状無し,1
リウマチ膠原病内科,4,0,再診,紹介状無し,1
リウマチ膠原病内科,4,8,再診,紹介状無し,36
リウマチ膠原病内科,4,9,再診,紹介状無し,33
リウマチ膠原病内科,4,10,再診,紹介状無し,29
リウマチ膠原病内科,4,11,再診,紹介状無し,23
リウマチ膠原病内科,4,12,再診,紹介状無し,13
リウマチ膠原病内科,4,13,再診,紹介状無し,13
リウマチ膠原病内科,4,14,再診,紹介状無し,6
一般消化器外科,0,0,再診,紹介状無し,15
一般消化器外科,0,7,再診,紹介状無し,1
一般消化器外科,0,8,再診,紹介状無し,8
一般消化器外科,0,9,再診,紹介状無し,24
一般消化器外科,0,10,再診,紹介状無し,14
一般消化器外科,0,11,再診,紹介状無し,12
一般消化器外科,0,11,初診,紹介状あり,1
一般消化器外科,0,11,初診,紹介状無し,1
一般消化器外科,0,12,再診,紹介状無し,13
一般消化器外科,0,12,初診,紹介状あり,2
一般消化器外科,0,13,再診,紹介状無し,12
一般消化器外科,0,13,初診,紹介状あり,4
一般消化器外科,0,14,再診,紹介状無し,13
一般消化器外科,0,14,初診,紹介状あり,2
一般消化器外科,0,15,再診,紹介状無し,6
一般消化器外科,0,16,再診,紹介状無し,2
一般消化器外科,0,17,再診,紹介状無し,1
一般消化器外科,1,0,再診,紹介状無し,16
一般消化器外科,1,8,再診,紹介状無し,43
一般消化器外科,1,9,再診,紹介状無し,41
一般消化器外科,1,9,初診,紹介状あり,3
一般消化器外科,1,10,再診,紹介状無し,24
一般消化器外科,1,10,初診,紹介状あり,2
一般消化器外科,1,11,再診,紹介状無し,14
一般消化器外科,1,12,再診,紹介状無し,8
一般消化器外科,1,13,再診,紹介状無し,6
一般消化器外科,1,14,再診,紹介状あり,1
一般消化器外科,1,14,再診,紹介状無し,3
一般消化器外科,1,16,初診,紹介状無し,1
一般消化器外科,1,17,再診,紹介状無し,1
一般消化器外科,2,0,再診,紹介状無し,14
一般消化器外科,2,8,再診,紹介状無し,80
一般消化器外科,2,9,再診,紹介状無し,52
一般消化器外科,2,10,再診,紹介状無し,32
一般消化器外科,2,10,初診,紹介状あり,1
一般消化器外科,2,11,再診,紹介状無し,19
一般消化器外科,2,11,初診,紹介状あり,1
一般消化器外科,2,12,再診,紹介状無し,12
一般消化器外科,2,12,初診,紹介状あり,1
一般消化器外科,2,13,再診,紹介状無し,18
一般消化器外科,2,13,初診,紹介状あり,1
一般消化器外科,2,14,再診,紹介状無し,6
一般消化器外科,2,15,再診,紹介状無し,1
一般消化器外科,2,19,初診,紹介状無し,1
一般消化器外科,3,0,再診,紹介状無し,19
一般消化器外科,3,8,再診,紹介状無し,55
一般消化器外科,3,8,初診,紹介状あり,1
一般消化器外科,3,9,再診,紹介状無し,44
一般消化器外科,3,9,初診,紹介状あり,5
一般消化器外科,3,10,再診,紹介状無し,33
一般消化器外科,3,10,初診,紹介状あり,3
一般消化器外科,3,11,再診,紹介状無し,10
一般消化器外科,3,11,初診,紹介状あり,2
一般消化器外科,3,12,再診,紹介状無し,7
一般消化器外科,3,12,初診,紹介状あり,3
一般消化器外科,3,13,再診,紹介状無し,16
一般消化器外科,3,14,再診,紹介状無し,5
一般消化器外科,3,15,再診,紹介状無し,8
一般消化器外科,3,16,再診,紹介状無し,1
一般消化器外科,4,0,再診,紹介状無し,14
一般消化器外科,4,8,再診,紹介状無し,21
一般消化器外科,4,8,初診,紹介状無し,1
一般消化器外科,4,9,再診,紹介状無し,12
一般消化器外科,4,9,初診,紹介状無し,2
一般消化器外科,4,10,再診,紹介状無し,7
一般消化器外科,4,10,初診,紹介状あり,1
一般消化器外科,4,11,再診,紹介状無し,3
一般消化器外科,4,12,再診,紹介状無し,2
一般消化器外科,4,13,再診,紹介状無し,1
一般消化器外科,4,14,初診,紹介状無し,1
一般消化器外科,4,15,再診,紹介状無し,1
一般消化器外科,4,16,再診,紹介状無し,2
一般消化器外科,4,17,初診,紹介状あり,1
一般消化器外科,5,17,初診,紹介状無し,1
一般消化器外科,6,12,再診,紹介状無し,1
中央処置室,0,0,再診,紹介状無し,2
中央処置室,0,8,再診,紹介状無し,9
中央処置室,0,9,再診,紹介状無し,4
中央処置室,0,10,再診,紹介状無し,7
中央処置室,0,11,再診,紹介状無し,2
中央処置室,0,12,再診,紹介状無し,1
中央処置室,0,13,再診,紹介状無し,3
中央処置室,0,14,再診,紹介状無し,1
中央処置室,1,8,再診,紹介状無し,14
中央処置室,1,9,再診,紹介状無し,8
中央処置室,1,10,再診,紹介状無し,4
中央処置室,1,11,再診,紹介状無し,2
中央処置室,1,12,再診,紹介状無し,1
中央処置室,1,13,再診,紹介状無し,4
中央処置室,1,14,再診,紹介状無し,1
中央処置室,2,0,再診,紹介状無し,1
中央処置室,2,8,再診,紹介状無し,8
中央処置室,2,9,再診,紹介状無し,6
中央処置室,2,10,再診,紹介状無し,2
中央処置室,2,11,再診,紹介状無し,4
中央処置室,2,12,再診,紹介状無し,4
中央処置室,2,13,再診,紹介状無し,3
中央処置室,2,14,再診,紹介状無し,1
中央処置室,3,8,再診,紹介状無し,15
中央処置室,3,9,再診,紹介状無し,4
中央処置室,3,10,再診,紹介状無し,5
中央処置室,3,11,再診,紹介状無し,1
中央処置室,3,12,再診,紹介状無し,3
中央処置室,3,13,再診,紹介状無し,2
中央処置室,4,0,再診,紹介状無し,3
中央処置室,4,8,再診,紹介状無し,13
中央処置室,4,9,再診,紹介状無し,4
中央処置室,4,10,再診,紹介状無し,5
中央処置室,4,11,再診,紹介状無し,1
中央処置室,4,12,再診,紹介状無し,1
中央処置室,4,13,再診,紹介状無し,1
中央処置室,4,16,再診,紹介状無し,1
乳腺外科,0,0,再診,紹介状無し,24
乳腺外科,0,0,初診,紹介状無し,1
乳腺外科,0,8,再診,紹介状無し,39
乳腺外科,0,8,初診,紹介状あり,3
乳腺外科,0,9,再診,紹介状無し,51
乳腺外科,0,9,初診,紹介状あり,5
乳腺外科,0,9,初診,紹介状無し,1
乳腺外科,0,10,再診,紹介状無し,22
乳腺外科,0,10,初診,紹介状あり,2
乳腺外科,0,10,初診,紹介状無し,1
乳腺外科,0,11,再診,紹介状無し,11
乳腺外科,0,11,初診,紹介状あり,1
乳腺外科,0,12,再診,紹介状無し,6
乳腺外科,0,13,再診,紹介状無し,3
乳腺外科,0,14,再診,紹介状無し,10
乳腺外科,0,15,再診,紹介状無し,4
乳腺外科,1,0,再診,紹介状無し,16
乳腺外科,1,8,再診,紹介状無し,65
乳腺外科,1,8,初診,紹介状あり,3
乳腺外科,1,9,再診,紹介状無し,59
乳腺外科,1,9,初診,紹介状あり,5
乳腺外科,1,10,再診,紹介状無し,42
乳腺外科,1,11,再診,紹介状無し,19
乳腺外科,1,11,初診,紹介状無し,1
乳腺外科,1,12,再診,紹介状無し,26
乳腺外科,1,12,初診,紹介状あり,1
乳腺外科,1,13,再診,紹介状無し,34
乳腺外科,1,14,再診,紹介状無し,14
乳腺外科,1,15,再診,紹介状無し,5
乳腺外科,1,16,再診,紹介状無し,1
乳腺外科,2,0,再診,紹介状無し,14
乳腺外科,2,8,再診,紹介状無し,58
乳腺外科,2,8,初診,紹介状あり,1
乳腺外科,2,9,再診,紹介状無し,70
乳腺外科,2,9,初診,紹介状あり,4
乳腺外科,2,10,再診,紹介状無し,37
乳腺外科,2,10,初診,紹介状あり,2
乳腺外科,2,11,再診,紹介状無し,25
乳腺外科,2,12,再診,紹介状無し,15
乳腺外科,2,13,再診,紹介状無し,6
乳腺外科,2,14,再診,紹介状無し,6
乳腺外科,2,15,再診,紹介状無し,2
乳腺外科,2,16,再診,紹介状無し,1
乳腺外科,3,0,再診,紹介状無し,3
乳腺外科,3,8,再診,紹介状無し,18
乳腺外科,3,9,再診,紹介状無し,22
乳腺外科,3,9,初診,紹介状あり,6
乳腺外科,3,10,再診,紹介状無し,14
乳腺外科,3,10,初診,紹介状あり,1
乳腺外科,3,11,再診,紹介状無し,7
乳腺外科,3,11,初診,紹介状あり,1
乳腺外科,3,12,再診,紹介状無し,10
乳腺外科,3,13,再診,紹介状無し,3
乳腺外科,3,14,再診,紹介状無し,2
乳腺外科,3,15,再診,紹介状無し,5
乳腺外科,4,0,再診,紹介状無し,16
乳腺外科,4,2,再診,紹介状無し,1
乳腺外科,4,8,再診,紹介状無し,72
乳腺外科,4,8,初診,紹介状あり,2
乳腺外科,4,8,初診,紹介状無し,1
乳腺外科,4,9,再診,紹介状無し,67
乳腺外科,4,9,初診,紹介状あり,5
乳腺外科,4,10,再診,紹介状無し,38
乳腺外科,4,11,再診,紹介状無し,17
乳腺外科,4,12,再診,紹介状無し,14
乳腺外科,4,13,再診,紹介状無し,5
乳腺外科,4,14,再診,紹介状無し,8
乳腺外科,4,15,再診,紹介状無し,3
乳腺外科,5,10,再診,紹介状無し,2
乳腺外科,5,17,再診,紹介状無し,1
乳腺外科,5,18,初診,紹介状無し,1
乳腺外科,5,21,初診,紹介状無し,1
乳腺外科,5,22,初診,紹介状無し,1
乳腺外科,6,7,再診,紹介状無し,1
乳腺外科,6,13,再診,紹介状無し,1
乳腺外科,6,15,初診,紹介状無し,1
健診センター,1,8,再診,紹介状無し,12
健診センター,1,10,再診,紹介状無し,1
健診センター,1,13,再診,紹介状無し,3
健診センター,1,14,再診,紹介状無し,1
健診センター,2,0,再診,紹介状無し,6
健診センター,2,8,再診,紹介状無し,10
健診センター,2,12,再診,紹介状無し,1
健診センター,2,13,再診,紹介状無し,2
健診センター,2,14,再診,紹介状無し,4
健診センター,3,8,再診,紹介状無し,11
健診センター,3,13,再診,紹介状無し,2
健診センター,4,8,再診,紹介状無し,12
入退院支援センター,0,8,再診,紹介状無し,17
入退院支援センター,0,9,再診,紹介状無し,26
入退院支援センター,0,10,再診,紹介状無し,19
入退院支援センター,0,11,再診,紹介状無し,13
入退院支援センター,0,12,再診,紹介状無し,12
入退院支援センター,0,13,再診,紹介状無し,13
入退院支援センター,0,14,再診,紹介状無し,5
入退院支援センター,0,15,再診,紹介状無し,1
入退院支援センター,1,8,再診,紹介状無し,7
入退院支援センター,1,9,再診,紹介状無し,26
入退院支援センター,1,10,再診,紹介状無し,14
入退院支援センター,1,11,再診,紹介状無し,18
入退院支援センター,1,12,再診,紹介状無し,9
入退院支援センター,1,13,再診,紹介状無し,13
入退院支援センター,1,14,再診,紹介状無し,2
入退院支援センター,1,15,再診,紹介状無し,4
入退院支援センター,2,8,再診,紹介状無し,20
入退院支援センター,2,9,再診,紹介状無し,22
入退院支援センター,2,10,再診,紹介状無し,27
入退院支援センター,2,11,再診,紹介状無し,16
入退院支援センター,2,12,再診,紹介状無し,22
入退院支援センター,2,13,再診,紹介状無し,16
入退院支援センター,2,14,再診,紹介状無し,12
入退院支援センター,2,15,再診,紹介状無し,6
入退院支援センター,2,16,再診,紹介状無し,3
入退院支援センター,3,7,再診,紹介状無し,3
入退院支援センター,3,8,再診,紹介状無し,29
入退院支援センター,3,9,再診,紹介状無し,23
入退院支援センター,3,10,再診,紹介状無し,16
入退院支援センター,3,11,再診,紹介状無し,12
入退院支援センター,3,12,再診,紹介状無し,11
入退院支援センター,3,13,再診,紹介状無し,9
入退院支援センター,3,14,再診,紹介状無し,5
入退院支援センター,4,8,再診,紹介状無し,16
入退院支援センター,4,9,再診,紹介状無し,21
入退院支援センター,4,10,再診,紹介状無し,20
入退院支援センター,4,11,再診,紹介状無し,16
入退院支援センター,4,12,再診,紹介状無し,20
入退院支援センター,4,13,再診,紹介状無し,11
入退院支援センター,4,14,再診,紹介状無し,4
入退院支援センター,4,15,再診,紹介状無し,2
入退院支援センター,4,16,再診,紹介状無し,1
内科,0,0,初診,紹介状無し,2
内科,0,1,再診,紹介状無し,1
内科,0,1,初診,紹介状無し,1
内科,0,5,再診,紹介状無し,2
内科,0,6,再診,紹介状無し,1
内科,0,7,再診,紹介状無し,1
内科,0,7,初診,紹介状無し,1
内科,0,8,再診,紹介状無し,1
内科,0,8,初診,紹介状無し,1
内科,0,12,初診,紹介状あり,1
内科,0,17,再診,紹介状あり,2
内科,0,17,再診,紹介状無し,1
内科,0,17,初診,紹介状無し,3
内科,0,18,再診,紹介状無し,1
内科,0,18,初診,紹介状あり,1
内科,0,19,再診,紹介状無し,1
内科,0,19,初診,紹介状無し,1
内科,0,20,再診,紹介状無し,1
内科,0,20,初診,紹介状無し,2
内科,0,21,再診,紹介状無し,2
内科,0,21,初診,紹介状無し,1
内科,0,22,再診,紹介状無し,2
内科,0,22,初診,紹介状無し,1
内科,1,0,初診,紹介状無し,1
内科,1,1,初診,紹介状無し,3
内科,1,2,初診,紹介状無し,3
内科,1,3,再診,紹介状無し,1
内科,1,3,初診,紹介状無し,1
内科,1,6,再診,紹介状無し,2
内科,1,6,初診,紹介状無し,1
内科,1,8,初診,紹介状無し,1
内科,1,10,再診,紹介状無し,1
内科,1,13,初診,紹介状無し,1
内科,1,17,再診,紹介状あり,1
内科,1,17,再診,紹介状無し,1
内科,1,17,初診,紹介状無し,2
内科,1,18,再診,紹介状無し,1
内科,1,18,初診,紹介状無し,1
内科,1,19,初診,紹介状無し,3
内科,1,20,初診,紹介状無し,1
内科,1,21,再診,紹介状無し,1
内科,1,22,再診,紹介状無し,2
内科,1,23,初診,紹介状無し,2
内科,2,0,再診,紹介状無し,1
内科,2,1,初診,紹介状無し,3
内科,2,4,再診,紹介状無し,3
内科,2,5,再診,紹介状無し,1
内科,2,6,初診,紹介状無し,1
内科,2,8,再診,紹介状無し,2
内科,2,10,再診,紹介状あり,1
内科,2,10,初診,紹介状あり,1
内科,2,13,初診,紹介状あり,1
内科,2,14,初診,紹介状あり,1
内科,2,14,初診,紹介状無し,1
内科,2,17,再診,紹介状無し,2
内科,2,18,再診,紹介状あり,1
内科,2,18,再診,紹介状無し,1
内科,2,18,初診,紹介状無し,1
内科,2,19,再診,紹介状無し,2
内科,2,19,初診,紹介状無し,2
内科,2,20,初診,紹介状無し,2
内科,2,21,再診,紹介状無し,1
内科,2,21,初診,紹介状無し,4
内科,2,22,再診,紹介状無し,1
内科,2,22,初診,紹介状無し,2
内科,2,23,初診,紹介状無し,1
内科,3,0,初診,紹介状無し,1
内科,3,2,初診,紹介状無し,3
内科,3,3,初診,紹介状無し,1
内科,3,6,再診,紹介状無し,2
内科,3,8,再診,紹介状無し,1
内科,3,10,再診,紹介状あり,1
内科,3,11,初診,紹介状無し,1
内科,3,13,初診,紹介状あり,1
内科,3,17,再診,紹介状無し,1
内科,3,17,初診,紹介状あり,1
内科,3,17,初診,紹介状無し,1
内科,3,18,初診,紹介状無し,1
内科,3,19,再診,紹介状あり,1
内科,3,19,再診,紹介状無し,2
内科,3,20,再診,紹介状無し,2
内科,3,20,初診,紹介状無し,1
内科,3,21,再診,紹介状無し,2
内科,3,21,初診,紹介状無し,2
内科,3,22,再診,紹介状無し,3
内科,3,22,初診,紹介状無し,1
内科,3,23,初診,紹介状無し,2
内科,4,0,初診,紹介状無し,1
内科,4,1,再診,紹介状無し,1
内科,4,1,初診,紹介状無し,1
内科,4,2,初診,紹介状無し,1
内科,4,3,初診,紹介状無し,1
内科,4,4,初診,紹介状無し,1
内科,4,5,初診,紹介状無し,1
内科,4,6,初診,紹介状無し,1
内科,4,7,再診,紹介状無し,1
内科,4,7,初診,紹介状無し,2
内科,4,8,初診,紹介状無し,2
内科,4,10,再診,紹介状あり,1
内科,4,17,再診,紹介状無し,1
内科,4,18,再診,紹介状あり,1
内科,4,18,再診,紹介状無し,1
内科,4,18,初診,紹介状あり,2
内科,4,18,初診,紹介状無し,1
内科,4,19,初診,紹介状あり,1
内科,4,19,初診,紹介状無し,1
内科,4,20,再診,紹介状無し,1
内科,4,20,初診,紹介状無し,4
内科,4,22,初診,紹介状無し,1
内科,4,23,再診,紹介状無し,2
内科,4,23,初診,紹介状無し,1
内科,5,0,再診,紹介状無し,1
内科,5,0,初診,紹介状無し,1
内科,5,1,初診,紹介状無し,1
内科,5,2,再診,紹介状無し,1
内科,5,5,再診,紹介状無し,1
内科,5,7,初診,紹介状無し,1
内科,5,8,再診,紹介状無し,3
内科,5,8,初診,紹介状無し,1
内科,5,9,再診,紹介状無し,1
内科,5,10,再診,紹介状あり,1
内科,5,10,再診,紹介状無し,1
内科,5,10,初診,紹介状あり,1
内科,5,11,再診,紹介状あり,1
内科,5,12,初診,紹介状あり,2
内科,5,13,再診,紹介状無し,1
内科,5,14,初診,紹介状あり,1
内科,5,14,初診,紹介状無し,1
内科,5,15,再診,紹介状無し,1
内科,5,15,初診,紹介状無し,1
内科,5,16,再診,紹介状あり,1
内科,5,17,初診,紹介状無し,1
内科,5,18,初診,紹介状無し,1
内科,5,20,再診,紹介状無し,1
内科,5,20,初診,紹介状無し,2
内科,5,21,再診,紹介状無し,1
内科,5,21,初診,紹介状あり,1
内科,5,21,初診,紹介状無し,2
内科,5,22,再診,紹介状無し,1
内科,5,22,初診,紹介状無し,1
内科,5,23,初診,紹介状無し,2
内科,6,0,再診,紹介状無し,1
内科,6,1,初診,紹介状無し,2
内科,6,2,再診,紹介状無し,1
内科,6,2,初診,紹介状無し,1
内科,6,3,再診,紹介状無し,2
内科,6,4,再診,紹介状無し,1
内科,6,4,初診,紹介状無し,1
内科,6,6,初診,紹介状無し,1
内科,6,7,初診,紹介状無し,4
内科,6,8,再診,紹介状無し,1
内科,6,8,初診,紹介状無し,2
内科,6,9,再診,紹介状無し,3
内科,6,9,初診,紹介状無し,1
内科,6,10,再診,紹介状あり,1
内科,6,10,再診,紹介状無し,1
内科,6,11,再診,紹介状無し,3
内科,6,11,初診,紹介状無し,1
内科,6,12,初診,紹介状無し,1
内科,6,13,再診,紹介状無し,1
内科,6,14,再診,紹介状無し,3
内科,6,14,初診,紹介状あり,1
内科,6,15,再診,紹介状無し,2
内科,6,16,再診,紹介状無し,2
内科,6,17,初診,紹介状無し,2
内科,6,18,再診,紹介状あり,1
内科,6,18,初診,紹介状あり,1
内科,6,19,再診,紹介状無し,3
内科,6,19,初診,紹介状無し,3
内科,6,20,再診,紹介状無し,3
内科,6,20,初診,紹介状あり,1
内科,6,21,再診,紹介状無し,1
内科,6,21,初診,紹介状無し,2
内科,6,22,初診,紹介状無し,2
呼吸器内科,0,0,再診,紹介状無し,10
呼吸器内科,0,8,再診,紹介状無し,37
呼吸器内科,0,8,初診,紹介状あり,1
呼吸器内科,0,9,再診,紹介状無し,36
呼吸器内科,0,9,初診,紹介状あり,1
呼吸器内科,0,10,再診,紹介状無し,16
呼吸器内科,0,11,再診,紹介状無し,4
呼吸器内科,0,11,初診,紹介状あり,1
呼吸器内科,0,12,再診,紹介状あり,1
呼吸器内科,0,12,再診,紹介状無し,13
呼吸器内科,0,12,初診,紹介状あり,2
呼吸器内科,0,13,再診,紹介状無し,20
呼吸器内科,0,14,再診,紹介状無し,9
呼吸器内科,0,14,初診,紹介状あり,1
呼吸器内科,0,15,再診,紹介状無し,1
呼吸器内科,1,0,再診,紹介状無し,16
呼吸器内科,1,7,再診,紹介状無し,1
呼吸器内科,1,8,再診,紹介状無し,86
呼吸器内科,1,8,初診,紹介状あり,4
呼吸器内科,1,9,再診,紹介状無し,49
呼吸器内科,1,9,初診,紹介状あり,4
呼吸器内科,1,9,初診,紹介状無し,2
呼吸器内科,1,10,再診,紹介状無し,40
呼吸器内科,1,10,初診,紹介状あり,2
呼吸器内科,1,11,再診,紹介状あり,1
呼吸器内科,1,11,再診,紹介状無し,8
呼吸器内科,1,12,再診,紹介状無し,24
呼吸器内科,1,12,初診,紹介状あり,1
呼吸器内科,1,13,再診,紹介状無し,30
呼吸器内科,1,13,初診,紹介状あり,4
呼吸器内科,1,13,初診,紹介状無し,2
呼吸器内科,1,14,再診,紹介状無し,17
呼吸器内科,1,14,初診,紹介状あり,1
呼吸器内科,1,15,再診,紹介状無し,2
呼吸器内科,1,16,再診,紹介状無し,2
呼吸器内科,1,20,再診,紹介状無し,1
呼吸器内科,2,0,再診,紹介状無し,7
呼吸器内科,2,8,再診,紹介状無し,44
呼吸器内科,2,8,初診,紹介状あり,3
呼吸器内科,2,9,再診,紹介状無し,41
呼吸器内科,2,9,初診,紹介状あり,1
呼吸器内科,2,9,初診,紹介状無し,3
呼吸器内科,2,10,再診,紹介状無し,37
呼吸器内科,2,10,初診,紹介状あり,2
呼吸器内科,2,10,初診,紹介状無し,1
呼吸器内科,2,11,再診,紹介状無し,12
呼吸器内科,2,12,再診,紹介状無し,21
呼吸器内科,2,12,初診,紹介状あり,1
呼吸器内科,2,13,再診,紹介状無し,36
呼吸器内科,2,14,再診,紹介状無し,19
呼吸器内科,2,15,再診,紹介状無し,5
呼吸器内科,2,16,再診,紹介状無し,1
呼吸器内科,2,19,再診,紹介状無し,1
呼吸器内科,3,0,再診,紹介状無し,8
呼吸器内科,3,6,再診,紹介状無し,2
呼吸器内科,3,8,再診,紹介状無し,20
呼吸器内科,3,8,初診,紹介状あり,2
呼吸器内科,3,9,再診,紹介状無し,42
呼吸器内科,3,9,初診,紹介状あり,2
呼吸器内科,3,10,再診,紹介状無し,11
呼吸器内科,3,10,初診,紹介状あり,3
呼吸器内科,3,11,再診,紹介状無し,23
呼吸器内科,3,12,再診,紹介状無し,24
呼吸器内科,3,13,再診,紹介状無し,19
呼吸器内科,3,14,再診,紹介状無し,8
呼吸器内科,3,16,初診,紹介状あり,1
呼吸器内科,4,0,再診,紹介状無し,4
呼吸器内科,4,1,再診,紹介状無し,1
呼吸器内科,4,8,再診,紹介状無し,33
呼吸器内科,4,8,初診,紹介状あり,1
呼吸器内科,4,9,再診,紹介状無し,33
呼吸器内科,4,9,初診,紹介状あり,7
呼吸器内科,4,10,再診,紹介状無し,30
呼吸器内科,4,10,初診,紹介状あり,2
呼吸器内科,4,11,再診,紹介状無し,5
呼吸器内科,4,11,初診,紹介状あり,1
呼吸器内科,4,12,再診,紹介状無し,8
呼吸器内科,4,12,初診,紹介状あり,2
呼吸器内科,4,13,再診,紹介状無し,11
呼吸器内科,4,14,再診,紹介状無し,6
呼吸器内科,4,14,初診,紹介状あり,1
呼吸器内科,4,14,初診,紹介状無し,1
呼吸器内科,5,12,再診,紹介状無し,1
呼吸器内科,6,12,再診,紹介状無し,1
呼吸器外科,0,8,再診,紹介状無し,10
呼吸器外科,0,9,再診,紹介状無し,12
呼吸器外科,0,10,再診,紹介状無し,7
呼吸器外科,0,10,初診,紹介状あり,1
呼吸器外科,0,11,再診,紹介状無し,6
呼吸器外科,0,12,再診,紹介状無し,1
呼吸器外科,0,14,再診,紹介状無し,1
呼吸器外科,1,14,再診,紹介状無し,1
呼吸器外科,2,0,再診,紹介状無し,1
呼吸器外科,2,8,再診,紹介状無し,16
呼吸器外科,2,8,初診,紹介状あり,1
呼吸器外科,2,9,再診,紹介状無し,10
呼吸器外科,2,10,再診,紹介状無し,6
呼吸器外科,2,11,再診,紹介状無し,3
呼吸器外科,2,14,再診,紹介状無し,1
呼吸器外科,3,0,再診,紹介状無し,2
呼吸器外科,3,8,再診,紹介状無し,8
呼吸器外科,3,8,初診,紹介状あり,1
呼吸器外科,3,9,再診,紹介状無し,11
呼吸器外科,3,10,再診,紹介状無し,13
呼吸器外科,3,11,再診,紹介状無し,5
呼吸器外科,3,12,再診,紹介状無し,9
呼吸器外科,3,13,再診,紹介状無し,8
呼吸器外科,3,14,再診,紹介状無し,8
呼吸器外科,3,15,再診,紹介状無し,5
呼吸器外科,4,0,再診,紹介状無し,1
呼吸器外科,4,8,再診,紹介状無し,1
呼吸器外科,4,10,再診,紹介状無し,1
呼吸器外科,4,12,再診,紹介状無し,1
外来手術室,0,0,再診,紹介状無し,3
外来手術室,0,8,再診,紹介状無し,35
外来手術室,0,9,再診,紹介状無し,3
外来手術室,0,10,再診,紹介状無し,7
外来手術室,0,11,再診,紹介状無し,5
外来手術室,0,12,再診,紹介状無し,12
外来手術室,0,13,再診,紹介状無し,8
外来手術室,0,14,再診,紹介状無し,4
外来手術室,0,15,再診,紹介状無し,2
外来手術室,1,0,再診,紹介状無し,6
外来手術室,1,8,再診,紹介状無し,38
外来手術室,1,9,再診,紹介状無し,2
外来手術室,1,11,再診,紹介状無し,2
外来手術室,1,12,再診,紹介状無し,3
外来手術室,1,14,再診,紹介状無し,1
外来手術室,2,0,再診,紹介状無し,3
外来手術室,2,8,再診,紹介状無し,73
外来手術室,2,9,再診,紹介状無し,6
外来手術室,2,10,再診,紹介状無し,1
外来手術室,2,11,再診,紹介状無し,5
外来手術室,2,12,再診,紹介状無し,16
外来手術室,2,13,再診,紹介状無し,6
外来手術室,2,14,再診,紹介状無し,4
外来手術室,2,15,再診,紹介状無し,1
外来手術室,3,0,再診,紹介状無し,2
外来手術室,3,8,再診,紹介状無し,36
外来手術室,3,9,再診,紹介状無し,9
外来手術室,3,10,再診,紹介状無し,3
外来手術室,3,11,再診,紹介状無し,4
外来手術室,3,12,再診,紹介状無し,8
外来手術室,3,13,再診,紹介状無し,1
外来手術室,3,14,再診,紹介状無し,2
外来手術室,3,15,再診,紹介状無し,1
外来手術室,4,0,再診,紹介状無し,4
外来手術室,4,8,再診,紹介状無し,47
外来手術室,4,9,再診,紹介状無し,1
外来手術室,4,10,再診,紹介状無し,1
外来手術室,4,11,再診,紹介状無し,1
外来手術室,4,12,再診,紹介状無し,1
外来手術室,4,13,再診,紹介状無し,5
外来手術室,4,16,再診,紹介状無し,2
小児科,0,0,再診,紹介状無し,8
小児科,0,8,再診,紹介状無し,8
小児科,0,9,再診,紹介状無し,13
小児科,0,9,初診,紹介状あり,2
小児科,0,9,初診,紹介状無し,1
小児科,0,10,再診,紹介状無し,4
小児科,0,10,初診,紹介状あり,2
小児科,0,11,再診,紹介状無し,8
小児科,0,11,初診,紹介状あり,1
小児科,0,12,初診,紹介状あり,1
小児科,0,13,再診,紹介状無し,9
小児科,0,13,初診,紹介状あり,1
小児科,0,13,初診,紹介状無し,1
小児科,0,14,再診,紹介状無し,7
小児科,0,14,初診,紹介状あり,2
小児科,0,14,初診,紹介状無し,1
小児科,0,15,再診,紹介状無し,9
小児科,0,15,初診,紹介状無し,2
小児科,0,16,再診,紹介状無し,2
小児科,0,17,初診,紹介状無し,2
小児科,0,18,再診,紹介状無し,1
小児科,0,19,初診,紹介状無し,2
小児科,0,22,初診,紹介状無し,1
小児科,1,0,再診,紹介状無し,12
小児科,1,3,初診,紹介状無し,1
小児科,1,8,再診,紹介状無し,8
小児科,1,8,初診,紹介状あり,1
小児科,1,8,初診,紹介状無し,1
小児科,1,9,再診,紹介状無し,17
小児科,1,9,初診,紹介状あり,1
小児科,1,10,再診,紹介状無し,9
小児科,1,10,初診,紹介状あり,2
小児科,1,10,初診,紹介状無し,1
小児科,1,11,再診,紹介状無し,3
小児科,1,11,初診,紹介状あり,1
小児科,1,12,再診,紹介状無し,2
小児科,1,13,再診,紹介状無し,2
小児科,1,14,再診,紹介状無し,3
小児科,1,15,再診,紹介状無し,9
小児科,1,16,再診,紹介状無し,2
小児科,1,22,初診,紹介状無し,1
小児科,1,23,初診,紹介状無し,1
小児科,2,0,再診,紹介状無し,9
小児科,2,8,再診,紹介状無し,8
小児科,2,8,初診,紹介状あり,3
小児科,2,8,初診,紹介状無し,1
小児科,2,9,再診,紹介状無し,23
小児科,2,10,再診,紹介状無し,14
小児科,2,10,初診,紹介状あり,5
小児科,2,10,初診,紹介状無し,1
小児科,2,11,再診,紹介状無し,6
小児科,2,12,再診,紹介状無し,3
小児科,2,12,初診,紹介状あり,1
小児科,2,13,再診,紹介状無し,1
小児科,2,14,再診,紹介状無し,8
小児科,2,14,初診,紹介状無し,1
小児科,2,15,再診,紹介状無し,13
小児科,2,16,再診,紹介状無し,2
小児科,2,17,初診,紹介状あり,1
小児科,2,18,初診,紹介状あり,1
小児科,3,0,再診,紹介状無し,10
小児科,3,6,初診,紹介状無し,1
小児科,3,8,再診,紹介状無し,13
小児科,3,8,初診,紹介状あり,2
小児科,3,9,再診,紹介状無し,10
小児科,3,9,初診,紹介状あり,4
小児科,3,10,再診,紹介状無し,12
小児科,3,10,初診,紹介状あり,4
小児科,3,11,再診,紹介状無し,5
小児科,3,11,初診,紹介状あり,1
小児科,3,12,初診,紹介状あり,1
小児科,3,13,再診,紹介状無し,8
小児科,3,13,初診,紹介状あり,2
小児科,3,13,初診,紹介状無し,2
小児科,3,14,再診,紹介状無し,8
小児科,3,15,再診,紹介状無し,3
小児科,3,20,初診,紹介状無し,1
小児科,4,0,再診,紹介状無し,4
小児科,4,0,初診,紹介状無し,1
小児科,4,5,初診,紹介状無し,1
小児科,4,8,再診,紹介状無し,8
小児科,4,8,初診,紹介状あり,3
小児科,4,9,再診,紹介状無し,14
小児科,4,9,初診,紹介状あり,1
小児科,4,10,再診,紹介状無し,12
小児科,4,10,初診,紹介状あり,3
小児科,4,11,再診,紹介状無し,8
小児科,4,11,初診,紹介状あり,2
小児科,4,11,初診,紹介状無し,2
小児科,4,13,再診,紹介状無し,3
小児科,4,13,初診,紹介状無し,1
小児科,4,14,再診,紹介状無し,6
小児科,4,15,再診,紹介状無し,12
小児科,4,15,初診,紹介状無し,1
小児科,4,16,再診,紹介状あり,1
小児科,4,16,再診,紹介状無し,3
小児科,4,20,初診,紹介状無し,1
小児科,5,0,初診,紹介状無し,1
小児科,5,12,初診,紹介状あり,2
小児科,5,13,再診,紹介状あり,1
小児科,5,13,初診,紹介状無し,1
小児科,5,17,再診,紹介状あり,1
小児科,5,17,再診,紹介状無し,1
小児科,5,19,初診,紹介状無し,1
小児科,6,1,初診,紹介状無し,1
小児科,6,10,初診,紹介状無し,1
小児科,6,14,初診,紹介状無し,1
小児科,6,19,初診,紹介状無し,1
小児科,6,20,初診,紹介状無し,2
小児科,6,21,初診,紹介状無し,1
小児科,6,23,初診,紹介状無し,1
形成外科,0,0,再診,紹介状無し,3
形成外科,0,8,再診,紹介状無し,19
形成外科,0,9,再診,紹介状無し,30
形成外科,0,9,初診,紹介状あり,1
形成外科,0,10,再診,紹介状無し,18
形成外科,0,10,初診,紹介状あり,1
形成外科,0,11,再診,紹介状無し,8
形成外科,0,12,再診,紹介状無し,2
形成外科,0,13,再診,紹介状無し,5
形成外科,0,14,再診,紹介状無し,6
形成外科,0,15,再診,紹介状無し,1
形成外科,0,19,初診,紹介状無し,1
形成外科,1,0,再診,紹介状無し,9
形成外科,1,0,初診,紹介状あり,1
形成外科,1,7,再診,紹介状無し,1
形成外科,1,8,再診,紹介状無し,15
形成外科,1,9,再診,紹介状無し,25
形成外科,1,9,初診,紹介状あり,2
形成外科,1,10,再診,紹介状無し,22
形成外科,1,10,初診,紹介状あり,1
形成外科,1,11,再診,紹介状無し,5
形成外科,1,12,再診,紹介状無し,5
形成外科,1,12,初診,紹介状あり,1
形成外科,1,12,初診,紹介状無し,1
形成外科,1,13,再診,紹介状無し,4
形成外科,1,14,再診,紹介状無し,5
形成外科,1,15,再診,紹介状無し,1
形成外科,1,18,再診,紹介状無し,1
形成外科,2,0,再診,紹介状無し,3
形成外科,2,8,再診,紹介状無し,12
形成外科,2,9,再診,紹介状無し,3
形成外科,2,14,再診,紹介状無し,1
形成外科,2,15,再診,紹介状無し,1
形成外科,3,0,再診,紹介状無し,7
形成外科,3,8,再診,紹介状無し,8
形成外科,3,9,再診,紹介状無し,14
形成外科,3,9,初診,紹介状あり,4
形成外科,3,10,再診,紹介状無し,14
形成外科,3,10,初診,紹介状あり,1
形成外科,3,11,再診,紹介状無し,6
形成外科,3,12,再診,紹介状無し,4
形成外科,3,13,再診,紹介状無し,11
形成外科,3,14,再診,紹介状無し,6
形成外科,3,15,再診,紹介状無し,1
形成外科,4,0,再診,紹介状無し,3
形成外科,4,8,再診,紹介状無し,19
形成外科,4,8,初診,紹介状あり,1
形成外科,4,8,初診,紹介状無し,1
形成外科,4,9,再診,紹介状無し,24
形成外科,4,9,初診,紹介状あり,3
形成外科,4,10,再診,紹介状無し,21
形成外科,4,10,初診,紹介状無し,1
形成外科,4,11,再診,紹介状無し,4
形成外科,4,12,再診,紹介状無し,4
形成外科,4,15,再診,紹介状無し,1
形成外科,4,16,再診,紹介状無し,1
形成外科,4,17,再診,紹介状無し,2
形成外科,5,9,再診,紹介状無し,1
形成外科,5,13,再診,紹介状無し,1
循環器内科,0,0,再診,紹介状無し,4
循環器内科,0,8,再診,紹介状無し,68
循環器内科,0,8,初診,紹介状あり,6
循環器内科,0,9,再診,紹介状無し,51
循環器内科,0,9,初診,紹介状あり,8
循環器内科,0,10,再診,紹介状あり,1
循環器内科,0,10,再診,紹介状無し,29
循環器内科,0,10,初診,紹介状あり,7
循環器内科,0,11,再診,紹介状無し,7
循環器内科,0,11,初診,紹介状あり,4
循環器内科,0,12,再診,紹介状無し,13
循環器内科,0,12,初診,紹介状あり,1
循環器内科,0,13,再診,紹介状無し,17
循環器内科,0,14,再診,紹介状無し,14
循環器内科,0,15,再診,紹介状無し,8
循環器内科,0,15,初診,紹介状あり,1
循環器内科,0,16,再診,紹介状無し,5
循環器内科,0,20,初診,紹介状無し,1
循環器内科,1,0,再診,紹介状無し,5
循環器内科,1,1,再診,紹介状無し,1
循環器内科,1,2,再診,紹介状無し,1
循環器内科,1,3,再診,紹介状無し,1
循環器内科,1,5,初診,紹介状無し,1
循環器内科,1,8,再診,紹介状無し,40
循環器内科,1,8,初診,紹介状あり,3
循環器内科,1,9,再診,紹介状無し,29
循環器内科,1,9,初診,紹介状あり,9
循環器内科,1,10,再診,紹介状あり,1
循環器内科,1,10,再診,紹介状無し,14
循環器内科,1,10,初診,紹介状あり,5
循環器内科,1,11,再診,紹介状無し,9
循環器内科,1,11,初診,紹介状あり,1
循環器内科,1,12,再診,紹介状無し,14
循環器内科,1,13,再診,紹介状あり,1
循環器内科,1,13,再診,紹介状無し,21
循環器内科,1,13,初診,紹介状無し,1
循環器内科,1,14,再診,紹介状無し,11
循環器内科,1,15,再診,紹介状無し,8
循環器内科,1,16,再診,紹介状無し,3
循環器内科,1,18,再診,紹介状無し,2
循環器内科,1,18,初診,紹介状あり,1
循環器内科,2,0,再診,紹介状無し,13
循環器内科,2,7,再診,紹介状無し,2
循環器内科,2,8,再診,紹介状無し,95
循環器内科,2,8,初診,紹介状あり,11
循環器内科,2,8,初診,紹介状無し,1
循環器内科,2,9,再診,紹介状無し,80
循環器内科,2,9,初診,紹介状あり,18
循環器内科,2,10,再診,紹介状無し,45
循環器内科,2,10,初診,紹介状あり,2
循環器内科,2,11,再診,紹介状無し,20
循環器内科,2,12,再診,紹介状無し,8
循環器内科,2,12,初診,紹介状あり,1
循環器内科,2,13,再診,紹介状あり,1
循環器内科,2,13,再診,紹介状無し,11
循環器内科,2,13,初診,紹介状あり,1
循環器内科,2,14,再診,紹介状無し,9
循環器内科,2,14,初診,紹介状あり,1
循環器内科,2,15,再診,紹介状無し,1
循環器内科,2,17,再診,紹介状無し,1
循環器内科,2,19,再診,紹介状あり,1
循環器内科,2,19,初診,紹介状無し,1
循環器内科,2,20,再診,紹介状無し,1
循環器内科,3,0,再診,紹介状無し,9
循環器内科,3,3,再診,紹介状無し,1
循環器内科,3,7,再診,紹介状無し,1
循環器内科,3,8,再診,紹介状無し,39
循環器内科,3,8,初診,紹介状あり,4
循環器内科,3,9,再診,紹介状無し,20
循環器内科,3,9,初診,紹介状あり,2
循環器内科,3,10,再診,紹介状無し,18
循環器内科,3,10,初診,紹介状あり,1
循環器内科,3,11,再診,紹介状無し,13
循環器内科,3,12,再診,紹介状無し,24
循環器内科,3,12,初診,紹介状無し,1
循環器内科,3,13,再診,紹介状無し,45
循環器内科,3,14,再診,紹介状無し,38
循環器内科,3,14,初診,紹介状あり,1
循環器内科,3,15,再診,紹介状無し,15
循環器内科,3,16,再診,紹介状あり,1
循環器内科,3,16,再診,紹介状無し,1
循環器内科,3,17,再診,紹介状無し,2
循環器内科,3,17,初診,紹介状あり,1
循環器内科,3,18,再診,紹介状無し,2
循環器内科,3,18,初診,紹介状あり,1
循環器内科,3,19,再診,紹介状無し,2
循環器内科,4,0,再診,紹介状無し,6
循環器内科,4,8,再診,紹介状無し,77
循環器内科,4,9,再診,紹介状無し,40
循環器内科,4,9,初診,紹介状あり,3
循環器内科,4,9,初診,紹介状無し,2
循環器内科,4,10,再診,紹介状無し,35
循環器内科,4,10,初診,紹介状あり,2
循環器内科,4,10,初診,紹介状無し,1
循環器内科,4,11,再診,紹介状無し,6
循環器内科,4,12,再診,紹介状無し,26
循環器内科,4,12,初診,紹介状あり,2
循環器内科,4,13,再診,紹介状無し,20
循環器内科,4,13,初診,紹介状あり,3
循環器内科,4,14,再診,紹介状無し,11
循環器内科,4,14,初診,紹介状無し,1
循環器内科,4,15,再診,紹介状無し,5
循環器内科,4,16,再診,紹介状無し,1
循環器内科,4,16,初診,紹介状あり,1
循環器内科,4,17,再診,紹介状無し,3
循環器内科,4,18,再診,紹介状無し,1
循環器内科,4,18,初診,紹介状あり,1
循環器内科,4,19,初診,紹介状あり,1
循環器内科,4,20,再診,紹介状無し,3
循環器内科,5,11,初診,紹介状無し,1
循環器内科,5,14,再診,紹介状無し,1
循環器内科,5,16,再診,紹介状無し,1
循環器内科,5,20,再診,紹介状無し,1
循環器内科,5,22,初診,紹介状無し,1
循環器内科,6,7,初診,紹介状無し,1
循環器内科,6,8,再診,紹介状無し,1
循環器内科,6,9,再診,紹介状無し,1
循環器内科,6,9,初診,紹介状無し,1
循環器内科,6,10,初診,紹介状無し,1
循環器内科,6,15,初診,紹介状無し,1
循環器内科,6,18,初診,紹介状無し,1
心臓血管外科,0,8,再診,紹介状無し,1
心臓血管外科,0,12,再診,紹介状無し,1
心臓血管外科,1,8,再診,紹介状無し,3
心臓血管外科,1,9,再診,紹介状無し,7
心臓血管外科,1,9,初診,紹介状あり,1
心臓血管外科,1,10,再診,紹介状無し,9
心臓血管外科,1,10,初診,紹介状あり,1
心臓血管外科,1,11,再診,紹介状無し,1
心臓血管外科,1,12,再診,紹介状無し,4
心臓血管外科,1,13,再診,紹介状無し,2
心臓血管外科,2,0,再診,紹介状無し,1
心臓血管外科,3,0,再診,紹介状無し,1
心臓血管外科,3,16,再診,紹介状無し,1
心臓血管外科,4,8,再診,紹介状無し,7
心臓血管外科,4,9,再診,紹介状無し,24
心臓血管外科,4,10,再診,紹介状無し,9
心臓血管外科,4,11,再診,紹介状無し,3
心臓血管外科,4,12,再診,紹介状無し,8
心臓血管外科,4,12,初診,紹介状無し,1
心臓血管外科,4,13,再診,紹介状無し,2
心臓血管外科,4,14,再診,紹介状無し,2
心臓血管外科,5,16,初診,紹介状あり,1
感染症,0,0,再診,紹介状無し,1
感染症,0,9,再診,紹介状無し,1
感染症,0,15,再診,紹介状無し,1
感染症,0,16,再診,紹介状無し,1
感染症,1,0,再診,紹介状無し,2
感染症,1,3,再診,紹介状無し,1
感染症,1,9,再診,紹介状無し,1
感染症,1,10,再診,紹介状無し,3
感染症,1,13,再診,紹介状無し,1
感染症,2,10,再診,紹介状無し,1
感染症,2,12,再診,紹介状無し,1
感染症,2,16,再診,紹介状無し,1
感染症,3,0,再診,紹介状無し,1
感染症,3,9,再診,紹介状無し,1
感染症,4,9,再診,紹介状無し,2
感染症,4,11,再診,紹介状無し,1
感染症,4,13,再診,紹介状無し,1
感染症,4,15,再診,紹介状無し,1
感染症,4,16,再診,紹介状無し,1
放射線治療科,0,0,再診,紹介状無し,4
放射線治療科,0,8,再診,紹介状無し,39
放射線治療科,0,9,再診,紹介状無し,27
放射線治療科,0,9,初診,紹介状あり,1
放射線治療科,0,10,再診,紹介状無し,27
放射線治療科,0,10,初診,紹介状あり,1
放射線治療科,0,11,再診,紹介状無し,12
放射線治療科,0,12,再診,紹介状無し,10
放射線治療科,0,13,再診,紹介状無し,19
放射線治療科,0,14,再診,紹介状無し,11
放射線治療科,0,15,再診,紹介状無し,4
放射線治療科,0,16,再診,紹介状無し,1
放射線治療科,0,17,再診,紹介状無し,1
放射線治療科,1,0,再診,紹介状無し,5
放射線治療科,1,8,再診,紹介状無し,49
放射線治療科,1,9,再診,紹介状無し,29
放射線治療科,1,10,再診,紹介状無し,18
放射線治療科,1,11,再診,紹介状無し,6
放射線治療科,1,12,再診,紹介状無し,9
放射線治療科,1,13,再診,紹介状無し,4
放射線治療科,1,14,再診,紹介状無し,11
放射線治療科,1,15,再診,紹介状無し,6
放射線治療科,1,16,再診,紹介状無し,1
放射線治療科,1,17,再診,紹介状無し,1
放射線治療科,2,0,再診,紹介状無し,4
放射線治療科,2,7,再診,紹介状無し,1
放射線治療科,2,8,再診,紹介状無し,56
放射線治療科,2,9,再診,紹介状無し,36
放射線治療科,2,10,再診,紹介状無し,19
放射線治療科,2,11,再診,紹介状無し,24
放射線治療科,2,12,再診,紹介状無し,23
放射線治療科,2,13,再診,紹介状無し,23
放射線治療科,2,13,初診,紹介状あり,3
放射線治療科,2,14,再診,紹介状無し,15
放射線治療科,2,15,再診,紹介状無し,6
放射線治療科,3,0,再診,紹介状無し,1
放射線治療科,3,8,再診,紹介状無し,20
放射線治療科,3,8,初診,紹介状あり,1
放射線治療科,3,9,再診,紹介状無し,22
放射線治療科,3,9,初診,紹介状あり,1
放射線治療科,3,9,初診,紹介状無し,1
放射線治療科,3,10,再診,紹介状無し,15
放射線治療科,3,10,初診,紹介状あり,1
放射線治療科,3,11,再診,紹介状無し,5
放射線治療科,3,12,再診,紹介状無し,8
放射線治療科,3,13,再診,紹介状無し,8
放射線治療科,3,14,再診,紹介状無し,4
放射線治療科,3,15,再診,紹介状無し,2
放射線治療科,3,16,再診,紹介状無し,4
放射線治療科,3,17,再診,紹介状無し,1
放射線治療科,4,0,再診,紹介状無し,6
放射線治療科,4,8,再診,紹介状無し,38
放射線治療科,4,9,再診,紹介状無し,33
放射線治療科,4,10,再診,紹介状無し,21
放射線治療科,4,11,再診,紹介状無し,8
放射線治療科,4,12,再診,紹介状無し,11
放射線治療科,4,13,再診,紹介状無し,12
放射線治療科,4,14,再診,紹介状無し,10
放射線治療科,4,15,再診,紹介状無し,7
放射線治療科,4,16,再診,紹介状無し,3
放射線治療科,4,17,再診,紹介状無し,1
放射線診断科,2,9,再診,紹介状無し,1
放射線診断科,2,10,再診,紹介状無し,1
救急科,0,0,初診,紹介状無し,1
救急科,0,3,初診,紹介状無し,1
救急科,0,8,初診,紹介状無し,2
救急科,0,9,再診,紹介状あり,1
救急科,0,9,再診,紹介状無し,4
救急科,0,9,初診,紹介状無し,4
救急科,0,10,再診,紹介状無し,1
救急科,0,10,初診,紹介状無し,1
救急科,0,11,再診,紹介状無し,2
救急科,0,12,初診,紹介状無し,1
救急科,0,13,再診,紹介状無し,2
救急科,0,13,初診,紹介状無し,3
救急科,0,14,初診,紹介状無し,2
救急科,0,15,初診,紹介状無し,4
救急科,0,16,再診,紹介状無し,1
救急科,0,16,初診,紹介状無し,2
救急科,0,17,再診,紹介状無し,1
救急科,0,17,初診,紹介状無し,1
救急科,0,19,初診,紹介状無し,1
救急科,0,20,初診,紹介状無し,1
救急科,0,21,初診,紹介状無し,1
救急科,0,22,初診,紹介状無し,1
救急科,0,23,再診,紹介状無し,1
救急科,1,2,初診,紹介状無し,1
救急科,1,8,再診,紹介状無し,1
救急科,1,8,初診,紹介状無し,1
救急科,1,9,再診,紹介状無し,2
救急科,1,9,初診,紹介状無し,2
救急科,1,10,再診,紹介状無し,1
救急科,1,10,初診,紹介状あり,1
救急科,1,10,初診,紹介状無し,2
救急科,1,11,初診,紹介状無し,1
救急科,1,12,再診,紹介状無し,1
救急科,1,12,初診,紹介状無し,2
救急科,1,13,初診,紹介状あり,1
救急科,1,14,初診,紹介状無し,1
救急科,1,15,再診,紹介状無し,1
救急科,1,15,初診,紹介状あり,1
救急科,1,15,初診,紹介状無し,2
救急科,1,16,初診,紹介状無し,1
救急科,1,20,初診,紹介状無し,1
救急科,1,21,初診,紹介状無し,1
救急科,2,2,初診,紹介状無し,1
救急科,2,3,初診,紹介状無し,1
救急科,2,6,初診,紹介状無し,2
救急科,2,8,初診,紹介状無し,1
救急科,2,9,再診,紹介状無し,3
救急科,2,9,初診,紹介状無し,4
救急科,2,10,再診,紹介状無し,2
救急科,2,10,初診,紹介状無し,2
救急科,2,11,再診,紹介状無し,3
救急科,2,12,初診,紹介状あり,1
救急科,2,12,初診,紹介状無し,5
救急科,2,13,再診,紹介状無し,1
救急科,2,13,初診,紹介状無し,4
救急科,2,14,初診,紹介状無し,3
救急科,2,15,再診,紹介状あり,1
救急科,2,15,再診,紹介状無し,4
救急科,2,15,初診,紹介状無し,1
救急科,2,16,再診,紹介状無し,3
救急科,2,16,初診,紹介状無し,2
救急科,2,17,再診,紹介状無し,2
救急科,2,17,初診,紹介状無し,2
救急科,2,20,初診,紹介状無し,2
救急科,2,21,初診,紹介状無し,2
救急科,2,23,初診,紹介状無し,2
救急科,3,3,初診,紹介状無し,1
救急科,3,7,初診,紹介状無し,1
救急科,3,9,再診,紹介状無し,1
救急科,3,9,初診,紹介状あり,1
救急科,3,9,初診,紹介状無し,4
救急科,3,10,再診,紹介状無し,2
救急科,3,11,初診,紹介状あり,1
救急科,3,11,初診,紹介状無し,1
救急科,3,12,初診,紹介状無し,1
救急科,3,13,再診,紹介状無し,2
救急科,3,13,初診,紹介状無し,1
救急科,3,14,再診,紹介状無し,1
救急科,3,14,初診,紹介状無し,3
救急科,3,15,再診,紹介状無し,1
救急科,3,15,初診,紹介状無し,3
救急科,3,16,再診,紹介状無し,1
救急科,3,16,初診,紹介状無し,3
救急科,3,17,初診,紹介状無し,1
救急科,3,19,初診,紹介状無し,2
救急科,3,20,初診,紹介状無し,1
救急科,3,23,初診,紹介状無し,1
救急科,4,0,再診,紹介状無し,1
救急科,4,0,初診,紹介状無し,1
救急科,4,4,初診,紹介状無し,1
救急科,4,6,初診,紹介状無し,1
救急科,4,9,再診,紹介状無し,1
救急科,4,9,初診,紹介状無し,2
救急科,4,10,再診,紹介状無し,2
救急科,4,10,初診,紹介状無し,1
救急科,4,11,再診,紹介状無し,3
救急科,4,11,初診,紹介状無し,4
救急科,4,12,再診,紹介状無し,1
救急科,4,12,初診,紹介状無し,4
救急科,4,13,初診,紹介状無し,1
救急科,4,14,再診,紹介状無し,2
救急科,4,14,初診,紹介状あり,1
救急科,4,14,初診,紹介状無し,1
救急科,4,15,再診,紹介状無し,1
救急科,4,15,初診,紹介状あり,1
救急科,4,15,初診,紹介状無し,3
救急科,4,16,再診,紹介状無し,1
救急科,4,16,初診,紹介状無し,2
救急科,4,17,再診,紹介状無し,1
救急科,4,18,再診,紹介状無し,1
救急科,4,21,再診,紹介状無し,1
救急科,4,21,初診,紹介状無し,1
救急科,4,22,初診,紹介状無し,1
救急科,4,23,初診,紹介状無し,2
救急科,5,0,再診,紹介状無し,1
救急科,5,3,初診,紹介状無し,2
救急科,5,4,初診,紹介状無し,1
救急科,5,9,再診,紹介状無し,1
救急科,5,9,初診,紹介状無し,2
救急科,5,10,再診,紹介状無し,5
救急科,5,10,初診,紹介状無し,3
救急科,5,11,再診,紹介状無し,1
救急科,5,11,初診,紹介状無し,1
救急科,5,12,再診,紹介状無し,2
救急科,5,13,初診,紹介状無し,2
救急科,5,15,再診,紹介状無し,4
救急科,5,15,初診,紹介状無し,3
救急科,5,16,再診,紹介状無し,1
救急科,5,16,初診,紹介状無し,2
救急科,5,17,再診,紹介状無し,1
救急科,5,17,初診,紹介状無し,1
救急科,5,18,初診,紹介状無し,1
救急科,5,21,初診,紹介状無し,1
救急科,5,22,初診,紹介状無し,1
救急科,6,6,初診,紹介状無し,1
救急科,6,9,再診,紹介状無し,3
救急科,6,9,初診,紹介状無し,1
救急科,6,10,再診,紹介状無し,1
救急科,6,12,初診,紹介状無し,3
救急科,6,13,再診,紹介状無し,1
救急科,6,13,初診,紹介状無し,1
救急科,6,14,再診,紹介状無し,3
救急科,6,14,初診,紹介状無し,2
救急科,6,15,初診,紹介状無し,4
救急科,6,16,再診,紹介状無し,1
救急科,6,18,初診,紹介状無し,1
救急科,6,19,初診,紹介状無し,1
救急科,6,23,初診,紹介状無し,1
整形外科,0,0,再診,紹介状無し,16
整形外科,0,0,初診,紹介状あり,1
整形外科,0,7,再診,紹介状無し,1
整形外科,0,8,再診,紹介状無し,42
整形外科,0,8,初診,紹介状あり,4
整形外科,0,9,再診,紹介状無し,58
整形外科,0,9,初診,紹介状あり,10
整形外科,0,9,初診,紹介状無し,1
整形外科,0,10,再診,紹介状あり,1
整形外科,0,10,再診,紹介状無し,39
整形外科,0,10,初診,紹介状あり,6
整形外科,0,10,初診,紹介状無し,1
整形外科,0,11,再診,紹介状あり,1
整形外科,0,11,再診,紹介状無し,10
整形外科,0,11,初診,紹介状あり,6
整形外科,0,12,再診,紹介状無し,14
整形外科,0,12,初診,紹介状あり,3
整形外科,0,13,再診,紹介状無し,9
整形外科,0,13,初診,紹介状あり,1
整形外科,0,14,再診,紹介状無し,13
整形外科,0,15,再診,紹介状無し,5
整形外科,0,15,初診,紹介状あり,1
整形外科,0,17,再診,紹介状無し,1
整形外科,1,0,再診,紹介状無し,20
整形外科,1,0,初診,紹介状あり,1
整形外科,1,7,再診,紹介状無し,1
整形外科,1,8,再診,紹介状無し,77
整形外科,1,8,初診,紹介状あり,9
整形外科,1,8,初診,紹介状無し,1
整形外科,1,9,再診,紹介状無し,64
整形外科,1,9,初診,紹介状あり,10
整形外科,1,9,初診,紹介状無し,2
整形外科,1,10,再診,紹介状無し,53
整形外科,1,10,初診,紹介状あり,6
整形外科,1,11,再診,紹介状あり,1
整形外科,1,11,再診,紹介状無し,56
整形外科,1,11,初診,紹介状あり,3
整形外科,1,12,再診,紹介状無し,19
整形外科,1,12,初診,紹介状あり,2
整形外科,1,13,再診,紹介状無し,8
整形外科,1,13,初診,紹介状あり,1
整形外科,1,14,再診,紹介状無し,1
整形外科,1,15,再診,紹介状無し,4
整形外科,1,16,再診,紹介状無し,2
整形外科,1,16,初診,紹介状あり,1
整形外科,1,17,再診,紹介状無し,1
整形外科,1,19,再診,紹介状無し,1
整形外科,1,20,再診,紹介状無し,1
整形外科,1,20,初診,紹介状無し,1
整形外科,1,21,初診,紹介状無し,1
整形外科,1,23,再診,紹介状無し,1
整形外科,2,0,再診,紹介状無し,23
整形外科,2,7,再診,紹介状無し,1
整形外科,2,8,再診,紹介状無し,60
整形外科,2,8,初診,紹介状あり,11
整形外科,2,9,再診,紹介状無し,60
整形外科,2,9,初診,紹介状あり,10
整形外科,2,9,初診,紹介状無し,1
整形外科,2,10,再診,紹介状あり,2
整形外科,2,10,再診,紹介状無し,35
整形外科,2,10,初診,紹介状あり,13
整形外科,2,10,初診,紹介状無し,2
整形外科,2,11,再診,紹介状無し,21
整形外科,2,11,初診,紹介状あり,3
整形外科,2,12,再診,紹介状無し,18
整形外科,2,12,初診,紹介状あり,2
整形外科,2,13,再診,紹介状無し,29
整形外科,2,13,初診,紹介状あり,1
整形外科,2,14,再診,紹介状無し,10
整形外科,2,16,初診,紹介状無し,1
整形外科,2,17,再診,紹介状無し,1
整形外科,3,0,再診,紹介状無し,8
整形外科,3,8,再診,紹介状無し,44
整形外科,3,8,初診,紹介状あり,6
整形外科,3,9,再診,紹介状無し,56
整形外科,3,9,初診,紹介状あり,11
整形外科,3,10,再診,紹介状あり,1
整形外科,3,10,再診,紹介状無し,40
整形外科,3,10,初診,紹介状あり,6
整形外科,3,11,再診,紹介状無し,17
整形外科,3,12,再診,紹介状無し,14
整形外科,3,12,初診,紹介状あり,2
整形外科,3,13,再診,紹介状無し,22
整形外科,3,13,初診,紹介状あり,1
整形外科,3,14,再診,紹介状無し,10
整形外科,3,15,再診,紹介状無し,5
整形外科,3,15,初診,紹介状あり,1
整形外科,3,16,再診,紹介状無し,3
整形外科,3,17,再診,紹介状無し,2
整形外科,3,17,初診,紹介状あり,1
整形外科,4,0,再診,紹介状無し,19
整形外科,4,8,再診,紹介状無し,48
整形外科,4,8,初診,紹介状あり,5
整形外科,4,9,再診,紹介状無し,44
整形外科,4,9,初診,紹介状あり,9
整形外科,4,10,再診,紹介状無し,25
整形外科,4,10,初診,紹介状あり,7
整形外科,4,11,再診,紹介状無し,16
整形外科,4,12,再診,紹介状無し,6
整形外科,4,12,初診,紹介状あり,1
整形外科,4,13,再診,紹介状無し,14
整形外科,4,14,再診,紹介状あり,1
整形外科,4,14,再診,紹介状無し,17
整形外科,4,15,再診,紹介状無し,9
整形外科,4,16,再診,紹介状無し,15
整形外科,4,17,再診,紹介状無し,8
整形外科,4,18,再診,紹介状無し,8
整形外科,4,23,初診,紹介状無し,1
整形外科,5,0,初診,紹介状無し,1
整形外科,5,18,再診,紹介状無し,1
整形外科,5,18,初診,紹介状あり,1
整形外科,5,19,再診,紹介状無し,1
整形外科,6,10,初診,紹介状無し,1
歯科口腔外科,0,0,再診,紹介状無し,4
歯科口腔外科,0,0,初診,紹介状あり,2
歯科口腔外科,0,6,再診,紹介状無し,1
歯科口腔外科,0,8,再診,紹介状無し,28
歯科口腔外科,0,8,初診,紹介状あり,1
歯科口腔外科,0,8,初診,紹介状無し,4
歯科口腔外科,0,9,再診,紹介状無し,21
歯科口腔外科,0,9,初診,紹介状あり,9
歯科口腔外科,0,9,初診,紹介状無し,2
歯科口腔外科,0,10,再診,紹介状無し,24
歯科口腔外科,0,10,初診,紹介状あり,6
歯科口腔外科,0,10,初診,紹介状無し,1
歯科口腔外科,0,11,再診,紹介状無し,16
歯科口腔外科,0,11,初診,紹介状あり,1
歯科口腔外科,0,12,再診,紹介状無し,6
歯科口腔外科,0,13,再診,紹介状無し,14
歯科口腔外科,0,14,再診,紹介状無し,8
歯科口腔外科,0,15,再診,紹介状無し,14
歯科口腔外科,0,16,再診,紹介状無し,2
歯科口腔外科,0,19,再診,紹介状無し,1
歯科口腔外科,1,0,再診,紹介状無し,6
歯科口腔外科,1,8,再診,紹介状無し,30
歯科口腔外科,1,8,初診,紹介状あり,6
歯科口腔外科,1,8,初診,紹介状無し,2
歯科口腔外科,1,9,再診,紹介状無し,27
歯科口腔外科,1,9,初診,紹介状あり,8
歯科口腔外科,1,9,初診,紹介状無し,1
歯科口腔外科,1,10,再診,紹介状無し,22
歯科口腔外科,1,10,初診,紹介状あり,8
歯科口腔外科,1,10,初診,紹介状無し,4
歯科口腔外科,1,11,再診,紹介状無し,20
歯科口腔外科,1,11,初診,紹介状あり,1
歯科口腔外科,1,12,再診,紹介状無し,7
歯科口腔外科,1,13,再診,紹介状無し,13
歯科口腔外科,1,13,初診,紹介状無し,1
歯科口腔外科,1,14,再診,紹介状無し,14
歯科口腔外科,1,15,再診,紹介状無し,10
歯科口腔外科,1,16,再診,紹介状無し,4
歯科口腔外科,1,17,再診,紹介状無し,1
歯科口腔外科,2,0,再診,紹介状無し,1
歯科口腔外科,2,0,初診,紹介状あり,2
歯科口腔外科,2,8,再診,紹介状無し,10
歯科口腔外科,2,8,初診,紹介状あり,7
歯科口腔外科,2,8,初診,紹介状無し,5
歯科口腔外科,2,9,再診,紹介状無し,11
歯科口腔外科,2,9,初診,紹介状あり,12
歯科口腔外科,2,9,初診,紹介状無し,5
歯科口腔外科,2,10,再診,紹介状あり,1
歯科口腔外科,2,10,再診,紹介状無し,4
歯科口腔外科,2,10,初診,紹介状あり,4
歯科口腔外科,2,10,初診,紹介状無し,3
歯科口腔外科,2,11,再診,紹介状無し,4
歯科口腔外科,2,11,初診,紹介状無し,2
歯科口腔外科,2,12,再診,紹介状無し,3
歯科口腔外科,2,13,再診,紹介状無し,7
歯科口腔外科,2,13,初診,紹介状あり,1
歯科口腔外科,2,14,再診,紹介状無し,8
歯科口腔外科,2,14,初診,紹介状あり,1
歯科口腔外科,2,15,再診,紹介状無し,10
歯科口腔外科,2,16,再診,紹介状無し,5
歯科口腔外科,2,16,初診,紹介状あり,1
歯科口腔外科,2,17,再診,紹介状無し,1
歯科口腔外科,3,0,再診,紹介状無し,9
歯科口腔外科,3,0,初診,紹介状あり,1
歯科口腔外科,3,8,再診,紹介状無し,23
歯科口腔外科,3,8,初診,紹介状あり,3
歯科口腔外科,3,8,初診,紹介状無し,5
歯科口腔外科,3,9,再診,紹介状無し,30
歯科口腔外科,3,9,初診,紹介状あり,15
歯科口腔外科,3,9,初診,紹介状無し,2
歯科口腔外科,3,10,再診,紹介状無し,15
歯科口腔外科,3,10,初診,紹介状あり,7
歯科口腔外科,3,10,初診,紹介状無し,1
歯科口腔外科,3,11,再診,紹介状無し,16
歯科口腔外科,3,11,初診,紹介状あり,1
歯科口腔外科,3,11,初診,紹介状無し,1
歯科口腔外科,3,12,再診,紹介状無し,6
歯科口腔外科,3,13,再診,紹介状無し,15
歯科口腔外科,3,14,再診,紹介状無し,10
歯科口腔外科,3,15,再診,紹介状無し,9
歯科口腔外科,3,16,再診,紹介状無し,5
歯科口腔外科,4,0,再診,紹介状無し,2
歯科口腔外科,4,8,再診,紹介状無し,31
歯科口腔外科,4,8,初診,紹介状あり,2
歯科口腔外科,4,8,初診,紹介状無し,2
歯科口腔外科,4,9,再診,紹介状無し,15
歯科口腔外科,4,9,初診,紹介状あり,6
歯科口腔外科,4,9,初診,紹介状無し,1
歯科口腔外科,4,10,再診,紹介状無し,4
歯科口腔外科,4,10,初診,紹介状あり,6
歯科口腔外科,4,11,再診,紹介状無し,3
歯科口腔外科,4,12,再診,紹介状無し,4
歯科口腔外科,4,12,初診,紹介状無し,1
歯科口腔外科,4,13,再診,紹介状無し,3
歯科口腔外科,4,13,初診,紹介状あり,2
歯科口腔外科,4,14,再診,紹介状無し,5
歯科口腔外科,4,15,再診,紹介状無し,6
歯科口腔外科,4,16,再診,紹介状無し,3
歯科口腔外科,5,0,再診,紹介状無し,1
歯科口腔外科,5,8,再診,紹介状無し,1
歯科口腔外科,5,11,再診,紹介状無し,2
泌尿器科,0,0,再診,紹介状無し,34
泌尿器科,0,8,再診,紹介状無し,142
泌尿器科,0,8,初診,紹介状あり,1
泌尿器科,0,9,再診,紹介状無し,161
泌尿器科,0,9,初診,紹介状あり,5
泌尿器科,0,9,初診,紹介状無し,1
泌尿器科,0,10,再診,紹介状無し,80
泌尿器科,0,10,初診,紹介状あり,8
泌尿器科,0,10,初診,紹介状無し,1
泌尿器科,0,11,再診,紹介状無し,42
泌尿器科,0,11,初診,紹介状あり,1
泌尿器科,0,12,再診,紹介状無し,49
泌尿器科,0,13,再診,紹介状無し,31
泌尿器科,0,13,初診,紹介状あり,1
泌尿器科,0,14,再診,紹介状無し,22
泌尿器科,0,14,初診,紹介状無し,1
泌尿器科,0,15,再診,紹介状無し,4
泌尿器科,0,16,再診,紹介状無し,2
泌尿器科,1,0,再診,紹介状無し,28
泌尿器科,1,8,再診,紹介状無し,226
泌尿器科,1,9,再診,紹介状無し,90
泌尿器科,1,9,初診,紹介状あり,5
泌尿器科,1,9,初診,紹介状無し,2
泌尿器科,1,10,再診,紹介状無し,75
泌尿器科,1,10,初診,紹介状あり,1
泌尿器科,1,11,再診,紹介状無し,88
泌尿器科,1,11,初診,紹介状あり,4
泌尿器科,1,12,再診,紹介状無し,47
泌尿器科,1,12,初診,紹介状あり,1
泌尿器科,1,12,初診,紹介状無し,1
泌尿器科,1,13,再診,紹介状無し,45
泌尿器科,1,14,再診,紹介状無し,16
泌尿器科,1,15,再診,紹介状無し,7
泌尿器科,1,16,再診,紹介状無し,2
泌尿器科,1,21,再診,紹介状無し,1
泌尿器科,2,0,再診,紹介状無し,40
泌尿器科,2,0,初診,紹介状あり,1
泌尿器科,2,8,再診,紹介状無し,261
泌尿器科,2,8,初診,紹介状あり,2
泌尿器科,2,9,再診,紹介状無し,203
泌尿器科,2,9,初診,紹介状あり,3
泌尿器科,2,10,再診,紹介状無し,141
泌尿器科,2,10,初診,紹介状無し,1
泌尿器科,2,11,再診,紹介状無し,102
泌尿器科,2,11,初診,紹介状無し,2
泌尿器科,2,12,再診,紹介状無し,101
泌尿器科,2,12,初診,紹介状あり,3
泌尿器科,2,13,再診,紹介状無し,82
泌尿器科,2,13,初診,紹介状あり,4
泌尿器科,2,14,再診,紹介状無し,45
泌尿器科,2,15,再診,紹介状無し,11
泌尿器科,2,16,再診,紹介状無し,7
泌尿器科,2,17,再診,紹介状無し,1
泌尿器科,2,18,再診,紹介状無し,6
泌尿器科,2,19,再診,紹介状無し,5
泌尿器科,2,22,初診,紹介状無し,1
泌尿器科,3,0,再診,紹介状無し,10
泌尿器科,3,4,初診,紹介状無し,1
泌尿器科,3,7,初診,紹介状無し,1
泌尿器科,3,8,再診,紹介状無し,32
泌尿器科,3,8,初診,紹介状あり,4
泌尿器科,3,9,再診,紹介状無し,29
泌尿器科,3,9,初診,紹介状無し,2
泌尿器科,3,10,再診,紹介状無し,14
泌尿器科,3,10,初診,紹介状あり,1
泌尿器科,3,11,再診,紹介状無し,2
泌尿器科,3,12,再診,紹介状無し,3
泌尿器科,3,12,初診,紹介状あり,1
泌尿器科,3,13,再診,紹介状無し,1
泌尿器科,3,14,再診,紹介状無し,3
泌尿器科,3,17,再診,紹介状あり,1
泌尿器科,3,22,初診,紹介状無し,2
泌尿器科,4,0,再診,紹介状無し,35
泌尿器科,4,0,初診,紹介状無し,1
泌尿器科,4,4,再診,紹介状無し,1
泌尿器科,4,8,再診,紹介状無し,145
泌尿器科,4,8,初診,紹介状あり,1
泌尿器科,4,9,再診,紹介状無し,109
泌尿器科,4,9,初診,紹介状あり,1
泌尿器科,4,9,初診,紹介状無し,1
泌尿器科,4,10,再診,紹介状無し,104
泌尿器科,4,10,初診,紹介状あり,3
泌尿器科,4,10,初診,紹介状無し,3
泌尿器科,4,11,再診,紹介状無し,42
泌尿器科,4,11,初診,紹介状あり,1
泌尿器科,4,11,初診,紹介状無し,1
泌尿器科,4,12,再診,紹介状無し,66
泌尿器科,4,12,初診,紹介状あり,8
泌尿器科,4,13,再診,紹介状無し,47
泌尿器科,4,13,初診,紹介状あり,3
泌尿器科,4,14,再診,紹介状無し,32
泌尿器科,4,15,再診,紹介状無し,10
泌尿器科,4,16,再診,紹介状無し,3
泌尿器科,4,17,再診,紹介状無し,1
泌尿器科,4,19,初診,紹介状無し,1
泌尿器科,5,2,初診,紹介状無し,1
泌尿器科,5,4,初診,紹介状無し,1
消化器内科,0,0,再診,紹介状無し,16
消化器内科,0,7,再診,紹介状無し,1
消化器内科,0,8,再診,紹介状無し,54
消化器内科,0,8,初診,紹介状あり,5
消化器内科,0,9,再診,紹介状無し,60
消化器内科,0,9,初診,紹介状あり,8
消化器内科,0,10,再診,紹介状あり,1
消化器内科,0,10,再診,紹介状無し,38
消化器内科,0,10,初診,紹介状あり,1
消化器内科,0,11,再診,紹介状無し,21
消化器内科,0,11,初診,紹介状あり,1
消化器内科,0,11,初診,紹介状無し,1
消化器内科,0,12,再診,紹介状無し,23
消化器内科,0,12,初診,紹介状あり,3
消化器内科,0,13,再診,紹介状無し,32
消化器内科,0,14,再診,紹介状無し,16
消化器内科,0,15,再診,紹介状無し,2
消化器内科,0,15,初診,紹介状あり,1
消化器内科,0,16,再診,紹介状無し,2
消化器内科,0,17,再診,紹介状無し,1
消化器内科,0,17,初診,紹介状無し,2
消化器内科,1,0,再診,紹介状無し,6
消化器内科,1,3,再診,紹介状無し,1
消化器内科,1,7,再診,紹介状無し,1
消化器内科,1,8,再診,紹介状無し,29
消化器内科,1,8,初診,紹介状あり,4
消化器内科,1,9,再診,紹介状無し,35
消化器内科,1,9,初診,紹介状あり,9
消化器内科,1,9,初診,紹介状無し,1
消化器内科,1,10,再診,紹介状無し,23
消化器内科,1,10,初診,紹介状あり,2
消化器内科,1,10,初診,紹介状無し,1
消化器内科,1,11,再診,紹介状無し,11
消化器内科,1,11,初診,紹介状あり,3
消化器内科,1,12,再診,紹介状無し,19
消化器内科,1,12,初診,紹介状あり,2
消化器内科,1,13,再診,紹介状無し,16
消化器内科,1,13,初診,紹介状あり,2
消化器内科,1,14,再診,紹介状無し,17
消化器内科,1,15,再診,紹介状無し,6
消化器内科,1,15,初診,紹介状あり,1
消化器内科,2,0,再診,紹介状無し,5
消化器内科,2,0,初診,紹介状あり,1
消化器内科,2,1,再診,紹介状無し,1
消化器内科,2,8,再診,紹介状無し,73
消化器内科,2,8,初診,紹介状あり,8
消化器内科,2,9,再診,紹介状無し,55
消化器内科,2,9,初診,紹介状あり,8
消化器内科,2,9,初診,紹介状無し,2
消化器内科,2,10,再診,紹介状無し,39
消化器内科,2,10,初診,紹介状あり,5
消化器内科,2,10,初診,紹介状無し,1
消化器内科,2,11,再診,紹介状無し,15
消化器内科,2,11,初診,紹介状あり,1
消化器内科,2,12,再診,紹介状無し,16
消化器内科,2,12,初診,紹介状無し,1
消化器内科,2,13,再診,紹介状無し,26
消化器内科,2,13,初診,紹介状あり,1
消化器内科,2,14,再診,紹介状無し,21
消化器内科,2,15,再診,紹介状無し,3
消化器内科,3,0,再診,紹介状無し,6
消化器内科,3,7,再診,紹介状無し,1
消化器内科,3,8,再診,紹介状無し,37
消化器内科,3,8,初診,紹介状あり,5
消化器内科,3,9,再診,紹介状無し,38
消化器内科,3,9,初診,紹介状あり,5
消化器内科,3,9,初診,紹介状無し,4
消化器内科,3,10,再診,紹介状無し,23
消化器内科,3,10,初診,紹介状あり,2
消化器内科,3,11,再診,紹介状無し,13
消化器内科,3,11,初診,紹介状あり,1
消化器内科,3,12,再診,紹介状無し,16
消化器内科,3,13,再診,紹介状無し,22
消化器内科,3,14,再診,紹介状無し,14
消化器内科,3,15,再診,紹介状無し,1
消化器内科,3,16,再診,紹介状無し,2
消化器内科,4,0,再診,紹介状無し,11
消化器内科,4,1,再診,紹介状無し,1
消化器内科,4,8,再診,紹介状無し,45
消化器内科,4,8,初診,紹介状あり,7
消化器内科,4,9,再診,紹介状無し,43
消化器内科,4,9,初診,紹介状あり,10
消化器内科,4,9,初診,紹介状無し,1
消化器内科,4,10,再診,紹介状無し,30
消化器内科,4,10,初診,紹介状あり,5
消化器内科,4,10,初診,紹介状無し,1
消化器内科,4,11,再診,紹介状無し,18
消化器内科,4,11,初診,紹介状あり,1
消化器内科,4,12,再診,紹介状無し,20
消化器内科,4,12,初診,紹介状あり,1
消化器内科,4,13,再診,紹介状無し,21
消化器内科,4,14,再診,紹介状無し,10
消化器内科,4,15,再診,紹介状無し,5
消化器内科,4,16,再診,紹介状無し,1
消化器内科,4,17,再診,紹介状無し,1
消化器内科,5,13,再診,紹介状無し,1
消化器内科,6,14,再診,紹介状無し,2
消化器内科,6,15,再診,紹介状無し,2
産婦人科,0,0,再診,紹介状無し,24
産婦人科,0,8,再診,紹介状無し,49
産婦人科,0,8,初診,紹介状あり,1
産婦人科,0,9,再診,紹介状無し,76
産婦人科,0,9,初診,紹介状あり,9
産婦人科,0,10,再診,紹介状無し,57
産婦人科,0,10,初診,紹介状あり,2
産婦人科,0,11,再診,紹介状無し,26
産婦人科,0,12,再診,紹介状無し,23
産婦人科,0,13,再診,紹介状無し,39
産婦人科,0,14,再診,紹介状無し,14
産婦人科,0,15,再診,紹介状無し,11
産婦人科,0,16,再診,紹介状無し,3
産婦人科,0,17,再診,紹介状無し,1
産婦人科,0,22,初診,紹介状無し,1
産婦人科,1,0,再診,紹介状無し,8
産婦人科,1,1,初診,紹介状無し,1
産婦人科,1,8,再診,紹介状無し,34
産婦人科,1,8,初診,紹介状あり,1
産婦人科,1,8,初診,紹介状無し,1
産婦人科,1,9,再診,紹介状無し,39
産婦人科,1,9,初診,紹介状あり,3
産婦人科,1,10,再診,紹介状無し,26
産婦人科,1,10,初診,紹介状あり,5
産婦人科,1,10,初診,紹介状無し,1
産婦人科,1,11,再診,紹介状無し,13
産婦人科,1,11,初診,紹介状あり,2
産婦人科,1,12,再診,紹介状無し,11
産婦人科,1,12,初診,紹介状あり,1
産婦人科,1,13,再診,紹介状無し,16
産婦人科,1,14,再診,紹介状無し,7
産婦人科,1,15,再診,紹介状無し,1
産婦人科,1,18,再診,紹介状無し,1
産婦人科,2,0,再診,紹介状無し,82
産婦人科,2,0,初診,紹介状あり,1
産婦人科,2,7,再診,紹介状無し,1
産婦人科,2,8,再診,紹介状無し,82
産婦人科,2,8,初診,紹介状あり,5
産婦人科,2,9,再診,紹介状あり,1
産婦人科,2,9,再診,紹介状無し,105
産婦人科,2,9,初診,紹介状あり,9
産婦人科,2,9,初診,紹介状無し,1
産婦人科,2,10,再診,紹介状無し,71
産婦人科,2,10,初診,紹介状あり,17
産婦人科,2,11,再診,紹介状無し,48
産婦人科,2,11,初診,紹介状あり,2
産婦人科,2,12,再診,紹介状無し,35
産婦人科,2,12,初診,紹介状無し,1
産婦人科,2,13,再診,紹介状無し,41
産婦人科,2,14,再診,紹介状無し,19
産婦人科,2,15,再診,紹介状無し,8
産婦人科,2,15,初診,紹介状無し,1
産婦人科,2,17,初診,紹介状無し,1
産婦人科,2,18,再診,紹介状無し,1
産婦人科,2,19,再診,紹介状無し,2
産婦人科,3,0,再診,紹介状無し,32
産婦人科,3,0,初診,紹介状無し,1
産婦人科,3,8,再診,紹介状無し,37
産婦人科,3,8,初診,紹介状あり,3
産婦人科,3,9,再診,紹介状無し,66
産婦人科,3,9,初診,紹介状あり,5
産婦人科,3,10,再診,紹介状無し,38
産婦人科,3,10,初診,紹介状あり,7
産婦人科,3,10,初診,紹介状無し,1
産婦人科,3,11,再診,紹介状無し,42
産婦人科,3,11,初診,紹介状あり,2
産婦人科,3,11,初診,紹介状無し,1
産婦人科,3,12,再診,紹介状無し,34
産婦人科,3,13,再診,紹介状無し,27
産婦人科,3,13,初診,紹介状無し,1
産婦人科,3,14,再診,紹介状無し,12
産婦人科,3,15,再診,紹介状無し,1
産婦人科,3,15,初診,紹介状無し,1
産婦人科,3,16,再診,紹介状無し,1
産婦人科,3,17,再診,紹介状無し,1
産婦人科,3,18,再診,紹介状無し,1
産婦人科,3,20,初診,紹介状無し,1
産婦人科,4,0,再診,紹介状無し,21
産婦人科,4,2,初診,紹介状無し,1
産婦人科,4,8,再診,紹介状無し,21
産婦人科,4,8,初診,紹介状あり,2
産婦人科,4,9,再診,紹介状無し,54
産婦人科,4,9,初診,紹介状あり,7
産婦人科,4,10,再診,紹介状無し,26
産婦人科,4,10,初診,紹介状あり,5
産婦人科,4,11,再診,紹介状無し,7
産婦人科,4,11,初診,紹介状あり,3
産婦人科,4,12,再診,紹介状無し,9
産婦人科,4,13,再診,紹介状無し,18
産婦人科,4,13,初診,紹介状あり,1
産婦人科,4,14,再診,紹介状無し,8
産婦人科,4,14,初診,紹介状あり,1
産婦人科,4,15,再診,紹介状無し,3
産婦人科,4,18,再診,紹介状無し,1
産婦人科,4,18,初診,紹介状無し,1
産婦人科,4,23,初診,紹介状無し,2
産婦人科,5,18,再診,紹介状無し,1
産婦人科,5,19,再診,紹介状無し,1
産婦人科,5,23,再診,紹介状無し,1
産婦人科,6,0,再診,紹介状無し,1
産婦人科,6,1,再診,紹介状無し,1
産婦人科,6,4,再診,紹介状無し,1
産婦人科,6,12,再診,紹介状無し,1
産婦人科,6,13,再診,紹介状あり,1
産婦人科,6,14,再診,紹介状無し,2
産婦人科,6,14,初診,紹介状無し,1
産婦人科,6,15,初診,紹介状無し,1
産婦人科,6,17,初診,紹介状無し,1
産婦人科,6,18,初診,紹介状無し,1
産婦人科,6,19,初診,紹介状無し,1
産婦人科,6,23,初診,紹介状無し,1
皮膚・排泄ケア,0,0,再診,紹介状無し,10
皮膚・排泄ケア,0,7,再診,紹介状無し,2
皮膚・排泄ケア,1,0,再診,紹介状無し,7
皮膚・排泄ケア,2,0,再診,紹介状無し,10
皮膚・排泄ケア,2,9,再診,紹介状無し,1
皮膚・排泄ケア,3,0,再診,紹介状無し,3
皮膚・排泄ケア,4,0,再診,紹介状無し,10
皮膚・排泄ケア,4,11,再診,紹介状無し,1
皮膚科,0,0,再診,紹介状無し,11
皮膚科,0,8,再診,紹介状無し,35
皮膚科,0,8,初診,紹介状あり,2
皮膚科,0,8,初診,紹介状無し,1
皮膚科,0,9,再診,紹介状無し,42
皮膚科,0,9,初診,紹介状あり,6
皮膚科,0,9,初診,紹介状無し,1
皮膚科,0,10,再診,紹介状無し,26
皮膚科,0,10,初診,紹介状あり,3
皮膚科,0,10,初診,紹介状無し,1
皮膚科,0,11,再診,紹介状無し,4
皮膚科,0,11,初診,紹介状あり,1
皮膚科,0,11,初診,紹介状無し,1
皮膚科,0,12,再診,紹介状無し,8
皮膚科,0,13,再診,紹介状無し,4
皮膚科,0,14,再診,紹介状無し,3
皮膚科,0,15,再診,紹介状無し,1
皮膚科,0,17,再診,紹介状無し,1
皮膚科,1,0,再診,紹介状無し,6
皮膚科,1,8,再診,紹介状無し,48
皮膚科,1,8,初診,紹介状あり,1
皮膚科,1,8,初診,紹介状無し,1
皮膚科,1,9,再診,紹介状無し,41
皮膚科,1,9,初診,紹介状あり,5
皮膚科,1,10,再診,紹介状無し,35
皮膚科,1,10,初診,紹介状あり,2
皮膚科,1,10,初診,紹介状無し,1
皮膚科,1,11,再診,紹介状無し,13
皮膚科,1,11,初診,紹介状あり,1
皮膚科,1,12,再診,紹介状無し,12
皮膚科,1,12,初診,紹介状あり,1
皮膚科,1,12,初診,紹介状無し,1
皮膚科,1,13,再診,紹介状無し,15
皮膚科,1,14,再診,紹介状無し,14
皮膚科,1,15,再診,紹介状無し,11
皮膚科,1,16,再診,紹介状無し,3
皮膚科,2,0,再診,紹介状無し,9
皮膚科,2,8,再診,紹介状無し,45
皮膚科,2,8,初診,紹介状あり,3
皮膚科,2,9,再診,紹介状無し,59
皮膚科,2,9,初診,紹介状あり,14
皮膚科,2,9,初診,紹介状無し,1
皮膚科,2,10,再診,紹介状無し,37
皮膚科,2,10,初診,紹介状あり,7
皮膚科,2,10,初診,紹介状無し,2
皮膚科,2,11,再診,紹介状無し,17
皮膚科,2,12,再診,紹介状無し,4
皮膚科,2,13,再診,紹介状無し,24
皮膚科,2,14,再診,紹介状無し,14
皮膚科,2,15,再診,紹介状無し,5
皮膚科,3,0,再診,紹介状無し,7
皮膚科,3,8,再診,紹介状無し,28
皮膚科,3,9,再診,紹介状無し,29
皮膚科,3,9,初診,紹介状あり,5
皮膚科,3,9,初診,紹介状無し,1
皮膚科,3,10,再診,紹介状無し,23
皮膚科,3,10,初診,紹介状あり,1
皮膚科,3,10,初診,紹介状無し,1
皮膚科,3,11,再診,紹介状無し,7
皮膚科,3,11,初診,紹介状あり,1
皮膚科,3,11,初診,紹介状無し,1
皮膚科,3,12,再診,紹介状無し,1
皮膚科,3,16,再診,紹介状無し,1
皮膚科,3,17,再診,紹介状無し,1
皮膚科,4,0,再診,紹介状無し,13
皮膚科,4,8,再診,紹介状無し,49
皮膚科,4,8,初診,紹介状無し,1
皮膚科,4,9,再診,紹介状無し,55
皮膚科,4,9,初診,紹介状あり,10
皮膚科,4,9,初診,紹介状無し,1
皮膚科,4,10,再診,紹介状無し,37
皮膚科,4,10,初診,紹介状あり,1
皮膚科,4,11,再診,紹介状無し,21
皮膚科,4,11,初診,紹介状無し,2
皮膚科,4,12,再診,紹介状無し,7
皮膚科,4,13,再診,紹介状無し,15
皮膚科,4,14,再診,紹介状無し,6
皮膚科,4,15,再診,紹介状無し,3
皮膚科,4,15,初診,紹介状無し,1
皮膚科,4,16,再診,紹介状無し,1
皮膚科,4,17,再診,紹介状無し,1
看護部,0,9,再診,紹介状無し,2
看護部,0,10,再診,紹介状無し,1
看護部,0,11,再診,紹介状無し,1
看護部,0,13,再診,紹介状無し,2
看護部,0,14,再診,紹介状無し,1
看護部,0,15,再診,紹介状無し,1
看護部,0,16,再診,紹介状無し,1
看護部,1,0,再診,紹介状無し,2
看護部,1,8,再診,紹介状無し,1
看護部,1,10,再診,紹介状無し,4
看護部,1,11,再診,紹介状無し,2
看護部,1,12,再診,紹介状無し,3
看護部,1,13,再診,紹介状無し,3
看護部,1,14,再診,紹介状無し,7
看護部,1,16,再診,紹介状無し,2
看護部,2,0,再診,紹介状無し,8
看護部,2,8,再診,紹介状無し,1
看護部,2,9,再診,紹介状無し,1
看護部,2,10,再診,紹介状無し,5
看護部,2,11,再診,紹介状無し,4
看護部,2,12,再診,紹介状無し,5
看護部,2,13,再診,紹介状無し,7
看護部,2,14,再診,紹介状無し,3
看護部,2,15,再診,紹介状無し,2
看護部,2,16,再診,紹介状無し,4
看護部,2,17,再診,紹介状無し,1
看護部,3,0,再診,紹介状無し,4
看護部,3,8,再診,紹介状無し,6
看護部,3,9,再診,紹介状無し,5
看護部,3,10,再診,紹介状無し,3
看護部,3,11,再診,紹介状無し,1
看護部,3,12,再診,紹介状無し,2
看護部,3,13,再診,紹介状無し,2
看護部,3,14,再診,紹介状無し,2
看護部,3,15,再診,紹介状無し,2
看護部,3,16,再診,紹介状無し,2
看護部,3,17,再診,紹介状無し,1
看護部,4,0,再診,紹介状無し,8
看護部,4,12,再診,紹介状無し,1
看護部,4,13,再診,紹介状無し,1
看護部,4,17,再診,紹介状無し,1
眼科,0,0,再診,紹介状無し,14
眼科,0,8,再診,紹介状無し,122
眼科,0,8,初診,紹介状あり,11
眼科,0,9,再診,紹介状無し,79
眼科,0,9,初診,紹介状あり,18
眼科,0,10,再診,紹介状無し,78
眼科,0,10,初診,紹介状あり,2
眼科,0,10,初診,紹介状無し,1
眼科,0,11,再診,紹介状無し,26
眼科,0,12,再診,紹介状無し,42
眼科,0,13,再診,紹介状無し,54
眼科,0,13,初診,紹介状無し,1
眼科,0,14,再診,紹介状無し,36
眼科,0,15,再診,紹介状無し,12
眼科,0,16,再診,紹介状無し,1
眼科,0,17,再診,紹介状無し,1
眼科,0,20,初診,紹介状無し,1
眼科,1,0,再診,紹介状無し,18
眼科,1,8,再診,紹介状無し,105
眼科,1,8,初診,紹介状あり,6
眼科,1,9,再診,紹介状無し,62
眼科,1,9,初診,紹介状あり,18
眼科,1,9,初診,紹介状無し,1
眼科,1,10,再診,紹介状無し,44
眼科,1,10,初診,紹介状あり,7
眼科,1,11,再診,紹介状無し,25
眼科,1,12,再診,紹介状無し,51
眼科,1,12,初診,紹介状あり,1
眼科,1,13,再診,紹介状無し,69
眼科,1,14,再診,紹介状無し,38
眼科,1,15,再診,紹介状無し,12
眼科,1,16,再診,紹介状無し,1
眼科,2,0,再診,紹介状無し,32
眼科,2,8,再診,紹介状無し,139
眼科,2,8,初診,紹介状あり,27
眼科,2,8,初診,紹介状無し,3
眼科,2,9,再診,紹介状無し,96
眼科,2,9,初診,紹介状あり,25
眼科,2,9,初診,紹介状無し,1
眼科,2,10,再診,紹介状無し,58
眼科,2,10,初診,紹介状あり,7
眼科,2,10,初診,紹介状無し,3
眼科,2,11,再診,紹介状無し,30
眼科,2,11,初診,紹介状あり,3
眼科,2,12,再診,紹介状無し,29
眼科,2,12,初診,紹介状あり,2
眼科,2,13,再診,紹介状無し,58
眼科,2,13,初診,紹介状あり,4
眼科,2,13,初診,紹介状無し,1
眼科,2,14,再診,紹介状無し,85
眼科,2,15,再診,紹介状無し,31
眼科,2,16,再診,紹介状無し,1
眼科,2,20,初診,紹介状無し,1
眼科,3,0,再診,紹介状無し,20
眼科,3,7,再診,紹介状無し,3
眼科,3,8,再診,紹介状無し,137
眼科,3,8,初診,紹介状あり,8
眼科,3,9,再診,紹介状無し,93
眼科,3,9,初診,紹介状あり,7
眼科,3,9,初診,紹介状無し,1
眼科,3,10,再診,紹介状無し,42
眼科,3,10,初診,紹介状あり,4
眼科,3,11,再診,紹介状無し,28
眼科,3,11,初診,紹介状あり,2
眼科,3,12,再診,紹介状無し,21
眼科,3,13,再診,紹介状無し,26
眼科,3,13,初診,紹介状無し,1
眼科,3,14,再診,紹介状無し,25
眼科,3,15,再診,紹介状無し,8
眼科,3,16,初診,紹介状あり,1
眼科,4,0,再診,紹介状無し,14
眼科,4,8,再診,紹介状無し,102
眼科,4,8,初診,紹介状あり,9
眼科,4,9,再診,紹介状無し,105
眼科,4,9,初診,紹介状あり,10
眼科,4,10,再診,紹介状無し,74
眼科,4,10,初診,紹介状あり,2
眼科,4,11,再診,紹介状無し,38
眼科,4,11,初診,紹介状あり,2
眼科,4,11,初診,紹介状無し,1
眼科,4,12,再診,紹介状無し,40
眼科,4,13,再診,紹介状無し,57
眼科,4,14,再診,紹介状無し,36
眼科,4,15,再診,紹介状無し,16
眼科,4,19,初診,紹介状無し,1
眼科,5,7,再診,紹介状無し,10
禁煙外来,3,13,再診,紹介状無し,3
禁煙外来,3,14,再診,紹介状無し,1
移行期医療支援外来,2,9,再診,紹介状無し,1
糖尿病内分泌内科,0,8,再診,紹介状無し,1
糖尿病内分泌内科,0,8,初診,紹介状あり,1
糖尿病内分泌内科,0,9,再診,紹介状無し,2
糖尿病内分泌内科,0,9,初診,紹介状あり,3
糖尿病内分泌内科,0,10,再診,紹介状無し,4
糖尿病内分泌内科,0,11,再診,紹介状無し,3
糖尿病内分泌内科,1,8,初診,紹介状あり,1
糖尿病内分泌内科,1,9,再診,紹介状無し,4
糖尿病内分泌内科,1,9,初診,紹介状あり,1
糖尿病内分泌内科,1,10,再診,紹介状無し,2
糖尿病内分泌内科,1,12,再診,紹介状無し,2
糖尿病内分泌内科,3,0,再診,紹介状無し,2
糖尿病内分泌内科,3,10,再診,紹介状無し,2
糖尿病内分泌内科,3,11,再診,紹介状無し,5
糖尿病内分泌内科,3,12,再診,紹介状無し,8
糖尿病内分泌内科,3,13,再診,紹介状無し,12
糖尿病内分泌内科,3,14,再診,紹介状無し,4
糖尿病内分泌内科,3,15,再診,紹介状無し,4
糖尿病内分泌内科,4,0,再診,紹介状無し,1
糖尿病内分泌内科,4,8,再診,紹介状無し,2
糖尿病内分泌内科,4,9,再診,紹介状無し,4
糖尿病内分泌内科,4,9,初診,紹介状あり,1
糖尿病内分泌内科,4,10,再診,紹介状無し,3
総合内科,0,0,再診,紹介状無し,6
総合内科,0,0,初診,紹介状あり,1
総合内科,0,8,再診,紹介状無し,56
総合内科,0,8,初診,紹介状あり,2
総合内科,0,8,初診,紹介状無し,1
総合内科,0,9,再診,紹介状無し,25
総合内科,0,9,初診,紹介状あり,13
総合内科,0,9,初診,紹介状無し,1
総合内科,0,10,再診,紹介状無し,27
総合内科,0,10,初診,紹介状あり,2
総合内科,0,11,再診,紹介状無し,10
総合内科,0,11,初診,紹介状あり,5
総合内科,0,11,初診,紹介状無し,3
総合内科,0,12,再診,紹介状無し,12
総合内科,0,13,再診,紹介状無し,11
総合内科,0,13,初診,紹介状あり,1
総合内科,0,14,再診,紹介状無し,4
総合内科,0,15,再診,紹介状無し,3
総合内科,0,16,再診,紹介状無し,1
総合内科,0,17,再診,紹介状無し,1
総合内科,1,0,再診,紹介状無し,3
総合内科,1,8,再診,紹介状無し,39
総合内科,1,8,初診,紹介状あり,2
総合内科,1,8,初診,紹介状無し,11
総合内科,1,9,再診,紹介状無し,26
総合内科,1,9,初診,紹介状あり,6
総合内科,1,9,初診,紹介状無し,2
総合内科,1,10,再診,紹介状無し,14
総合内科,1,10,初診,紹介状あり,8
総合内科,1,10,初診,紹介状無し,3
総合内科,1,11,再診,紹介状あり,1
総合内科,1,11,再診,紹介状無し,5
総合内科,1,11,初診,紹介状あり,1
総合内科,1,11,初診,紹介状無し,1
総合内科,1,12,再診,紹介状無し,14
総合内科,1,12,初診,紹介状あり,2
総合内科,1,13,再診,紹介状無し,11
総合内科,1,14,再診,紹介状無し,5
総合内科,1,15,再診,紹介状無し,6
総合内科,2,0,再診,紹介状無し,4
総合内科,2,8,再診,紹介状無し,25
総合内科,2,8,初診,紹介状あり,3
総合内科,2,8,初診,紹介状無し,9
総合内科,2,9,再診,紹介状無し,33
総合内科,2,9,初診,紹介状あり,7
総合内科,2,9,初診,紹介状無し,3
総合内科,2,10,再診,紹介状無し,17
総合内科,2,10,初診,紹介状あり,9
総合内科,2,10,初診,紹介状無し,5
総合内科,2,11,再診,紹介状無し,8
総合内科,2,11,初診,紹介状あり,2
総合内科,2,11,初診,紹介状無し,1
総合内科,2,12,再診,紹介状無し,9
総合内科,2,12,初診,紹介状あり,1
総合内科,2,12,初診,紹介状無し,1
総合内科,2,13,再診,紹介状無し,3
総合内科,2,14,再診,紹介状無し,4
総合内科,2,15,再診,紹介状無し,2
総合内科,2,15,初診,紹介状無し,1
総合内科,2,16,再診,紹介状無し,3
総合内科,3,0,再診,紹介状無し,9
総合内科,3,8,再診,紹介状無し,63
総合内科,3,8,初診,紹介状あり,1
総合内科,3,9,再診,紹介状無し,47
総合内科,3,9,初診,紹介状あり,6
総合内科,3,9,初診,紹介状無し,4
総合内科,3,10,再診,紹介状無し,33
総合内科,3,10,初診,紹介状無し,1
総合内科,3,11,再診,紹介状無し,7
総合内科,3,11,初診,紹介状あり,2
総合内科,3,12,再診,紹介状無し,10
総合内科,3,12,初診,紹介状無し,1
総合内科,3,13,再診,紹介状無し,7
総合内科,3,13,初診,紹介状あり,2
総合内科,3,14,再診,紹介状無し,4
総合内科,3,14,初診,紹介状あり,1
総合内科,3,15,再診,紹介状無し,1
総合内科,3,15,初診,紹介状あり,1
総合内科,3,15,初診,紹介状無し,1
総合内科,3,16,再診,紹介状無し,1
総合内科,3,19,再診,紹介状無し,1
総合内科,4,0,再診,紹介状無し,7
総合内科,4,8,再診,紹介状無し,51
総合内科,4,8,初診,紹介状あり,2
総合内科,4,9,再診,紹介状無し,38
総合内科,4,9,初診,紹介状あり,4
総合内科,4,9,初診,紹介状無し,1
総合内科,4,10,再診,紹介状無し,21
総合内科,4,10,初診,紹介状あり,3
総合内科,4,10,初診,紹介状無し,1
総合内科,4,11,再診,紹介状無し,12
総合内科,4,11,初診,紹介状あり,1
総合内科,4,11,初診,紹介状無し,3
総合内科,4,12,再診,紹介状無し,13
総合内科,4,12,初診,紹介状あり,1
総合内科,4,13,再診,紹介状無し,6
総合内科,4,14,再診,紹介状無し,4
総合内科,4,15,再診,紹介状無し,3
緩和ケアチーム,0,0,再診,紹介状無し,1
緩和ケアチーム,0,10,再診,紹介状無し,1
緩和ケアチーム,1,0,再診,紹介状無し,2
緩和ケアチーム,1,14,再診,紹介状無し,1
緩和ケアチーム,2,0,再診,紹介状無し,4
緩和ケアチーム,2,10,再診,紹介状無し,1
緩和ケアチーム,3,0,再診,紹介状無し,4
緩和ケアチーム,3,9,再診,紹介状無し,2
緩和ケアチーム,4,7,再診,紹介状無し,1
緩和ケアチーム,4,9,再診,紹介状無し,2
緩和ケア内科,3,10,再診,紹介状無し,1
緩和ケア内科,3,12,再診,紹介状無し,1
緩和ケア内科,4,0,再診,紹介状無し,1
耳鼻咽喉科,0,0,再診,紹介状無し,1
耳鼻咽喉科,0,8,再診,紹介状無し,31
耳鼻咽喉科,0,8,初診,紹介状あり,2
耳鼻咽喉科,0,9,再診,紹介状無し,27
耳鼻咽喉科,0,9,初診,紹介状あり,3
耳鼻咽喉科,0,9,初診,紹介状無し,2
耳鼻咽喉科,0,10,再診,紹介状無し,28
耳鼻咽喉科,0,10,初診,紹介状あり,1
耳鼻咽喉科,0,10,初診,紹介状無し,1
耳鼻咽喉科,0,11,再診,紹介状無し,11
耳鼻咽喉科,0,11,初診,紹介状あり,1
耳鼻咽喉科,0,12,再診,紹介状無し,7
耳鼻咽喉科,0,13,再診,紹介状無し,5
耳鼻咽喉科,0,14,再診,紹介状無し,10
耳鼻咽喉科,0,15,再診,紹介状無し,5
耳鼻咽喉科,0,16,再診,紹介状無し,2
耳鼻咽喉科,0,17,再診,紹介状無し,1
耳鼻咽喉科,0,18,再診,紹介状無し,1
耳鼻咽喉科,0,18,初診,紹介状無し,1
耳鼻咽喉科,0,19,初診,紹介状無し,1
耳鼻咽喉科,0,20,初診,紹介状無し,3
耳鼻咽喉科,1,0,再診,紹介状無し,12
耳鼻咽喉科,1,8,再診,紹介状無し,51
耳鼻咽喉科,1,8,初診,紹介状あり,7
耳鼻咽喉科,1,9,再診,紹介状無し,77
耳鼻咽喉科,1,9,初診,紹介状あり,19
耳鼻咽喉科,1,9,初診,紹介状無し,5
耳鼻咽喉科,1,10,再診,紹介状無し,44
耳鼻咽喉科,1,10,初診,紹介状あり,4
耳鼻咽喉科,1,10,初診,紹介状無し,1
耳鼻咽喉科,1,11,再診,紹介状無し,24
耳鼻咽喉科,1,12,再診,紹介状無し,15
耳鼻咽喉科,1,13,再診,紹介状無し,43
耳鼻咽喉科,1,13,初診,紹介状無し,1
耳鼻咽喉科,1,14,再診,紹介状無し,26
耳鼻咽喉科,1,15,再診,紹介状無し,15
耳鼻咽喉科,1,15,初診,紹介状あり,1
耳鼻咽喉科,1,16,再診,紹介状無し,3
耳鼻咽喉科,2,0,再診,紹介状無し,12
耳鼻咽喉科,2,8,再診,紹介状無し,42
耳鼻咽喉科,2,8,初診,紹介状あり,1
耳鼻咽喉科,2,9,再診,紹介状無し,58
耳鼻咽喉科,2,9,初診,紹介状あり,5
耳鼻咽喉科,2,9,初診,紹介状無し,1
耳鼻咽喉科,2,10,再診,紹介状無し,33
耳鼻咽喉科,2,10,初診,紹介状あり,1
耳鼻咽喉科,2,10,初診,紹介状無し,1
耳鼻咽喉科,2,11,再診,紹介状無し,16
耳鼻咽喉科,2,11,初診,紹介状あり,1
耳鼻咽喉科,2,12,再診,紹介状無し,20
耳鼻咽喉科,2,13,再診,紹介状無し,19
耳鼻咽喉科,2,13,初診,紹介状あり,1
耳鼻咽喉科,2,14,再診,紹介状無し,25
耳鼻咽喉科,2,15,再診,紹介状無し,10
耳鼻咽喉科,2,15,初診,紹介状無し,1
耳鼻咽喉科,2,20,初診,紹介状無し,1
耳鼻咽喉科,3,0,再診,紹介状無し,20
耳鼻咽喉科,3,8,再診,紹介状無し,72
耳鼻咽喉科,3,8,初診,紹介状あり,6
耳鼻咽喉科,3,8,初診,紹介状無し,3
耳鼻咽喉科,3,9,再診,紹介状無し,62
耳鼻咽喉科,3,9,初診,紹介状あり,16
耳鼻咽喉科,3,9,初診,紹介状無し,2
耳鼻咽喉科,3,10,再診,紹介状無し,62
耳鼻咽喉科,3,10,初診,紹介状あり,7
耳鼻咽喉科,3,10,初診,紹介状無し,1
耳鼻咽喉科,3,11,再診,紹介状無し,28
耳鼻咽喉科,3,11,初診,紹介状あり,3
耳鼻咽喉科,3,12,再診,紹介状無し,20
耳鼻咽喉科,3,13,再診,紹介状無し,33
耳鼻咽喉科,3,13,初診,紹介状あり,2
耳鼻咽喉科,3,13,初診,紹介状無し,1
耳鼻咽喉科,3,14,再診,紹介状無し,21
耳鼻咽喉科,3,14,初診,紹介状無し,1
耳鼻咽喉科,3,15,再診,紹介状無し,24
耳鼻咽喉科,3,16,再診,紹介状無し,3
耳鼻咽喉科,3,18,再診,紹介状無し,1
耳鼻咽喉科,3,20,初診,紹介状無し,1
耳鼻咽喉科,4,0,再診,紹介状無し,6
耳鼻咽喉科,4,8,再診,紹介状無し,20
耳鼻咽喉科,4,8,初診,紹介状あり,1
耳鼻咽喉科,4,9,再診,紹介状無し,26
耳鼻咽喉科,4,9,初診,紹介状あり,1
耳鼻咽喉科,4,9,初診,紹介状無し,1
耳鼻咽喉科,4,10,再診,紹介状無し,9
耳鼻咽喉科,4,11,再診,紹介状無し,12
耳鼻咽喉科,4,11,初診,紹介状あり,2
耳鼻咽喉科,4,11,初診,紹介状無し,2
耳鼻咽喉科,4,12,再診,紹介状あり,1
耳鼻咽喉科,4,12,再診,紹介状無し,10
耳鼻咽喉科,4,13,再診,紹介状無し,17
耳鼻咽喉科,4,13,初診,紹介状あり,1
耳鼻咽喉科,4,14,再診,紹介状無し,13
耳鼻咽喉科,4,14,初診,紹介状あり,4
耳鼻咽喉科,4,15,再診,紹介状無し,6
耳鼻咽喉科,4,15,初診,紹介状あり,2
耳鼻咽喉科,5,8,再診,紹介状無し,2
耳鼻咽喉科,5,11,再診,紹介状あり,1
耳鼻咽喉科,5,12,初診,紹介状無し,1
耳鼻咽喉科,5,16,初診,紹介状無し,1
耳鼻咽喉科,5,18,再診,紹介状無し,1
耳鼻咽喉科,6,8,再診,紹介状無し,2
脳神経内科,0,0,再診,紹介状無し,5
脳神経内科,0,7,再診,紹介状無し,6
脳神経内科,0,8,再診,紹介状無し,15
脳神経内科,0,9,再診,紹介状無し,15
脳神経内科,0,9,初診,紹介状あり,2
脳神経内科,0,10,再診,紹介状無し,18
脳神経内科,0,10,初診,紹介状あり,4
脳神経内科,0,11,再診,紹介状無し,8
脳神経内科,0,11,初診,紹介状あり,2
脳神経内科,0,12,再診,紹介状無し,2
脳神経内科,0,13,再診,紹介状無し,5
脳神経内科,0,15,再診,紹介状無し,1
脳神経内科,1,0,再診,紹介状無し,1
脳神経内科,1,8,再診,紹介状無し,7
脳神経内科,1,8,初診,紹介状あり,1
脳神経内科,1,9,再診,紹介状無し,18
脳神経内科,1,9,初診,紹介状あり,3
脳神経内科,1,9,初診,紹介状無し,1
脳神経内科,1,10,再診,紹介状無し,3
脳神経内科,1,10,初診,紹介状あり,4
脳神経内科,1,12,再診,紹介状無し,1
脳神経内科,1,12,初診,紹介状あり,2
脳神経内科,2,0,再診,紹介状無し,2
脳神経内科,2,7,再診,紹介状無し,2
脳神経内科,2,8,再診,紹介状無し,18
脳神経内科,2,8,初診,紹介状無し,1
脳神経内科,2,9,再診,紹介状無し,30
脳神経内科,2,9,初診,紹介状あり,4
脳神経内科,2,10,再診,紹介状無し,19
脳神経内科,2,10,初診,紹介状あり,3
脳神経内科,2,11,再診,紹介状無し,5
脳神経内科,2,12,再診,紹介状無し,1
脳神経内科,2,13,再診,紹介状無し,3
脳神経内科,2,15,再診,紹介状無し,1
脳神経内科,2,15,初診,紹介状あり,1
脳神経内科,3,0,再診,紹介状無し,1
脳神経内科,3,8,再診,紹介状無し,24
脳神経内科,3,8,初診,紹介状あり,1
脳神経内科,3,9,再診,紹介状無し,24
脳神経内科,3,9,初診,紹介状あり,3
脳神経内科,3,10,再診,紹介状無し,25
脳神経内科,3,10,初診,紹介状あり,4
脳神経内科,3,11,再診,紹介状無し,11
脳神経内科,3,12,再診,紹介状無し,3
脳神経内科,3,15,再診,紹介状無し,1
脳神経内科,3,16,初診,紹介状あり,1
脳神経内科,4,0,再診,紹介状無し,3
脳神経内科,4,2,再診,紹介状無し,1
脳神経内科,4,7,再診,紹介状無し,1
脳神経内科,4,8,再診,紹介状無し,23
脳神経内科,4,8,初診,紹介状あり,1
脳神経内科,4,9,再診,紹介状無し,21
脳神経内科,4,9,初診,紹介状あり,1
脳神経内科,4,10,再診,紹介状無し,4
脳神経内科,4,10,初診,紹介状あり,1
脳神経内科,4,11,再診,紹介状無し,5
脳神経内科,4,13,再診,紹介状無し,5
脳神経内科,4,14,再診,紹介状無し,3
脳神経外科,0,8,再診,紹介状無し,2
脳神経外科,0,8,初診,紹介状あり,2
脳神経外科,0,19,初診,紹介状無し,1
脳神経外科,1,0,再診,紹介状無し,1
脳神経外科,1,8,再診,紹介状無し,19
脳神経外科,1,8,初診,紹介状あり,2
脳神経外科,1,9,再診,紹介状無し,17
脳神経外科,1,9,初診,紹介状あり,2
脳神経外科,1,10,再診,紹介状無し,5
脳神経外科,1,10,初診,紹介状あり,1
脳神経外科,1,13,再診,紹介状無し,2
脳神経外科,1,14,再診,紹介状あり,1
脳神経外科,1,14,再診,紹介状無し,1
脳神経外科,1,15,再診,紹介状無し,1
脳神経外科,1,16,初診,紹介状無し,1
脳神経外科,2,0,再診,紹介状無し,2
脳神経外科,2,8,再診,紹介状無し,30
脳神経外科,2,8,初診,紹介状あり,2
脳神経外科,2,9,再診,紹介状無し,24
脳神経外科,2,9,初診,紹介状無し,1
脳神経外科,2,10,再診,紹介状無し,11
脳神経外科,2,11,初診,紹介状無し,2
脳神経外科,2,14,再診,紹介状無し,1
脳神経外科,2,16,初診,紹介状あり,2
脳神経外科,2,17,再診,紹介状無し,1
脳神経外科,2,20,初診,紹介状無し,1
脳神経外科,2,21,初診,紹介状無し,1
脳神経外科,3,0,再診,紹介状無し,1
脳神経外科,3,1,再診,紹介状無し,1
脳神経外科,3,8,再診,紹介状無し,2
脳神経外科,3,8,初診,紹介状あり,1
脳神経外科,3,9,再診,紹介状無し,3
脳神経外科,3,10,再診,紹介状無し,1
脳神経外科,3,16,再診,紹介状無し,2
脳神経外科,4,8,再診,紹介状無し,9
脳神経外科,4,9,再診,紹介状無し,15
脳神経外科,4,9,初診,紹介状あり,3
脳神経外科,4,9,初診,紹介状無し,1
脳神経外科,4,10,再診,紹介状無し,10
脳神経外科,4,10,初診,紹介状無し,1
脳神経外科,4,14,再診,紹介状無し,1
脳神経外科,5,10,初診,紹介状無し,1
腎内科,0,0,再診,紹介状無し,3
腎内科,0,8,再診,紹介状無し,52
腎内科,0,9,再診,紹介状無し,28
腎内科,0,9,初診,紹介状あり,1
腎内科,0,9,初診,紹介状無し,1
腎内科,0,10,再診,紹介状無し,12
腎内科,0,11,再診,紹介状無し,13
腎内科,0,12,再診,紹介状無し,10
腎内科,0,13,再診,紹介状無し,6
腎内科,0,14,再診,紹介状無し,1
腎内科,1,0,再診,紹介状無し,7
腎内科,1,8,再診,紹介状無し,36
腎内科,1,8,初診,紹介状あり,3
腎内科,1,9,再診,紹介状無し,17
腎内科,1,10,再診,紹介状無し,11
腎内科,1,11,再診,紹介状無し,7
腎内科,1,12,再診,紹介状無し,5
腎内科,1,13,再診,紹介状無し,4
腎内科,1,14,再診,紹介状無し,2
腎内科,2,0,再診,紹介状無し,6
腎内科,2,7,再診,紹介状無し,2
腎内科,2,8,再診,紹介状無し,75
腎内科,2,8,初診,紹介状あり,2
腎内科,2,9,再診,紹介状無し,50
腎内科,2,9,初診,紹介状あり,2
腎内科,2,9,初診,紹介状無し,1
腎内科,2,10,再診,紹介状無し,19
腎内科,2,10,初診,紹介状あり,1
腎内科,2,11,再診,紹介状無し,12
腎内科,2,12,再診,紹介状無し,7
腎内科,2,13,再診,紹介状無し,9
腎内科,2,14,再診,紹介状無し,2
腎内科,2,15,再診,紹介状無し,1
腎内科,3,0,再診,紹介状無し,3
腎内科,3,8,再診,紹介状無し,36
腎内科,3,9,再診,紹介状無し,20
腎内科,3,10,再診,紹介状無し,13
腎内科,3,11,再診,紹介状無し,6
腎内科,3,11,初診,紹介状あり,2
腎内科,3,12,再診,紹介状無し,2
腎内科,3,12,初診,紹介状あり,1
腎内科,3,13,再診,紹介状無し,2
腎内科,3,14,再診,紹介状無し,2
腎内科,3,15,再診,紹介状無し,2
腎内科,4,8,再診,紹介状無し,32
腎内科,4,8,初診,紹介状あり,2
腎内科,4,8,初診,紹介状無し,1
腎内科,4,9,再診,紹介状無し,29
腎内科,4,9,初診,紹介状あり,1
腎内科,4,10,再診,紹介状無し,14
腎内科,4,10,初診,紹介状あり,1
腎内科,4,12,再診,紹介状無し,2
腎内科,4,13,再診,紹介状無し,5
腎内科,4,14,再診,紹介状無し,1
腎内科,4,17,再診,紹介状無し,1
臨床工学技師,0,0,再診,紹介状無し,17
臨床工学技師,0,8,再診,紹介状無し,3
臨床工学技師,0,10,再診,紹介状無し,1
臨床工学技師,0,12,再診,紹介状無し,4
臨床工学技師,0,13,再診,紹介状無し,2
臨床工学技師,1,0,再診,紹介状無し,24
臨床工学技師,1,16,再診,紹介状無し,1
臨床工学技師,2,0,再診,紹介状無し,24
臨床工学技師,2,8,再診,紹介状無し,4
臨床工学技師,2,11,再診,紹介状無し,1
臨床工学技師,2,12,再診,紹介状無し,5
臨床工学技師,2,13,再診,紹介状無し,3
臨床工学技師,3,0,再診,紹介状無し,20
臨床工学技師,3,8,再診,紹介状無し,2
臨床工学技師,3,16,再診,紹介状無し,1
臨床工学技師,4,0,再診,紹介状無し,21
臨床工学技師,4,8,再診,紹介状無し,3
臨床工学技師,4,12,再診,紹介状無し,2
臨床工学技師,4,13,再診,紹介状無し,2
臨床工学技師,4,14,再診,紹介状無し,1
臨床工学技師,4,18,再診,紹介状無し,1
臨床工学技師,5,0,再診,紹介状無し,28
臨床腫瘍科,0,8,再診,紹介状無し,8
臨床腫瘍科,0,9,再診,紹介状無し,7
臨床腫瘍科,0,10,再診,紹介状無し,10
臨床腫瘍科,0,11,再診,紹介状無し,1
臨床腫瘍科,0,12,再診,紹介状無し,2
臨床腫瘍科,0,13,再診,紹介状無し,1
臨床腫瘍科,1,0,再診,紹介状無し,1
臨床腫瘍科,1,8,再診,紹介状無し,16
臨床腫瘍科,1,9,再診,紹介状無し,7
臨床腫瘍科,1,10,再診,紹介状無し,4
臨床腫瘍科,1,12,再診,紹介状無し,1
臨床腫瘍科,1,13,再診,紹介状無し,2
臨床腫瘍科,1,14,再診,紹介状無し,1
臨床腫瘍科,1,16,再診,紹介状無し,1
臨床腫瘍科,2,8,再診,紹介状無し,14
臨床腫瘍科,2,9,再診,紹介状無し,7
臨床腫瘍科,2,10,再診,紹介状無し,2
臨床腫瘍科,2,12,再診,紹介状無し,1
臨床腫瘍科,3,0,再診,紹介状無し,2
臨床腫瘍科,3,8,再診,紹介状無し,5
臨床腫瘍科,3,9,再診,紹介状無し,9
臨床腫瘍科,3,10,再診,紹介状無し,8
臨床腫瘍科,3,11,再診,紹介状無し,2
臨床腫瘍科,3,12,再診,紹介状無し,2
臨床腫瘍科,3,13,再診,紹介状無し,1
臨床腫瘍科,3,14,再診,紹介状無し,1
臨床腫瘍科,3,15,再診,紹介状無し,1
臨床腫瘍科,4,8,再診,紹介状無し,2
臨床腫瘍科,4,12,再診,紹介状無し,1
臨床腫瘍科,4,14,再診,紹介状無し,1
薬剤部,0,0,再診,紹介状無し,3
薬剤部,0,8,再診,紹介状無し,4
薬剤部,0,9,再診,紹介状無し,1
薬剤部,0,10,再診,紹介状無し,1
薬剤部,1,8,再診,紹介状無し,14
薬剤部,1,9,再診,紹介状無し,5
薬剤部,1,10,再診,紹介状無し,2
薬剤部,1,13,再診,紹介状無し,2
薬剤部,2,0,再診,紹介状無し,1
薬剤部,2,8,再診,紹介状無し,13
薬剤部,2,9,再診,紹介状無し,7
薬剤部,2,10,再診,紹介状無し,4
薬剤部,2,11,再診,紹介状無し,1
薬剤部,2,12,再診,紹介状無し,3
薬剤部,2,13,再診,紹介状無し,2
薬剤部,2,17,再診,紹介状無し,1
薬剤部,3,0,再診,紹介状無し,1
薬剤部,3,8,再診,紹介状無し,18
薬剤部,3,9,再診,紹介状無し,11
薬剤部,3,10,再診,紹介状無し,4
薬剤部,3,11,再診,紹介状無し,3
薬剤部,3,12,再診,紹介状無し,1
薬剤部,3,13,再診,紹介状無し,3
薬剤部,4,0,再診,紹介状無し,1
薬剤部,4,8,再診,紹介状無し,7
薬剤部,4,9,再診,紹介状無し,5
薬剤部,4,10,再診,紹介状無し,2
薬剤部,4,11,再診,紹介状無し,1
血液内科,0,0,再診,紹介状無し,7
血液内科,0,8,再診,紹介状無し,56
血液内科,0,8,初診,紹介状あり,1
血液内科,0,9,再診,紹介状無し,35
血液内科,0,9,初診,紹介状あり,1
血液内科,0,10,再診,紹介状無し,26
血液内科,0,10,初診,紹介状あり,1
血液内科,0,11,再診,紹介状無し,11
血液内科,0,12,再診,紹介状無し,6
血液内科,0,13,再診,紹介状無し,5
血液内科,0,14,再診,紹介状無し,1
血液内科,1,0,再診,紹介状無し,3
血液内科,1,1,再診,紹介状無し,1
血液内科,1,7,再診,紹介状無し,1
血液内科,1,8,再診,紹介状無し,70
血液内科,1,9,再診,紹介状無し,40
血液内科,1,9,初診,紹介状あり,2
血液内科,1,10,再診,紹介状無し,32
血液内科,1,11,再診,紹介状無し,12
血液内科,1,12,再診,紹介状無し,4
血液内科,1,13,再診,紹介状無し,6
血液内科,1,14,再診,紹介状無し,6
血液内科,2,0,再診,紹介状無し,3
血液内科,2,8,再診,紹介状無し,41
血液内科,2,9,再診,紹介状無し,30
血液内科,2,9,初診,紹介状あり,3
血液内科,2,10,再診,紹介状無し,18
血液内科,2,11,再診,紹介状無し,12
血液内科,2,12,再診,紹介状無し,11
血液内科,2,13,再診,紹介状無し,7
血液内科,2,14,再診,紹介状無し,3
血液内科,2,15,再診,紹介状無し,1
血液内科,3,0,再診,紹介状無し,5
血液内科,3,8,再診,紹介状無し,46
血液内科,3,9,再診,紹介状無し,28
血液内科,3,9,初診,紹介状あり,2
血液内科,3,10,再診,紹介状無し,24
血液内科,3,11,再診,紹介状無し,7
血液内科,3,12,再診,紹介状無し,3
血液内科,3,13,再診,紹介状無し,3
血液内科,4,0,再診,紹介状無し,11
血液内科,4,8,再診,紹介状無し,55
血液内科,4,9,再診,紹介状無し,27
血液内科,4,9,初診,紹介状あり,4
血液内科,4,10,再診,紹介状無し,24
血液内科,4,11,再診,紹介状無し,6
血液内科,4,12,再診,紹介状無し,1
血液内科,4,14,再診,紹介状無し,1
退院支援,0,0,再診,紹介状無し,18
退院支援,0,8,再診,紹介状無し,1
退院支援,0,9,再診,紹介状無し,1
退院支援,0,10,再診,紹介状無し,1
退院支援,1,0,再診,紹介状無し,22
退院支援,1,8,再診,紹介状無し,1
退院支援,1,10,再診,紹介状無し,1
退院支援,1,12,再診,紹介状無し,1
退院支援,2,0,再診,紹介状無し,24
退院支援,2,9,再診,紹介状無し,2
退院支援,2,10,再診,紹介状無し,1
退院支援,2,14,再診,紹介状無し,1
退院支援,3,0,再診,紹介状無し,25
退院支援,3,8,再診,紹介状無し,1
退院支援,4,0,再診,紹介状無し,18
退院支援,4,17,再診,紹介状無し,1
退院支援,4,18,再診,紹介状無し,1
通院治療センター,0,8,再診,紹介状無し,1
通院治療センター,0,9,再診,紹介状無し,1
通院治療センター,0,10,再診,紹介状無し,2
通院治療センター,0,13,再診,紹介状無し,4
通院治療センター,1,8,再診,紹介状無し,2
通院治療センター,1,9,再診,紹介状無し,1
通院治療センター,1,13,再診,紹介状無し,1
通院治療センター,1,15,再診,紹介状無し,2
通院治療センター,2,0,再診,紹介状無し,1
通院治療センター,2,8,再診,紹介状無し,2
通院治療センター,2,9,再診,紹介状無し,1
通院治療センター,2,10,再診,紹介状無し,4
通院治療センター,2,11,再診,紹介状無し,1
通院治療センター,2,12,再診,紹介状無し,1
通院治療センター,2,13,再診,紹介状無し,2
通院治療センター,2,14,再診,紹介状無し,1
通院治療センター,3,9,再診,紹介状無し,1
通院治療センター,3,10,再診,紹介状無し,2
通院治療センター,3,13,再診,紹介状無し,1
通院治療センター,3,14,再診,紹介状無し,1
遺伝診療科,0,10,再診,紹介状無し,1
遺伝診療科,0,11,再診,紹介状無し,1
遺伝診療科,0,17,再診,紹介状無し,1
遺伝診療科,0,18,再診,紹介状無し,1
遺伝診療科,0,20,再診,紹介状無し,1
遺伝診療科,1,9,再診,紹介状無し,2
遺伝診療科,1,11,再診,紹介状無し,1
遺伝診療科,1,12,再診,紹介状無し,2
遺伝診療科,1,13,再診,紹介状無し,1
遺伝診療科,1,13,初診,紹介状あり,1
遺伝診療科,1,14,再診,紹介状無し,1
遺伝診療科,1,15,再診,紹介状無し,1
遺伝診療科,2,9,再診,紹介状無し,1
遺伝診療科,2,11,再診,紹介状無し,2
遺伝診療科,2,12,再診,紹介状無し,1
遺伝診療科,2,13,再診,紹介状無し,6
遺伝診療科,2,14,再診,紹介状あり,1
遺伝診療科,2,14,再診,紹介状無し,3
遺伝診療科,2,14,初診,紹介状無し,2
遺伝診療科,2,15,再診,紹介状無し,1
遺伝診療科,3,0,再診,紹介状無し,1
遺伝診療科,3,8,再診,紹介状無し,2
遺伝診療科,3,9,再診,紹介状無し,2
遺伝診療科,3,10,再診,紹介状無し,2
遺伝診療科,4,0,再診,紹介状無し,2
遺伝診療科,4,9,再診,紹介状無し,5
遺伝診療科,4,10,再診,紹介状無し,2
遺伝診療科,4,12,再診,紹介状無し,2
骨転移カンファレンス,0,0,再診,紹介状無し,8
骨転移カンファレンス,0,12,再診,紹介状無し,2
骨転移カンファレンス,0,16,再診,紹介状無し,1
麻酔科,0,8,再診,紹介状無し,9
麻酔科,0,9,再診,紹介状無し,16
麻酔科,0,10,再診,紹介状無し,8
麻酔科,0,11,再診,紹介状無し,6
麻酔科,0,12,再診,紹介状無し,5
麻酔科,0,13,再診,紹介状無し,7
麻酔科,0,14,再診,紹介状無し,1
麻酔科,1,8,再診,紹介状無し,7
麻酔科,1,9,再診,紹介状無し,19
麻酔科,1,10,再診,紹介状無し,15
麻酔科,1,11,再診,紹介状無し,10
麻酔科,1,12,再診,紹介状無し,4
麻酔科,1,13,再診,紹介状無し,11
麻酔科,1,14,再診,紹介状無し,2
麻酔科,2,8,再診,紹介状無し,7
麻酔科,2,9,再診,紹介状無し,11
麻酔科,2,10,再診,紹介状無し,18
麻酔科,2,11,再診,紹介状無し,13
麻酔科,2,12,再診,紹介状無し,4
麻酔科,2,13,再診,紹介状無し,14
麻酔科,2,14,再診,紹介状無し,3
麻酔科,3,8,再診,紹介状無し,13
麻酔科,3,9,再診,紹介状無し,19
麻酔科,3,10,再診,紹介状無し,13
麻酔科,3,11,再診,紹介状無し,9
麻酔科,3,12,再診,紹介状無し,4
麻酔科,3,13,再診,紹介状無し,9
麻酔科,3,14,再診,紹介状無し,3
麻酔科,4,0,再診,紹介状無し,1
麻酔科,4,8,再診,紹介状無し,10
麻酔科,4,9,再診,紹介状無し,9
麻酔科,4,10,再診,紹介状無し,13
麻酔科,4,11,再診,紹介状無し,15
麻酔科,4,12,再診,紹介状無し,5
麻酔科,4,13,再診,紹介状無し,4
麻酔科,4,14,再診,紹介状無し,3
ﾘﾊﾋﾞﾘﾃｰｼｮﾝ科,0,16,再診,紹介状無し,1
ﾘﾊﾋﾞﾘﾃｰｼｮﾝ科,1,8,再診,紹介状無し,10
ﾘﾊﾋﾞﾘﾃｰｼｮﾝ科,1,9,再診,紹介状無し,16
ﾘﾊﾋﾞﾘﾃｰｼｮﾝ科,1,10,再診,紹介状無し,4
ﾘﾊﾋﾞﾘﾃｰｼｮﾝ科,1,11,再診,紹介状無し,1
ﾘﾊﾋﾞﾘﾃｰｼｮﾝ科,1,14,再診,紹介状無し,1
ﾘﾊﾋﾞﾘﾃｰｼｮﾝ科,2,0,再診,紹介状無し,1
ﾘﾊﾋﾞﾘﾃｰｼｮﾝ科,2,8,再診,紹介状無し,1
ﾘﾊﾋﾞﾘﾃｰｼｮﾝ科,2,9,再診,紹介状無し,1
ﾘﾊﾋﾞﾘﾃｰｼｮﾝ科,3,8,再診,紹介状無し,2
ﾘﾊﾋﾞﾘﾃｰｼｮﾝ科,3,9,再診,紹介状無し,1
ﾘﾊﾋﾞﾘﾃｰｼｮﾝ科,3,10,再診,紹介状無し,3
ﾘﾊﾋﾞﾘﾃｰｼｮﾝ科,3,14,再診,紹介状無し,1
ﾘﾊﾋﾞﾘﾃｰｼｮﾝ科,4,0,再診,紹介状無し,2
ﾘﾊﾋﾞﾘﾃｰｼｮﾝ科,4,8,再診,紹介状無し,13
ﾘﾊﾋﾞﾘﾃｰｼｮﾝ科,4,9,再診,紹介状無し,23
ﾘﾊﾋﾞﾘﾃｰｼｮﾝ科,4,10,再診,紹介状無し,2
ﾘﾊﾋﾞﾘﾃｰｼｮﾝ科,4,11,再診,紹介状無し,1
ﾘﾊﾋﾞﾘﾃｰｼｮﾝ科,4,13,初診,紹介状あり,1
ﾘﾊﾋﾞﾘﾃｰｼｮﾝ科,4,16,再診,紹介状無し,1
