診療科名,予約担当者匿名ID,曜日,初再診区分,紹介状有無,件数
PICCCVポートセンター,DR_XX009,0,再診,紹介状無し,15
PICCCVポートセンター,DR_XX009,1,再診,紹介状無し,9
PICCCVポートセンター,DR_XX009,2,再診,紹介状無し,6
PICCCVポートセンター,DR_XX009,3,再診,紹介状無し,9
PICCCVポートセンター,DR_XX009,4,再診,紹介状無し,13
がんゲノム,DR_ON001,0,再診,紹介状無し,2
がんゲノム,DR_ON001,1,再診,紹介状無し,11
アレルギー科,DR_AL001,2,再診,紹介状無し,31
アレルギー科,DR_AL002,3,再診,紹介状無し,48
アレルギー科,DR_AL002,3,初診,紹介状あり,1
アレルギー科,DR_RS2003,1,再診,紹介状無し,49
アレルギー科,DR_RS2005,0,再診,紹介状無し,25
ソーシャルワーカー,DR_XX001,0,再診,紹介状無し,18
ソーシャルワーカー,DR_XX001,1,再診,紹介状無し,14
ソーシャルワーカー,DR_XX001,2,再診,紹介状無し,25
ソーシャルワーカー,DR_XX001,3,再診,紹介状無し,16
ソーシャルワーカー,DR_XX001,4,再診,紹介状無し,18
ソーシャルワーカー,DR_XX030,0,再診,紹介状無し,1
ソーシャルワーカー,DR_XX031,3,再診,紹介状無し,1
ソーシャルワーカー,DR_XX034,2,再診,紹介状無し,1
メンタルケア科,DR_MN001,0,再診,紹介状無し,6
メンタルケア科,DR_MN001,2,再診,紹介状無し,126
メンタルケア科,DR_MN002,0,再診,紹介状無し,12
メンタルケア科,DR_MN002,1,再診,紹介状無し,15
メンタルケア科,DR_MN002,2,再診,紹介状無し,30
メンタルケア科,DR_MN002,3,再診,紹介状無し,12
メンタルケア科,DR_MN002,4,再診,紹介状無し,10
メンタルケア科,DR_MN003,1,再診,紹介状無し,39
メンタルケア科,DR_MN003,4,再診,紹介状無し,2
メンタルケア科,DR_MN004,0,再診,紹介状無し,37
メンタルケア科,DR_MN004,3,再診,紹介状無し,5
メンタルケア科,DR_MN005,2,再診,紹介状無し,1
メンタルケア科,DR_MN005,3,再診,紹介状無し,3
メンタルケア科,DR_MN006,2,再診,紹介状無し,1
メンタルケア科,DR_MN007,3,再診,紹介状無し,1
メンタルケア科,DR_MN008,0,再診,紹介状無し,1
メンタルケア科,DR_MN008,3,再診,紹介状無し,1
リウマチ膠原病内科,DR_RH001,2,再診,紹介状無し,40
リウマチ膠原病内科,DR_RH001,2,初診,紹介状あり,2
リウマチ膠原病内科,DR_RH001,2,初診,紹介状無し,1
リウマチ膠原病内科,DR_RH002,2,再診,紹介状無し,60
リウマチ膠原病内科,DR_RH002,2,初診,紹介状あり,3
リウマチ膠原病内科,DR_RH003,1,再診,紹介状無し,77
リウマチ膠原病内科,DR_RH003,1,初診,紹介状あり,3
リウマチ膠原病内科,DR_RH003,4,再診,紹介状無し,44
リウマチ膠原病内科,DR_RH004,0,再診,紹介状無し,40
リウマチ膠原病内科,DR_RH004,0,初診,紹介状あり,2
リウマチ膠原病内科,DR_RH004,3,再診,紹介状無し,36
リウマチ膠原病内科,DR_RH005,0,再診,紹介状無し,4
リウマチ膠原病内科,DR_RH005,1,再診,紹介状無し,11
リウマチ膠原病内科,DR_RH005,2,再診,紹介状無し,9
リウマチ膠原病内科,DR_RH005,3,再診,紹介状無し,3
リウマチ膠原病内科,DR_RH005,4,再診,紹介状無し,13
リウマチ膠原病内科,DR_RH006,0,再診,紹介状無し,48
リウマチ膠原病内科,DR_RH006,0,初診,紹介状あり,2
リウマチ膠原病内科,DR_RH006,3,再診,紹介状無し,43
リウマチ膠原病内科,DR_RH006,4,再診,紹介状無し,34
リウマチ膠原病内科,DR_RH007,0,再診,紹介状無し,6
リウマチ膠原病内科,DR_RH007,1,再診,紹介状無し,13
リウマチ膠原病内科,DR_RH007,2,再診,紹介状無し,6
リウマチ膠原病内科,DR_RH007,3,再診,紹介状無し,5
リウマチ膠原病内科,DR_RH007,4,再診,紹介状無し,4
リウマチ膠原病内科,DR_RH008,3,再診,紹介状無し,18
リウマチ膠原病内科,DR_RH009,2,再診,紹介状無し,81
リウマチ膠原病内科,DR_RH009,2,初診,紹介状あり,2
リウマチ膠原病内科,DR_RH009,3,再診,紹介状無し,80
リウマチ膠原病内科,DR_RH009,3,初診,紹介状あり,3
リウマチ膠原病内科,DR_RH009,4,再診,紹介状無し,56
リウマチ膠原病内科,DR_RH010,1,再診,紹介状無し,38
リウマチ膠原病内科,DR_RH010,2,再診,紹介状無し,34
リウマチ膠原病内科,DR_RH011,0,再診,紹介状無し,6
リウマチ膠原病内科,DR_RH011,4,再診,紹介状無し,2
リウマチ膠原病内科,DR_RH012,0,再診,紹介状無し,1
リウマチ膠原病内科,DR_RH012,1,再診,紹介状無し,1
リウマチ膠原病内科,DR_RH012,2,再診,紹介状無し,1
リウマチ膠原病内科,DR_RH012,3,再診,紹介状無し,1
リウマチ膠原病内科,DR_RH012,4,再診,紹介状無し,1
リウマチ膠原病内科,DR_RH013,0,再診,紹介状無し,3
一般消化器外科,DR_BR005,0,再診,紹介状無し,5
一般消化器外科,DR_BR005,1,再診,紹介状無し,6
一般消化器外科,DR_BR005,2,再診,紹介状無し,14
一般消化器外科,DR_BR005,3,再診,紹介状無し,1
一般消化器外科,DR_BR005,4,再診,紹介状無し,5
一般消化器外科,DR_GS001,2,再診,紹介状無し,166
一般消化器外科,DR_GS001,2,初診,紹介状あり,3
一般消化器外科,DR_GS002,1,再診,紹介状無し,71
一般消化器外科,DR_GS002,1,初診,紹介状あり,4
一般消化器外科,DR_GS003,0,再診,紹介状無し,73
一般消化器外科,DR_GS003,0,初診,紹介状あり,8
一般消化器外科,DR_GS003,3,再診,紹介状無し,76
一般消化器外科,DR_GS003,3,初診,紹介状あり,8
一般消化器外科,DR_GS004,1,再診,紹介状無し,70
一般消化器外科,DR_GS004,1,初診,紹介状あり,1
一般消化器外科,DR_GS005,3,再診,紹介状無し,24
一般消化器外科,DR_GS005,3,初診,紹介状あり,1
一般消化器外科,DR_GS006,3,再診,紹介状無し,81
一般消化器外科,DR_GS006,3,初診,紹介状あり,2
一般消化器外科,DR_GS007,0,再診,紹介状無し,9
一般消化器外科,DR_GS007,1,再診,紹介状無し,8
一般消化器外科,DR_GS007,2,再診,紹介状無し,8
一般消化器外科,DR_GS007,3,再診,紹介状無し,3
一般消化器外科,DR_GS007,4,再診,紹介状無し,11
一般消化器外科,DR_GS008,2,再診,紹介状無し,37
一般消化器外科,DR_GS008,2,初診,紹介状あり,1
一般消化器外科,DR_GS009,0,再診,紹介状無し,25
一般消化器外科,DR_GS009,4,再診,紹介状無し,26
一般消化器外科,DR_GS009,4,初診,紹介状あり,1
一般消化器外科,DR_GS009,4,初診,紹介状無し,3
一般消化器外科,DR_GS010,4,再診,紹介状無し,12
一般消化器外科,DR_GS011,0,再診,紹介状無し,7
一般消化器外科,DR_GS011,0,初診,紹介状無し,1
一般消化器外科,DR_GS011,1,再診,紹介状無し,1
一般消化器外科,DR_GS011,1,初診,紹介状無し,1
一般消化器外科,DR_GS011,2,再診,紹介状無し,8
一般消化器外科,DR_GS011,3,再診,紹介状無し,5
一般消化器外科,DR_GS011,3,初診,紹介状あり,3
一般消化器外科,DR_GS011,4,再診,紹介状無し,9
一般消化器外科,DR_GS012,3,再診,紹介状無し,5
一般消化器外科,DR_GS013,0,再診,紹介状無し,2
一般消化器外科,DR_GS013,2,再診,紹介状無し,1
一般消化器外科,DR_GS013,3,再診,紹介状無し,3
一般消化器外科,DR_GS014,0,初診,紹介状あり,1
一般消化器外科,DR_GS014,1,再診,紹介状あり,1
一般消化器外科,DR_GS014,2,初診,紹介状無し,1
一般消化器外科,DR_GS014,4,初診,紹介状あり,1
一般消化器外科,DR_GS014,4,初診,紹介状無し,1
一般消化器外科,DR_GS014,5,初診,紹介状無し,1
一般消化器外科,DR_GS014,6,再診,紹介状無し,1
中央処置室,DR_XX002,0,再診,紹介状無し,29
中央処置室,DR_XX002,1,再診,紹介状無し,34
中央処置室,DR_XX002,2,再診,紹介状無し,29
中央処置室,DR_XX002,3,再診,紹介状無し,30
中央処置室,DR_XX002,4,再診,紹介状無し,29
乳腺外科,DR_BR001,2,再診,紹介状無し,64
乳腺外科,DR_BR001,3,再診,紹介状無し,4
乳腺外科,DR_BR001,3,初診,紹介状あり,2
乳腺外科,DR_BR001,4,再診,紹介状無し,6
乳腺外科,DR_BR002,0,再診,紹介状無し,114
乳腺外科,DR_BR002,0,初診,紹介状あり,6
乳腺外科,DR_BR002,0,初診,紹介状無し,3
乳腺外科,DR_BR002,2,再診,紹介状無し,159
乳腺外科,DR_BR002,2,初診,紹介状あり,7
乳腺外科,DR_BR002,4,再診,紹介状無し,14
乳腺外科,DR_BR002,4,初診,紹介状あり,7
乳腺外科,DR_BR003,0,再診,紹介状無し,40
乳腺外科,DR_BR003,0,初診,紹介状あり,5
乳腺外科,DR_BR003,1,再診,紹介状無し,200
乳腺外科,DR_BR003,1,初診,紹介状あり,4
乳腺外科,DR_BR003,1,初診,紹介状無し,1
乳腺外科,DR_BR004,0,再診,紹介状無し,7
乳腺外科,DR_BR004,2,再診,紹介状無し,6
乳腺外科,DR_BR004,4,再診,紹介状無し,8
乳腺外科,DR_BR005,0,再診,紹介状無し,3
乳腺外科,DR_BR006,4,再診,紹介状無し,208
乳腺外科,DR_BR006,4,初診,紹介状無し,1
乳腺外科,DR_BR007,3,再診,紹介状無し,78
乳腺外科,DR_BR007,3,初診,紹介状あり,6
乳腺外科,DR_BR008,1,再診,紹介状無し,76
乳腺外科,DR_BR008,1,初診,紹介状あり,5
乳腺外科,DR_BR009,0,再診,紹介状無し,5
乳腺外科,DR_BR009,1,再診,紹介状無し,2
乳腺外科,DR_BR009,2,再診,紹介状無し,4
乳腺外科,DR_BR009,4,再診,紹介状無し,2
乳腺外科,DR_BR010,4,再診,紹介状無し,2
乳腺外科,DR_BR011,5,再診,紹介状無し,3
乳腺外科,DR_BR011,5,初診,紹介状無し,3
乳腺外科,DR_BR011,6,再診,紹介状無し,2
乳腺外科,DR_BR011,6,初診,紹介状無し,1
乳腺外科,DR_BR012,0,再診,紹介状無し,1
乳腺外科,DR_BR012,2,再診,紹介状無し,1
乳腺外科,DR_BR012,3,再診,紹介状無し,1
乳腺外科,DR_BR012,4,再診,紹介状無し,1
乳腺外科,DR_BR013,1,再診,紹介状無し,3
乳腺外科,DR_BR013,3,再診,紹介状無し,1
健診センター,DR_XX012,1,再診,紹介状無し,17
健診センター,DR_XX012,2,再診,紹介状無し,23
健診センター,DR_XX012,3,再診,紹介状無し,13
健診センター,DR_XX012,4,再診,紹介状無し,12
入退院支援センター,DR_AD001,0,再診,紹介状無し,106
入退院支援センター,DR_AD001,1,再診,紹介状無し,93
入退院支援センター,DR_AD001,2,再診,紹介状無し,144
入退院支援センター,DR_AD001,3,再診,紹介状無し,108
入退院支援センター,DR_AD001,4,再診,紹介状無し,111
内科,DR_IM001,0,再診,紹介状あり,2
内科,DR_IM001,0,再診,紹介状無し,14
内科,DR_IM001,0,初診,紹介状あり,2
内科,DR_IM001,0,初診,紹介状無し,13
内科,DR_IM001,1,再診,紹介状あり,1
内科,DR_IM001,1,再診,紹介状無し,9
内科,DR_IM001,1,初診,紹介状無し,20
内科,DR_IM001,2,再診,紹介状あり,2
内科,DR_IM001,2,再診,紹介状無し,14
内科,DR_IM001,2,初診,紹介状あり,3
内科,DR_IM001,2,初診,紹介状無し,17
内科,DR_IM001,3,再診,紹介状あり,2
内科,DR_IM001,3,再診,紹介状無し,13
内科,DR_IM001,3,初診,紹介状あり,2
内科,DR_IM001,3,初診,紹介状無し,14
内科,DR_IM001,4,再診,紹介状あり,2
内科,DR_IM001,4,再診,紹介状無し,7
内科,DR_IM001,4,初診,紹介状あり,3
内科,DR_IM001,4,初診,紹介状無し,19
内科,DR_IM001,5,再診,紹介状あり,3
内科,DR_IM001,5,再診,紹介状無し,13
内科,DR_IM001,5,初診,紹介状あり,5
内科,DR_IM001,5,初診,紹介状無し,15
内科,DR_IM001,6,再診,紹介状あり,2
内科,DR_IM001,6,再診,紹介状無し,28
内科,DR_IM001,6,初診,紹介状あり,3
内科,DR_IM001,6,初診,紹介状無し,23
呼吸器内科,DR_AL001,4,再診,紹介状無し,38
呼吸器内科,DR_AL001,4,初診,紹介状あり,8
呼吸器内科,DR_AL002,1,再診,紹介状無し,84
呼吸器内科,DR_AL002,1,初診,紹介状あり,4
呼吸器内科,DR_AL002,1,初診,紹介状無し,1
呼吸器内科,DR_AL002,3,再診,紹介状無し,37
呼吸器内科,DR_RS2002,2,再診,紹介状無し,17
呼吸器内科,DR_RS2003,2,再診,紹介状無し,59
呼吸器内科,DR_RS2003,2,初診,紹介状あり,5
呼吸器内科,DR_RS2003,2,初診,紹介状無し,3
呼吸器内科,DR_RS2003,3,再診,紹介状無し,63
呼吸器内科,DR_RS2003,3,初診,紹介状あり,6
呼吸器内科,DR_RS2004,0,再診,紹介状無し,37
呼吸器内科,DR_RS2004,1,再診,紹介状無し,48
呼吸器内科,DR_RS2004,2,再診,紹介状無し,64
呼吸器内科,DR_RS2004,3,再診,紹介状無し,44
呼吸器内科,DR_RS2004,4,再診,紹介状無し,17
呼吸器内科,DR_RS2005,1,再診,紹介状無し,91
呼吸器内科,DR_RS2005,1,初診,紹介状あり,4
呼吸器内科,DR_RS2006,0,再診,紹介状無し,38
呼吸器内科,DR_RS2006,0,初診,紹介状あり,1
呼吸器内科,DR_RS2006,2,再診,紹介状無し,61
呼吸器内科,DR_RS2006,2,初診,紹介状あり,1
呼吸器内科,DR_RS2007,0,再診,紹介状無し,16
呼吸器内科,DR_RS2008,0,再診,紹介状無し,29
呼吸器内科,DR_RS2008,0,初診,紹介状あり,3
呼吸器内科,DR_RS2008,4,再診,紹介状無し,20
呼吸器内科,DR_RS2008,4,初診,紹介状あり,2
呼吸器内科,DR_RS2008,4,初診,紹介状無し,1
呼吸器内科,DR_RS2009,0,再診,紹介状あり,1
呼吸器内科,DR_RS2009,0,再診,紹介状無し,21
呼吸器内科,DR_RS2009,0,初診,紹介状あり,2
呼吸器内科,DR_RS2009,1,再診,紹介状無し,13
呼吸器内科,DR_RS2009,1,初診,紹介状あり,2
呼吸器内科,DR_RS2009,2,再診,紹介状無し,21
呼吸器内科,DR_RS2009,2,初診,紹介状あり,1
呼吸器内科,DR_RS2009,2,初診,紹介状無し,1
呼吸器内科,DR_RS2009,3,再診,紹介状無し,11
呼吸器内科,DR_RS2009,3,初診,紹介状あり,1
呼吸器内科,DR_RS2009,4,再診,紹介状無し,13
呼吸器内科,DR_RS2009,4,初診,紹介状あり,3
呼吸器内科,DR_RS2010,1,再診,紹介状無し,32
呼吸器内科,DR_RS2010,1,初診,紹介状あり,5
呼吸器内科,DR_RS2010,1,初診,紹介状無し,3
呼吸器内科,DR_RS2010,4,再診,紹介状無し,42
呼吸器内科,DR_RS2011,1,再診,紹介状あり,1
呼吸器内科,DR_RS2011,1,再診,紹介状無し,1
呼吸器内科,DR_RS2011,1,初診,紹介状あり,1
呼吸器内科,DR_RS2011,3,初診,紹介状あり,1
呼吸器内科,DR_RS2011,4,初診,紹介状あり,1
呼吸器内科,DR_RS2011,5,再診,紹介状無し,1
呼吸器内科,DR_RS2011,6,再診,紹介状無し,1
呼吸器内科,DR_RS2013,0,再診,紹介状無し,2
呼吸器内科,DR_RS2013,1,再診,紹介状無し,7
呼吸器内科,DR_RS2013,2,再診,紹介状無し,2
呼吸器内科,DR_RS2013,3,再診,紹介状無し,2
呼吸器内科,DR_RS2013,4,再診,紹介状無し,1
呼吸器内科,DR_RS2016,0,再診,紹介状無し,3
呼吸器外科,DR_RS2001,2,再診,紹介状無し,36
呼吸器外科,DR_RS2001,2,初診,紹介状あり,1
呼吸器外科,DR_RS2001,3,再診,紹介状無し,27
呼吸器外科,DR_RS2012,0,再診,紹介状無し,35
呼吸器外科,DR_RS2012,0,初診,紹介状あり,1
呼吸器外科,DR_RS2012,3,再診,紹介状無し,41
呼吸器外科,DR_RS2012,3,初診,紹介状あり,1
呼吸器外科,DR_RS2014,0,再診,紹介状無し,2
呼吸器外科,DR_RS2014,1,再診,紹介状無し,1
呼吸器外科,DR_RS2014,2,再診,紹介状無し,1
呼吸器外科,DR_RS2014,3,再診,紹介状無し,1
呼吸器外科,DR_RS2015,4,再診,紹介状無し,1
呼吸器外科,DR_XX022,4,再診,紹介状無し,3
外来手術室,DR_OT001,0,再診,紹介状無し,28
外来手術室,DR_OT001,1,再診,紹介状無し,35
外来手術室,DR_OT001,2,再診,紹介状無し,60
外来手術室,DR_OT001,3,再診,紹介状無し,28
外来手術室,DR_OT001,4,再診,紹介状無し,39
外来手術室,DR_OT002,0,再診,紹介状無し,34
外来手術室,DR_OT002,2,再診,紹介状無し,26
外来手術室,DR_OT002,3,再診,紹介状無し,20
外来手術室,DR_OT002,4,再診,紹介状無し,5
外来手術室,DR_OT003,0,再診,紹介状無し,6
外来手術室,DR_OT003,1,再診,紹介状無し,7
外来手術室,DR_OT003,2,再診,紹介状無し,10
外来手術室,DR_OT003,4,再診,紹介状無し,8
外来手術室,DR_OT004,0,再診,紹介状無し,1
外来手術室,DR_OT004,4,再診,紹介状無し,4
外来手術室,DR_OT005,0,再診,紹介状無し,9
外来手術室,DR_OT005,3,再診,紹介状無し,10
外来手術室,DR_OT006,4,再診,紹介状無し,1
外来手術室,DR_OT007,2,再診,紹介状無し,12
外来手術室,DR_OT008,1,再診,紹介状無し,1
外来手術室,DR_OT008,2,再診,紹介状無し,3
外来手術室,DR_OT009,1,再診,紹介状無し,4
外来手術室,DR_OT009,3,再診,紹介状無し,7
外来手術室,DR_OT010,2,再診,紹介状無し,2
外来手術室,DR_OT011,0,再診,紹介状無し,1
外来手術室,DR_OT011,1,再診,紹介状無し,1
外来手術室,DR_OT011,2,再診,紹介状無し,1
外来手術室,DR_OT012,1,再診,紹介状無し,4
外来手術室,DR_OT013,3,再診,紹介状無し,1
外来手術室,DR_OT013,4,再診,紹介状無し,1
外来手術室,DR_OT014,4,再診,紹介状無し,4
外来手術室,DR_OT015,2,再診,紹介状無し,1
小児科,DR_PD001,0,再診,紹介状無し,15
小児科,DR_PD001,0,初診,紹介状あり,2
小児科,DR_PD001,0,初診,紹介状無し,3
小児科,DR_PD001,1,再診,紹介状無し,10
小児科,DR_PD001,1,初診,紹介状あり,3
小児科,DR_PD001,2,再診,紹介状無し,20
小児科,DR_PD001,2,初診,紹介状あり,4
小児科,DR_PD001,2,初診,紹介状無し,1
小児科,DR_PD002,1,再診,紹介状無し,14
小児科,DR_PD002,1,初診,紹介状無し,1
小児科,DR_PD002,3,再診,紹介状無し,19
小児科,DR_PD002,3,初診,紹介状あり,3
小児科,DR_PD003,1,再診,紹介状無し,14
小児科,DR_PD003,1,初診,紹介状あり,1
小児科,DR_PD003,2,再診,紹介状無し,12
小児科,DR_PD003,4,再診,紹介状無し,8
小児科,DR_PD003,4,初診,紹介状あり,3
小児科,DR_PD003,4,初診,紹介状無し,1
小児科,DR_PD004,0,再診,紹介状無し,15
小児科,DR_PD004,0,初診,紹介状あり,1
小児科,DR_PD004,3,再診,紹介状無し,20
小児科,DR_PD004,3,初診,紹介状あり,6
小児科,DR_PD004,4,再診,紹介状無し,10
小児科,DR_PD005,3,再診,紹介状無し,16
小児科,DR_PD005,3,初診,紹介状あり,1
小児科,DR_PD005,3,初診,紹介状無し,1
小児科,DR_PD006,0,再診,紹介状無し,9
小児科,DR_PD006,0,初診,紹介状あり,2
小児科,DR_PD006,0,初診,紹介状無し,1
小児科,DR_PD006,2,再診,紹介状無し,15
小児科,DR_PD006,4,再診,紹介状無し,21
小児科,DR_PD006,4,初診,紹介状あり,3
小児科,DR_PD007,0,再診,紹介状無し,12
小児科,DR_PD007,1,再診,紹介状無し,14
小児科,DR_PD007,2,再診,紹介状無し,16
小児科,DR_PD007,2,初診,紹介状あり,1
小児科,DR_PD008,1,再診,紹介状無し,6
小児科,DR_PD008,4,再診,紹介状無し,27
小児科,DR_PD008,4,初診,紹介状あり,1
小児科,DR_PD009,0,再診,紹介状無し,14
小児科,DR_PD009,0,初診,紹介状あり,1
小児科,DR_PD010,0,初診,紹介状無し,5
小児科,DR_PD010,1,初診,紹介状無し,4
小児科,DR_PD010,2,初診,紹介状あり,3
小児科,DR_PD010,2,初診,紹介状無し,1
小児科,DR_PD010,3,初診,紹介状無し,2
小児科,DR_PD010,4,初診,紹介状無し,3
小児科,DR_PD010,5,再診,紹介状あり,2
小児科,DR_PD010,5,再診,紹介状無し,1
小児科,DR_PD010,5,初診,紹介状あり,2
小児科,DR_PD010,5,初診,紹介状無し,3
小児科,DR_PD010,6,初診,紹介状無し,8
小児科,DR_PD011,0,再診,紹介状無し,2
小児科,DR_PD011,0,初診,紹介状あり,3
小児科,DR_PD011,0,初診,紹介状無し,1
小児科,DR_PD011,1,再診,紹介状無し,2
小児科,DR_PD011,1,初診,紹介状あり,1
小児科,DR_PD011,2,再診,紹介状無し,5
小児科,DR_PD011,2,初診,紹介状あり,2
小児科,DR_PD011,2,初診,紹介状無し,1
小児科,DR_PD011,3,再診,紹介状無し,2
小児科,DR_PD011,3,初診,紹介状あり,1
小児科,DR_PD011,3,初診,紹介状無し,1
小児科,DR_PD011,4,再診,紹介状あり,1
小児科,DR_PD011,4,再診,紹介状無し,2
小児科,DR_PD011,4,初診,紹介状あり,2
小児科,DR_PD011,4,初診,紹介状無し,3
小児科,DR_PD012,1,再診,紹介状無し,1
小児科,DR_PD012,3,再診,紹介状無し,1
小児科,DR_PD012,4,再診,紹介状無し,1
小児科,DR_PD013,0,再診,紹介状無し,2
小児科,DR_PD013,1,再診,紹介状無し,1
小児科,DR_PD013,2,再診,紹介状無し,2
小児科,DR_PD013,3,再診,紹介状無し,2
小児科,DR_PD014,1,再診,紹介状無し,2
小児科,DR_PD014,2,再診,紹介状無し,1
小児科,DR_PD014,3,再診,紹介状無し,1
小児科,DR_PD015,1,再診,紹介状無し,3
小児科,DR_PD015,3,再診,紹介状無し,8
小児科,DR_PD015,3,初診,紹介状あり,3
小児科,DR_PD015,4,再診,紹介状無し,1
小児科,DR_XX020,2,再診,紹介状無し,16
小児科,DR_XX020,2,初診,紹介状あり,1
形成外科,DR_PD012,2,再診,紹介状無し,3
形成外科,DR_PD012,4,再診,紹介状無し,1
形成外科,DR_PS001,0,再診,紹介状無し,1
形成外科,DR_PS001,1,再診,紹介状無し,3
形成外科,DR_PS001,1,初診,紹介状あり,1
形成外科,DR_PS001,1,初診,紹介状無し,1
形成外科,DR_PS001,2,再診,紹介状無し,2
形成外科,DR_PS001,3,再診,紹介状無し,1
形成外科,DR_PS001,4,再診,紹介状無し,1
形成外科,DR_PS001,4,初診,紹介状あり,1
形成外科,DR_PS001,4,初診,紹介状無し,1
形成外科,DR_PS002,1,再診,紹介状無し,18
形成外科,DR_PS002,1,初診,紹介状あり,1
形成外科,DR_PS003,1,再診,紹介状無し,58
形成外科,DR_PS003,1,初診,紹介状あり,3
形成外科,DR_PS003,3,再診,紹介状無し,50
形成外科,DR_PS003,3,初診,紹介状あり,5
形成外科,DR_PS004,0,再診,紹介状無し,40
形成外科,DR_PS004,0,初診,紹介状あり,1
形成外科,DR_PS004,4,再診,紹介状無し,26
形成外科,DR_PS005,0,再診,紹介状無し,40
形成外科,DR_PS005,0,初診,紹介状あり,1
形成外科,DR_PS005,4,再診,紹介状無し,47
形成外科,DR_PS005,4,初診,紹介状あり,3
形成外科,DR_PS005,4,初診,紹介状無し,1
形成外科,DR_PS006,3,再診,紹介状無し,17
形成外科,DR_PS007,1,再診,紹介状無し,4
形成外科,DR_PS007,3,再診,紹介状無し,1
形成外科,DR_PS007,4,再診,紹介状無し,4
形成外科,DR_PS008,2,再診,紹介状無し,15
形成外科,DR_PS009,1,再診,紹介状無し,9
形成外科,DR_PS010,3,再診,紹介状無し,2
形成外科,DR_PS011,0,再診,紹介状無し,10
形成外科,DR_PS012,0,初診,紹介状無し,1
形成外科,DR_PS012,5,再診,紹介状無し,2
形成外科,DR_PS013,1,再診,紹介状無し,1
形成外科,DR_PS014,0,再診,紹介状無し,1
循環器内科,DR_CV001,0,再診,紹介状あり,1
循環器内科,DR_CV001,0,再診,紹介状無し,116
循環器内科,DR_CV001,0,初診,紹介状あり,12
循環器内科,DR_CV001,2,再診,紹介状無し,59
循環器内科,DR_CV001,2,初診,紹介状あり,21
循環器内科,DR_CV002,0,再診,紹介状無し,26
循環器内科,DR_CV002,0,初診,紹介状あり,2
循環器内科,DR_CV002,1,再診,紹介状無し,26
循環器内科,DR_CV002,1,初診,紹介状あり,3
循環器内科,DR_CV002,2,再診,紹介状あり,1
循環器内科,DR_CV002,2,再診,紹介状無し,26
循環器内科,DR_CV002,2,初診,紹介状あり,3
循環器内科,DR_CV002,3,再診,紹介状あり,1
循環器内科,DR_CV002,3,再診,紹介状無し,38
循環器内科,DR_CV002,3,初診,紹介状あり,1
循環器内科,DR_CV002,4,再診,紹介状無し,21
循環器内科,DR_CV002,4,初診,紹介状あり,1
循環器内科,DR_CV002,4,初診,紹介状無し,1
循環器内科,DR_CV003,2,再診,紹介状無し,89
循環器内科,DR_CV004,2,再診,紹介状無し,104
循環器内科,DR_CV004,2,初診,紹介状あり,9
循環器内科,DR_CV004,2,初診,紹介状無し,1
循環器内科,DR_CV005,0,初診,紹介状あり,2
循環器内科,DR_CV005,0,初診,紹介状無し,1
循環器内科,DR_CV005,1,再診,紹介状あり,1
循環器内科,DR_CV005,1,再診,紹介状無し,1
循環器内科,DR_CV005,1,初診,紹介状あり,1
循環器内科,DR_CV005,1,初診,紹介状無し,2
循環器内科,DR_CV005,2,再診,紹介状あり,1
循環器内科,DR_CV005,2,再診,紹介状無し,3
循環器内科,DR_CV005,2,初診,紹介状あり,1
循環器内科,DR_CV005,2,初診,紹介状無し,1
循環器内科,DR_CV005,3,再診,紹介状無し,2
循環器内科,DR_CV005,3,初診,紹介状あり,3
循環器内科,DR_CV005,3,初診,紹介状無し,1
循環器内科,DR_CV005,4,再診,紹介状無し,3
循環器内科,DR_CV005,4,初診,紹介状あり,3
循環器内科,DR_CV005,5,再診,紹介状無し,3
循環器内科,DR_CV005,5,初診,紹介状無し,2
循環器内科,DR_CV005,6,再診,紹介状無し,2
循環器内科,DR_CV005,6,初診,紹介状無し,5
循環器内科,DR_CV006,0,再診,紹介状無し,8
循環器内科,DR_CV006,1,再診,紹介状無し,87
循環器内科,DR_CV006,1,初診,紹介状あり,4
循環器内科,DR_CV007,1,再診,紹介状あり,1
循環器内科,DR_CV007,1,再診,紹介状無し,45
循環器内科,DR_CV007,1,初診,紹介状あり,9
循環器内科,DR_CV008,0,再診,紹介状無し,66
循環器内科,DR_CV008,0,初診,紹介状あり,11
循環器内科,DR_CV008,4,再診,紹介状無し,123
循環器内科,DR_CV009,3,再診,紹介状無し,2
循環器内科,DR_CV009,4,再診,紹介状無し,76
循環器内科,DR_CV009,4,初診,紹介状あり,4
循環器内科,DR_CV009,4,初診,紹介状無し,3
循環器内科,DR_CV010,3,再診,紹介状無し,117
循環器内科,DR_CV010,3,初診,紹介状あり,6
循環器内科,DR_CV011,3,再診,紹介状無し,61
循環器内科,DR_CV012,4,再診,紹介状無し,8
循環器内科,DR_CV012,4,初診,紹介状あり,5
循環器内科,DR_CV013,1,初診,紹介状あり,2
循環器内科,DR_CV014,2,再診,紹介状無し,2
循環器内科,DR_CV014,3,再診,紹介状無し,3
循環器内科,DR_CV014,4,再診,紹介状無し,1
循環器内科,DR_CV015,3,再診,紹介状無し,7
循環器内科,DR_CV016,2,再診,紹介状無し,1
循環器内科,DR_CV017,4,再診,紹介状無し,2
循環器内科,,2,再診,紹介状無し,2
心臓血管外科,DR_CS001,1,再診,紹介状無し,20
心臓血管外科,DR_CS001,1,初診,紹介状あり,2
心臓血管外科,DR_CS001,4,再診,紹介状無し,17
心臓血管外科,DR_CS001,4,初診,紹介状無し,1
心臓血管外科,DR_CS002,4,再診,紹介状無し,34
心臓血管外科,DR_CS003,0,再診,紹介状無し,2
心臓血管外科,DR_CS003,1,再診,紹介状無し,2
心臓血管外科,DR_CS003,2,再診,紹介状無し,1
心臓血管外科,DR_CS003,3,再診,紹介状無し,2
心臓血管外科,DR_CS003,4,再診,紹介状無し,4
心臓血管外科,DR_CS004,1,再診,紹介状無し,4
心臓血管外科,DR_CS005,5,初診,紹介状あり,1
感染症,DR_XX018,0,再診,紹介状無し,4
感染症,DR_XX018,1,再診,紹介状無し,8
感染症,DR_XX018,2,再診,紹介状無し,3
感染症,DR_XX018,3,再診,紹介状無し,2
感染症,DR_XX018,4,再診,紹介状無し,6
放射線治療科,DR_RT001,0,再診,紹介状無し,6
放射線治療科,DR_RT001,1,再診,紹介状無し,2
放射線治療科,DR_RT001,2,再診,紹介状無し,7
放射線治療科,DR_RT001,4,再診,紹介状無し,6
放射線治療科,DR_RT002,0,再診,紹介状無し,74
放射線治療科,DR_RT002,0,初診,紹介状あり,2
放射線治療科,DR_RT002,1,再診,紹介状無し,75
放射線治療科,DR_RT002,2,再診,紹介状無し,164
放射線治療科,DR_RT002,3,再診,紹介状無し,20
放射線治療科,DR_RT002,3,初診,紹介状あり,3
放射線治療科,DR_RT002,3,初診,紹介状無し,1
放射線治療科,DR_RT002,4,再診,紹介状無し,97
放射線治療科,DR_RT003,0,再診,紹介状無し,2
放射線治療科,DR_RT003,1,再診,紹介状無し,7
放射線治療科,DR_RT003,2,再診,紹介状無し,4
放射線治療科,DR_RT003,3,再診,紹介状無し,12
放射線治療科,DR_RT003,4,再診,紹介状無し,2
放射線治療科,DR_RT004,0,再診,紹介状無し,53
放射線治療科,DR_RT004,1,再診,紹介状無し,34
放射線治療科,DR_RT004,2,再診,紹介状無し,7
放射線治療科,DR_RT004,3,再診,紹介状無し,33
放射線治療科,DR_RT004,4,再診,紹介状無し,29
放射線治療科,DR_RT005,0,再診,紹介状無し,5
放射線治療科,DR_RT005,1,再診,紹介状無し,11
放射線治療科,DR_RT005,2,再診,紹介状無し,12
放射線治療科,DR_RT005,3,再診,紹介状無し,11
放射線治療科,DR_RT005,4,再診,紹介状無し,9
放射線治療科,DR_RT006,0,再診,紹介状無し,10
放射線治療科,DR_RT006,1,再診,紹介状無し,5
放射線治療科,DR_RT006,2,再診,紹介状無し,6
放射線治療科,DR_RT006,3,再診,紹介状無し,8
放射線治療科,DR_RT006,4,再診,紹介状無し,4
放射線治療科,DR_RT007,2,初診,紹介状あり,3
放射線治療科,DR_RT008,0,再診,紹介状無し,1
放射線治療科,DR_RT008,2,再診,紹介状無し,1
放射線治療科,DR_RT008,3,再診,紹介状無し,3
放射線治療科,DR_RT008,4,再診,紹介状無し,3
放射線治療科,DR_RT009,0,再診,紹介状無し,2
放射線治療科,DR_RT009,1,再診,紹介状無し,1
放射線治療科,DR_RT009,2,再診,紹介状無し,2
放射線治療科,DR_RT009,3,再診,紹介状無し,2
放射線治療科,DR_RT010,1,再診,紹介状無し,3
放射線治療科,DR_RT010,2,再診,紹介状無し,3
放射線治療科,DR_U002,0,再診,紹介状無し,2
放射線治療科,DR_U002,1,再診,紹介状無し,1
放射線治療科,DR_U002,2,再診,紹介状無し,1
放射線治療科,DR_U002,3,再診,紹介状無し,1
放射線診断科,DR_XX028,2,再診,紹介状無し,2
救急科,DR_ER001,0,再診,紹介状あり,1
救急科,DR_ER001,0,再診,紹介状無し,9
救急科,DR_ER001,0,初診,紹介状無し,26
救急科,DR_ER001,1,再診,紹介状無し,3
救急科,DR_ER001,1,初診,紹介状あり,3
救急科,DR_ER001,1,初診,紹介状無し,15
救急科,DR_ER001,2,再診,紹介状あり,1
救急科,DR_ER001,2,再診,紹介状無し,15
救急科,DR_ER001,2,初診,紹介状あり,1
救急科,DR_ER001,2,初診,紹介状無し,34
救急科,DR_ER001,3,再診,紹介状無し,7
救急科,DR_ER001,3,初診,紹介状あり,2
救急科,DR_ER001,3,初診,紹介状無し,23
救急科,DR_ER001,4,再診,紹介状無し,12
救急科,DR_ER001,4,初診,紹介状あり,2
救急科,DR_ER001,4,初診,紹介状無し,25
救急科,DR_ER001,5,再診,紹介状無し,16
救急科,DR_ER001,5,初診,紹介状無し,20
救急科,DR_ER001,6,再診,紹介状無し,9
救急科,DR_ER001,6,初診,紹介状無し,15
救急科,DR_ER002,0,再診,紹介状無し,3
救急科,DR_ER002,1,再診,紹介状無し,3
救急科,DR_ER002,2,再診,紹介状無し,3
救急科,DR_ER002,3,再診,紹介状無し,1
救急科,DR_ER002,4,再診,紹介状無し,3
整形外科,DR_OR001,2,再診,紹介状無し,55
整形外科,DR_OR001,2,初診,紹介状あり,10
整形外科,DR_OR002,1,再診,紹介状無し,1
整形外科,DR_OR002,2,再診,紹介状無し,4
整形外科,DR_OR002,4,再診,紹介状無し,1
整形外科,DR_OR003,2,再診,紹介状あり,1
整形外科,DR_OR003,2,再診,紹介状無し,123
整形外科,DR_OR003,2,初診,紹介状あり,20
整形外科,DR_OR003,2,初診,紹介状無し,1
整形外科,DR_OR003,4,再診,紹介状無し,74
整形外科,DR_OR003,4,初診,紹介状あり,8
整形外科,DR_OR004,1,再診,紹介状無し,92
整形外科,DR_OR004,1,初診,紹介状あり,10
整形外科,DR_OR004,1,初診,紹介状無し,2
整形外科,DR_OR005,0,再診,紹介状無し,14
整形外科,DR_OR005,0,初診,紹介状あり,4
整形外科,DR_OR005,1,再診,紹介状無し,10
整形外科,DR_OR005,1,初診,紹介状あり,3
整形外科,DR_OR005,2,再診,紹介状無し,15
整形外科,DR_OR005,2,初診,紹介状あり,1
整形外科,DR_OR005,2,初診,紹介状無し,2
整形外科,DR_OR005,3,再診,紹介状無し,12
整形外科,DR_OR005,3,初診,紹介状あり,4
整形外科,DR_OR005,4,再診,紹介状無し,13
整形外科,DR_OR006,1,再診,紹介状あり,1
整形外科,DR_OR006,1,再診,紹介状無し,76
整形外科,DR_OR006,1,初診,紹介状あり,9
整形外科,DR_OR007,0,再診,紹介状あり,2
整形外科,DR_OR007,0,再診,紹介状無し,84
整形外科,DR_OR007,0,初診,紹介状あり,12
整形外科,DR_OR008,0,再診,紹介状無し,35
整形外科,DR_OR008,0,初診,紹介状あり,1
整形外科,DR_OR009,3,再診,紹介状無し,20
整形外科,DR_OR009,4,再診,紹介状無し,58
整形外科,DR_OR010,3,再診,紹介状無し,29
整形外科,DR_OR010,3,初診,紹介状あり,6
整形外科,DR_OR011,3,再診,紹介状無し,23
整形外科,DR_OR012,0,再診,紹介状無し,8
整形外科,DR_OR012,1,再診,紹介状無し,48
整形外科,DR_OR012,2,再診,紹介状無し,28
整形外科,DR_OR012,3,再診,紹介状無し,19
整形外科,DR_OR012,3,初診,紹介状あり,1
整形外科,DR_OR012,4,再診,紹介状無し,11
整形外科,DR_OR013,1,再診,紹介状無し,42
整形外科,DR_OR013,1,初診,紹介状あり,4
整形外科,DR_OR013,1,初診,紹介状無し,1
整形外科,DR_OR014,1,再診,紹介状無し,36
整形外科,DR_OR014,1,初診,紹介状あり,6
整形外科,DR_OR014,2,再診,紹介状無し,11
整形外科,DR_OR015,0,再診,紹介状無し,46
整形外科,DR_OR015,0,初診,紹介状あり,13
整形外科,DR_OR015,0,初診,紹介状無し,2
整形外科,DR_OR016,0,再診,紹介状無し,9
整形外科,DR_OR017,0,再診,紹介状無し,11
整形外科,DR_OR017,0,初診,紹介状あり,1
整形外科,DR_OR018,4,再診,紹介状無し,30
整形外科,DR_OR018,4,初診,紹介状あり,4
整形外科,DR_OR019,3,再診,紹介状無し,30
整形外科,DR_OR019,3,初診,紹介状あり,4
整形外科,DR_OR020,4,再診,紹介状無し,42
整形外科,DR_OR020,4,初診,紹介状あり,9
整形外科,DR_OR021,3,再診,紹介状無し,3
整形外科,DR_OR022,3,再診,紹介状無し,68
整形外科,DR_OR022,3,初診,紹介状あり,12
整形外科,DR_OR023,2,再診,紹介状あり,1
整形外科,DR_OR023,2,再診,紹介状無し,21
整形外科,DR_OR023,2,初診,紹介状あり,9
整形外科,DR_OR024,0,初診,紹介状あり,1
整形外科,DR_OR024,1,再診,紹介状無し,3
整形外科,DR_OR024,1,初診,紹介状あり,1
整形外科,DR_OR024,1,初診,紹介状無し,2
整形外科,DR_OR024,2,再診,紹介状無し,1
整形外科,DR_OR024,2,初診,紹介状無し,1
整形外科,DR_OR024,3,再診,紹介状あり,1
整形外科,DR_OR024,3,初診,紹介状あり,1
整形外科,DR_OR024,4,再診,紹介状あり,1
整形外科,DR_OR024,4,初診,紹介状あり,1
整形外科,DR_OR024,4,初診,紹介状無し,1
整形外科,DR_OR024,5,再診,紹介状無し,2
整形外科,DR_OR024,5,初診,紹介状あり,1
整形外科,DR_OR024,5,初診,紹介状無し,1
整形外科,DR_OR024,6,初診,紹介状無し,1
整形外科,DR_OR025,3,再診,紹介状無し,11
整形外科,DR_OR026,3,再診,紹介状無し,4
整形外科,DR_OR027,0,再診,紹介状無し,1
整形外科,DR_OR028,1,再診,紹介状無し,1
整形外科,DR_OR029,3,再診,紹介状無し,1
整形外科,,3,再診,紹介状無し,1
歯科口腔外科,DR_OS001,2,再診,紹介状無し,26
歯科口腔外科,DR_OS001,2,初診,紹介状あり,14
歯科口腔外科,DR_OS001,2,初診,紹介状無し,1
歯科口腔外科,DR_OS002,0,再診,紹介状無し,46
歯科口腔外科,DR_OS002,0,初診,紹介状無し,3
歯科口腔外科,DR_OS002,1,再診,紹介状無し,29
歯科口腔外科,DR_OS002,1,初診,紹介状あり,23
歯科口腔外科,DR_OS002,1,初診,紹介状無し,1
歯科口腔外科,DR_OS002,2,再診,紹介状無し,8
歯科口腔外科,DR_OS002,3,再診,紹介状無し,38
歯科口腔外科,DR_OS003,0,再診,紹介状無し,14
歯科口腔外科,DR_OS003,0,初診,紹介状あり,5
歯科口腔外科,DR_OS003,0,初診,紹介状無し,1
歯科口腔外科,DR_OS003,1,再診,紹介状無し,34
歯科口腔外科,DR_OS003,2,再診,紹介状無し,4
歯科口腔外科,DR_OS003,3,再診,紹介状無し,19
歯科口腔外科,DR_OS003,3,初診,紹介状あり,9
歯科口腔外科,DR_OS004,0,再診,紹介状無し,44
歯科口腔外科,DR_OS004,1,再診,紹介状無し,44
歯科口腔外科,DR_OS004,1,初診,紹介状無し,1
歯科口腔外科,DR_OS004,2,再診,紹介状無し,5
歯科口腔外科,DR_OS004,3,再診,紹介状無し,30
歯科口腔外科,DR_OS004,3,初診,紹介状あり,18
歯科口腔外科,DR_OS004,3,初診,紹介状無し,3
歯科口腔外科,DR_OS005,0,再診,紹介状無し,8
歯科口腔外科,DR_OS005,0,初診,紹介状無し,1
歯科口腔外科,DR_OS005,1,再診,紹介状無し,2
歯科口腔外科,DR_OS005,2,再診,紹介状無し,1
歯科口腔外科,DR_OS005,2,初診,紹介状無し,4
歯科口腔外科,DR_OS005,3,再診,紹介状無し,2
歯科口腔外科,DR_OS006,0,再診,紹介状無し,6
歯科口腔外科,DR_OS006,0,初診,紹介状あり,14
歯科口腔外科,DR_OS006,0,初診,紹介状無し,1
歯科口腔外科,DR_OS006,1,再診,紹介状無し,30
歯科口腔外科,DR_OS006,3,再診,紹介状無し,25
歯科口腔外科,DR_OS007,4,再診,紹介状無し,18
歯科口腔外科,DR_OS008,0,再診,紹介状無し,5
歯科口腔外科,DR_OS008,1,再診,紹介状無し,6
歯科口腔外科,DR_OS008,1,初診,紹介状無し,2
歯科口腔外科,DR_OS008,2,再診,紹介状あり,1
歯科口腔外科,DR_OS008,2,再診,紹介状無し,2
歯科口腔外科,DR_OS008,2,初診,紹介状あり,11
歯科口腔外科,DR_OS008,2,初診,紹介状無し,1
歯科口腔外科,DR_OS008,3,再診,紹介状無し,6
歯科口腔外科,DR_OS008,3,初診,紹介状無し,3
歯科口腔外科,DR_OS009,4,再診,紹介状無し,22
歯科口腔外科,DR_OS009,4,初診,紹介状あり,13
歯科口腔外科,DR_OS010,1,再診,紹介状無し,3
歯科口腔外科,DR_OS010,1,初診,紹介状無し,1
歯科口腔外科,DR_OS010,2,再診,紹介状無し,6
歯科口腔外科,DR_OS010,2,初診,紹介状あり,1
歯科口腔外科,DR_OS010,2,初診,紹介状無し,2
歯科口腔外科,DR_OS010,3,再診,紹介状無し,1
歯科口腔外科,DR_OS010,4,再診,紹介状無し,4
歯科口腔外科,DR_OS010,4,初診,紹介状あり,3
歯科口腔外科,DR_OS011,0,再診,紹介状無し,9
歯科口腔外科,DR_OS011,1,再診,紹介状無し,2
歯科口腔外科,DR_OS011,1,初診,紹介状無し,3
歯科口腔外科,DR_OS011,2,再診,紹介状無し,1
歯科口腔外科,DR_OS011,2,初診,紹介状無し,5
歯科口腔外科,DR_OS011,3,再診,紹介状無し,7
歯科口腔外科,DR_OS011,3,初診,紹介状無し,3
歯科口腔外科,DR_OS011,4,再診,紹介状無し,3
歯科口腔外科,DR_OS011,4,初診,紹介状無し,3
歯科口腔外科,DR_OS012,0,再診,紹介状無し,1
歯科口腔外科,DR_OS012,1,再診,紹介状無し,1
歯科口腔外科,DR_OS012,2,再診,紹介状無し,1
歯科口腔外科,DR_OS012,3,再診,紹介状無し,5
歯科口腔外科,DR_OS012,4,再診,紹介状無し,1
歯科口腔外科,DR_OS013,0,再診,紹介状無し,2
歯科口腔外科,DR_OS013,2,再診,紹介状無し,2
歯科口腔外科,DR_OS013,2,初診,紹介状無し,2
歯科口腔外科,DR_OS013,3,再診,紹介状無し,1
歯科口腔外科,DR_OS013,4,初診,紹介状無し,1
歯科口腔外科,DR_OS014,4,再診,紹介状無し,12
歯科口腔外科,DR_OS015,4,再診,紹介状無し,14
歯科口腔外科,DR_OS016,0,再診,紹介状無し,4
歯科口腔外科,DR_OS016,0,初診,紹介状無し,1
歯科口腔外科,DR_OS016,1,再診,紹介状無し,3
歯科口腔外科,DR_OS016,3,再診,紹介状無し,4
歯科口腔外科,DR_OS017,2,再診,紹介状無し,8
歯科口腔外科,DR_OS017,2,初診,紹介状あり,2
歯科口腔外科,DR_OS018,4,再診,紹介状無し,2
歯科口腔外科,DR_OS019,5,再診,紹介状無し,4
泌尿器科,DR_U001,1,再診,紹介状無し,155
泌尿器科,DR_U001,1,初診,紹介状あり,3
泌尿器科,DR_U001,1,初診,紹介状無し,1
泌尿器科,DR_U001,2,再診,紹介状無し,297
泌尿器科,DR_U001,2,初診,紹介状あり,11
泌尿器科,DR_U002,0,再診,紹介状無し,41
泌尿器科,DR_U002,1,再診,紹介状無し,74
泌尿器科,DR_U002,2,再診,紹介状無し,74
泌尿器科,DR_U002,3,再診,紹介状無し,1
泌尿器科,DR_U002,4,再診,紹介状無し,42
泌尿器科,DR_U003,2,再診,紹介状無し,238
泌尿器科,DR_U003,4,再診,紹介状無し,161
泌尿器科,DR_U003,4,初診,紹介状あり,8
泌尿器科,DR_U003,4,初診,紹介状無し,2
泌尿器科,DR_U004,0,再診,紹介状無し,5
泌尿器科,DR_U004,1,再診,紹介状無し,2
泌尿器科,DR_U004,2,再診,紹介状無し,30
泌尿器科,DR_U004,3,再診,紹介状無し,5
泌尿器科,DR_U004,4,再診,紹介状無し,15
泌尿器科,DR_U005,0,再診,紹介状無し,41
泌尿器科,DR_U005,1,再診,紹介状無し,33
泌尿器科,DR_U005,2,再診,紹介状無し,91
泌尿器科,DR_U005,4,再診,紹介状無し,78
泌尿器科,DR_U006,1,再診,紹介状無し,98
泌尿器科,DR_U006,1,初診,紹介状あり,1
泌尿器科,DR_U006,1,初診,紹介状無し,1
泌尿器科,DR_U006,2,再診,紹介状無し,116
泌尿器科,DR_U006,2,初診,紹介状あり,2
泌尿器科,DR_U007,1,再診,紹介状無し,24
泌尿器科,DR_U007,1,初診,紹介状あり,4
泌尿器科,DR_U007,1,初診,紹介状無し,1
泌尿器科,DR_U007,2,再診,紹介状無し,71
泌尿器科,DR_U007,2,初診,紹介状無し,3
泌尿器科,DR_U008,0,再診,紹介状無し,168
泌尿器科,DR_U008,0,初診,紹介状あり,6
泌尿器科,DR_U008,0,初診,紹介状無し,2
泌尿器科,DR_U008,1,再診,紹介状無し,191
泌尿器科,DR_U008,1,初診,紹介状あり,3
泌尿器科,DR_U009,0,再診,紹介状無し,8
泌尿器科,DR_U009,3,再診,紹介状無し,1
泌尿器科,DR_U010,0,再診,紹介状無し,167
泌尿器科,DR_U010,0,初診,紹介状あり,4
泌尿器科,DR_U010,4,再診,紹介状無し,126
泌尿器科,DR_U010,4,初診,紹介状あり,5
泌尿器科,DR_U011,0,再診,紹介状無し,14
泌尿器科,DR_U011,1,再診,紹介状無し,8
泌尿器科,DR_U011,2,再診,紹介状無し,16
泌尿器科,DR_U011,4,再診,紹介状無し,8
泌尿器科,DR_U012,0,再診,紹介状無し,63
泌尿器科,DR_U012,4,再診,紹介状無し,115
泌尿器科,DR_U012,4,初診,紹介状あり,2
泌尿器科,DR_U012,4,初診,紹介状無し,1
泌尿器科,DR_U013,0,再診,紹介状無し,13
泌尿器科,DR_U013,1,再診,紹介状無し,11
泌尿器科,DR_U013,2,再診,紹介状無し,33
泌尿器科,DR_U013,4,再診,紹介状無し,9
泌尿器科,DR_U014,0,再診,紹介状無し,3
泌尿器科,DR_U014,1,再診,紹介状無し,4
泌尿器科,DR_U014,2,再診,紹介状無し,2
泌尿器科,DR_U014,3,再診,紹介状無し,4
泌尿器科,DR_U014,4,再診,紹介状無し,3
泌尿器科,DR_U015,3,再診,紹介状無し,39
泌尿器科,DR_U015,3,初診,紹介状あり,2
泌尿器科,DR_U016,3,再診,紹介状無し,13
泌尿器科,DR_U016,3,初診,紹介状無し,2
泌尿器科,DR_U017,0,再診,紹介状無し,3
泌尿器科,DR_U017,1,再診,紹介状無し,2
泌尿器科,DR_U017,2,再診,紹介状無し,4
泌尿器科,DR_U017,3,再診,紹介状無し,2
泌尿器科,DR_U017,4,再診,紹介状無し,2
泌尿器科,DR_U018,0,再診,紹介状無し,12
泌尿器科,DR_U018,1,再診,紹介状無し,23
泌尿器科,DR_U018,2,再診,紹介状無し,16
泌尿器科,DR_U018,3,再診,紹介状無し,17
泌尿器科,DR_U018,3,初診,紹介状あり,1
泌尿器科,DR_U018,4,再診,紹介状無し,15
泌尿器科,DR_U019,0,再診,紹介状無し,29
泌尿器科,DR_U019,0,初診,紹介状あり,5
泌尿器科,DR_U019,0,初診,紹介状無し,1
泌尿器科,DR_U019,4,再診,紹介状無し,17
泌尿器科,DR_U019,4,初診,紹介状あり,1
泌尿器科,DR_U019,4,初診,紹介状無し,2
泌尿器科,DR_U020,2,再診,紹介状無し,6
泌尿器科,DR_U020,4,再診,紹介状無し,1
泌尿器科,DR_U021,0,初診,紹介状あり,1
泌尿器科,DR_U021,2,初診,紹介状無し,1
泌尿器科,DR_U021,3,再診,紹介状あり,1
泌尿器科,DR_U021,3,初診,紹介状無し,4
泌尿器科,DR_U021,4,再診,紹介状無し,1
泌尿器科,DR_U021,4,初診,紹介状あり,1
泌尿器科,DR_U021,4,初診,紹介状無し,2
泌尿器科,DR_U021,5,初診,紹介状無し,2
泌尿器科,DR_U022,2,再診,紹介状無し,11
泌尿器科,DR_U023,3,再診,紹介状無し,3
泌尿器科,DR_U024,3,再診,紹介状無し,9
泌尿器科,DR_U024,3,初診,紹介状あり,1
泌尿器科,DR_U025,4,再診,紹介状無し,2
泌尿器科,DR_U026,3,初診,紹介状あり,2
消化器内科,DR_GI001,0,再診,紹介状無し,35
消化器内科,DR_GI001,0,初診,紹介状あり,1
消化器内科,DR_GI001,1,再診,紹介状無し,21
消化器内科,DR_GI001,1,初診,紹介状あり,4
消化器内科,DR_GI001,2,再診,紹介状無し,24
消化器内科,DR_GI001,2,初診,紹介状無し,1
消化器内科,DR_GI001,3,再診,紹介状無し,12
消化器内科,DR_GI001,4,再診,紹介状無し,20
消化器内科,DR_GI002,2,再診,紹介状無し,196
消化器内科,DR_GI002,3,再診,紹介状無し,19
消化器内科,DR_GI002,3,初診,紹介状あり,13
消化器内科,DR_GI002,3,初診,紹介状無し,4
消化器内科,DR_GI003,1,再診,紹介状無し,110
消化器内科,DR_GI003,1,初診,紹介状無し,1
消化器内科,DR_GI003,2,再診,紹介状無し,23
消化器内科,DR_GI003,2,初診,紹介状あり,22
消化器内科,DR_GI003,2,初診,紹介状無し,2
消化器内科,DR_GI004,1,再診,紹介状無し,11
消化器内科,DR_GI004,1,初診,紹介状あり,3
消化器内科,DR_GI004,2,再診,紹介状無し,8
消化器内科,DR_GI004,2,初診,紹介状あり,1
消化器内科,DR_GI004,2,初診,紹介状無し,1
消化器内科,DR_GI005,1,再診,紹介状無し,12
消化器内科,DR_GI005,1,初診,紹介状あり,15
消化器内科,DR_GI005,1,初診,紹介状無し,1
消化器内科,DR_GI005,4,再診,紹介状無し,158
消化器内科,DR_GI006,0,再診,紹介状無し,187
消化器内科,DR_GI006,4,再診,紹介状無し,22
消化器内科,DR_GI006,4,初診,紹介状あり,23
消化器内科,DR_GI006,4,初診,紹介状無し,2
消化器内科,DR_GI007,3,再診,紹介状無し,3
消化器内科,DR_GI008,0,再診,紹介状無し,20
消化器内科,DR_GI008,0,初診,紹介状あり,15
消化器内科,DR_GI008,0,初診,紹介状無し,1
消化器内科,DR_GI008,3,再診,紹介状無し,128
消化器内科,DR_GI009,0,再診,紹介状無し,18
消化器内科,DR_GI009,0,初診,紹介状あり,3
消化器内科,DR_GI010,0,再診,紹介状無し,2
消化器内科,DR_GI010,1,再診,紹介状無し,3
消化器内科,DR_GI010,2,再診,紹介状無し,1
消化器内科,DR_GI010,3,再診,紹介状無し,2
消化器内科,DR_GI010,4,再診,紹介状無し,3
消化器内科,DR_GI011,3,再診,紹介状無し,2
消化器内科,DR_GI012,0,再診,紹介状あり,1
消化器内科,DR_GI012,0,初診,紹介状無し,2
消化器内科,DR_GI012,1,再診,紹介状無し,1
消化器内科,DR_GI012,1,初診,紹介状あり,1
消化器内科,DR_GI012,4,初診,紹介状あり,1
消化器内科,DR_GI012,5,再診,紹介状無し,1
消化器内科,DR_GI012,6,再診,紹介状無し,4
消化器内科,DR_PD012,0,再診,紹介状無し,4
消化器内科,DR_PD012,1,再診,紹介状無し,6
消化器内科,DR_PD012,2,再診,紹介状無し,2
消化器内科,DR_PD012,3,再診,紹介状無し,7
消化器内科,DR_PD012,4,再診,紹介状無し,3
消化器内科,,2,初診,紹介状あり,1
産婦人科,DR_G001,0,再診,紹介状無し,47
産婦人科,DR_G001,1,再診,紹介状無し,38
産婦人科,DR_G001,2,再診,紹介状無し,92
産婦人科,DR_G002,0,再診,紹介状無し,2
産婦人科,DR_G002,1,再診,紹介状無し,2
産婦人科,DR_G002,2,再診,紹介状無し,22
産婦人科,DR_G002,3,再診,紹介状無し,2
産婦人科,DR_G003,2,再診,紹介状無し,148
産婦人科,DR_G003,3,再診,紹介状無し,81
産婦人科,DR_G003,3,初診,紹介状あり,9
産婦人科,DR_G004,0,再診,紹介状無し,209
産婦人科,DR_G004,2,再診,紹介状あり,1
産婦人科,DR_G004,2,再診,紹介状無し,48
産婦人科,DR_G004,2,初診,紹介状あり,34
産婦人科,DR_G004,2,初診,紹介状無し,1
産婦人科,DR_G005,2,再診,紹介状無し,138
産婦人科,DR_G005,4,再診,紹介状無し,93
産婦人科,DR_G005,4,初診,紹介状あり,6
産婦人科,DR_G006,1,再診,紹介状無し,24
産婦人科,DR_G006,1,初診,紹介状あり,11
産婦人科,DR_G006,1,初診,紹介状無し,1
産婦人科,DR_G006,3,再診,紹介状無し,72
産婦人科,DR_G006,4,再診,紹介状無し,25
産婦人科,DR_G006,4,初診,紹介状あり,10
産婦人科,DR_G007,1,再診,紹介状無し,58
産婦人科,DR_G007,1,初診,紹介状あり,1
産婦人科,DR_G007,3,再診,紹介状無し,29
産婦人科,DR_G007,3,初診,紹介状あり,7
産婦人科,DR_G008,0,再診,紹介状無し,47
産婦人科,DR_G008,0,初診,紹介状あり,11
産婦人科,DR_G008,3,再診,紹介状無し,94
産婦人科,DR_G008,3,初診,紹介状無し,1
産婦人科,DR_G009,4,再診,紹介状無し,24
産婦人科,DR_G009,4,初診,紹介状あり,1
産婦人科,DR_G010,1,再診,紹介状無し,8
産婦人科,DR_G010,2,再診,紹介状無し,5
産婦人科,DR_G010,3,再診,紹介状無し,1
産婦人科,DR_G010,4,再診,紹介状無し,5
産婦人科,DR_G011,0,再診,紹介状無し,5
産婦人科,DR_G011,0,初診,紹介状あり,1
産婦人科,DR_G011,1,再診,紹介状無し,15
産婦人科,DR_G011,2,再診,紹介状無し,20
産婦人科,DR_G011,2,初診,紹介状無し,2
産婦人科,DR_G011,3,再診,紹介状無し,6
産婦人科,DR_G011,3,初診,紹介状あり,1
産婦人科,DR_G011,3,初診,紹介状無し,4
産婦人科,DR_G011,4,再診,紹介状無し,8
産婦人科,DR_G011,4,初診,紹介状あり,2
産婦人科,DR_G012,0,再診,紹介状無し,8
産婦人科,DR_G012,1,再診,紹介状無し,5
産婦人科,DR_G012,2,再診,紹介状無し,10
産婦人科,DR_G012,3,再診,紹介状無し,2
産婦人科,DR_G012,4,再診,紹介状無し,6
産婦人科,DR_G013,0,初診,紹介状無し,1
産婦人科,DR_G013,1,再診,紹介状無し,1
産婦人科,DR_G013,1,初診,紹介状無し,2
産婦人科,DR_G013,2,再診,紹介状無し,2
産婦人科,DR_G013,2,初診,紹介状無し,1
産婦人科,DR_G013,3,再診,紹介状無し,1
産婦人科,DR_G013,3,初診,紹介状無し,1
産婦人科,DR_G013,4,再診,紹介状無し,1
産婦人科,DR_G013,4,初診,紹介状無し,4
産婦人科,DR_G013,5,再診,紹介状無し,3
産婦人科,DR_G013,6,再診,紹介状あり,1
産婦人科,DR_G013,6,再診,紹介状無し,6
産婦人科,DR_G013,6,初診,紹介状無し,6
産婦人科,DR_G014,1,再診,紹介状無し,3
産婦人科,DR_G014,2,再診,紹介状無し,3
産婦人科,DR_G014,3,再診,紹介状無し,1
産婦人科,DR_G014,4,再診,紹介状無し,4
産婦人科,DR_G015,0,再診,紹介状無し,5
産婦人科,DR_G015,2,再診,紹介状無し,7
産婦人科,DR_G016,3,再診,紹介状無し,3
産婦人科,DR_G016,4,再診,紹介状無し,2
産婦人科,DR_G017,1,再診,紹介状無し,2
皮膚・排泄ケア,DR_XX008,0,再診,紹介状無し,12
皮膚・排泄ケア,DR_XX008,1,再診,紹介状無し,7
皮膚・排泄ケア,DR_XX008,2,再診,紹介状無し,11
皮膚・排泄ケア,DR_XX008,3,再診,紹介状無し,3
皮膚・排泄ケア,DR_XX008,4,再診,紹介状無し,11
皮膚科,DR_DM001,0,再診,紹介状無し,36
皮膚科,DR_DM001,1,再診,紹介状無し,17
皮膚科,DR_DM001,2,再診,紹介状無し,42
皮膚科,DR_DM001,2,初診,紹介状あり,24
皮膚科,DR_DM001,2,初診,紹介状無し,3
皮膚科,DR_DM001,3,再診,紹介状無し,3
皮膚科,DR_DM001,4,再診,紹介状無し,59
皮膚科,DR_DM001,4,初診,紹介状無し,1
皮膚科,DR_DM002,0,再診,紹介状無し,50
皮膚科,DR_DM002,1,再診,紹介状無し,39
皮膚科,DR_DM002,1,初診,紹介状あり,9
皮膚科,DR_DM002,1,初診,紹介状無し,1
皮膚科,DR_DM002,2,再診,紹介状無し,34
皮膚科,DR_DM002,3,再診,紹介状無し,9
皮膚科,DR_DM002,4,再診,紹介状無し,17
皮膚科,DR_DM003,0,再診,紹介状無し,11
皮膚科,DR_DM003,0,初診,紹介状あり,12
皮膚科,DR_DM003,0,初診,紹介状無し,4
皮膚科,DR_DM003,1,再診,紹介状無し,9
皮膚科,DR_DM003,2,再診,紹介状無し,44
皮膚科,DR_DM003,3,再診,紹介状無し,2
皮膚科,DR_DM003,4,再診,紹介状無し,70
皮膚科,DR_DM004,0,再診,紹介状無し,4
皮膚科,DR_DM004,1,再診,紹介状無し,13
皮膚科,DR_DM004,2,再診,紹介状無し,7
皮膚科,DR_DM004,4,再診,紹介状無し,2
皮膚科,DR_DM005,1,再診,紹介状無し,82
皮膚科,DR_DM005,1,初診,紹介状無し,1
皮膚科,DR_DM005,2,再診,紹介状無し,3
皮膚科,DR_DM006,0,再診,紹介状無し,19
皮膚科,DR_DM006,1,再診,紹介状無し,28
皮膚科,DR_DM006,2,再診,紹介状無し,71
皮膚科,DR_DM006,3,再診,紹介状無し,2
皮膚科,DR_DM006,4,再診,紹介状無し,43
皮膚科,DR_DM006,4,初診,紹介状あり,11
皮膚科,DR_DM006,4,初診,紹介状無し,4
皮膚科,DR_DM007,3,再診,紹介状無し,37
皮膚科,DR_DM008,0,再診,紹介状無し,14
皮膚科,DR_DM008,1,再診,紹介状無し,8
皮膚科,DR_DM008,2,再診,紹介状無し,12
皮膚科,DR_DM008,3,再診,紹介状無し,5
皮膚科,DR_DM008,4,再診,紹介状無し,14
皮膚科,DR_DM009,3,再診,紹介状無し,37
皮膚科,DR_DM009,3,初診,紹介状あり,7
皮膚科,DR_DM009,3,初診,紹介状無し,3
皮膚科,DR_DM010,1,再診,紹介状無し,2
皮膚科,DR_DM010,1,初診,紹介状あり,1
皮膚科,DR_DM010,2,再診,紹介状無し,1
皮膚科,DR_DM010,3,再診,紹介状無し,2
皮膚科,DR_DM010,4,再診,紹介状無し,3
皮膚科,DR_DM011,0,再診,紹介状無し,1
皮膚科,DR_DM012,1,初診,紹介状無し,1
看護部,DR_XX006,0,再診,紹介状無し,9
看護部,DR_XX006,1,再診,紹介状無し,23
看護部,DR_XX006,2,再診,紹介状無し,41
看護部,DR_XX006,3,再診,紹介状無し,23
看護部,DR_XX006,4,再診,紹介状無し,2
看護部,DR_XX015,1,再診,紹介状無し,1
看護部,DR_XX015,4,再診,紹介状無し,9
看護部,DR_XX021,3,再診,紹介状無し,7
眼科,DR_E001,1,再診,紹介状無し,48
眼科,DR_E001,1,初診,紹介状あり,2
眼科,DR_E001,2,再診,紹介状無し,115
眼科,DR_E001,2,初診,紹介状無し,3
眼科,DR_E001,3,再診,紹介状無し,37
眼科,DR_E001,3,初診,紹介状あり,14
眼科,DR_E002,0,再診,紹介状無し,96
眼科,DR_E002,2,再診,紹介状無し,25
眼科,DR_E002,2,初診,紹介状あり,29
眼科,DR_E002,2,初診,紹介状無し,1
眼科,DR_E002,4,再診,紹介状無し,10
眼科,DR_E003,0,再診,紹介状無し,13
眼科,DR_E003,1,再診,紹介状無し,26
眼科,DR_E003,2,再診,紹介状無し,36
眼科,DR_E003,3,再診,紹介状無し,19
眼科,DR_E003,4,再診,紹介状無し,16
眼科,DR_E004,0,再診,紹介状無し,10
眼科,DR_E004,0,初診,紹介状あり,6
眼科,DR_E004,2,再診,紹介状無し,32
眼科,DR_E004,2,初診,紹介状無し,1
眼科,DR_E005,0,再診,紹介状無し,29
眼科,DR_E005,1,再診,紹介状無し,24
眼科,DR_E005,2,再診,紹介状無し,43
眼科,DR_E005,3,再診,紹介状無し,28
眼科,DR_E005,4,再診,紹介状無し,17
眼科,DR_E006,1,再診,紹介状無し,17
眼科,DR_E006,2,再診,紹介状無し,75
眼科,DR_E006,2,初診,紹介状あり,24
眼科,DR_E006,4,再診,紹介状無し,63
眼科,DR_E006,4,初診,紹介状あり,2
眼科,DR_E007,1,再診,紹介状無し,37
眼科,DR_E007,1,初診,紹介状あり,11
眼科,DR_E007,4,再診,紹介状無し,61
眼科,DR_E008,0,再診,紹介状無し,89
眼科,DR_E008,4,再診,紹介状無し,1
眼科,DR_E008,4,初診,紹介状あり,13
眼科,DR_E009,1,再診,紹介状無し,98
眼科,DR_E009,2,再診,紹介状無し,9
眼科,DR_E009,2,初診,紹介状あり,15
眼科,DR_E009,2,初診,紹介状無し,3
眼科,DR_E009,3,再診,紹介状無し,46
眼科,DR_E010,1,再診,紹介状無し,67
眼科,DR_E010,3,再診,紹介状無し,50
眼科,DR_E011,0,再診,紹介状無し,53
眼科,DR_E011,0,初診,紹介状あり,18
眼科,DR_E011,4,再診,紹介状無し,101
眼科,DR_E012,0,再診,紹介状無し,10
眼科,DR_E012,0,初診,紹介状あり,6
眼科,DR_E012,1,再診,紹介状無し,15
眼科,DR_E012,1,初診,紹介状あり,19
眼科,DR_E012,3,再診,紹介状無し,18
眼科,DR_E012,3,初診,紹介状あり,7
眼科,DR_E012,3,初診,紹介状無し,1
眼科,DR_E012,4,再診,紹介状無し,10
眼科,DR_E012,4,初診,紹介状あり,8
眼科,DR_E013,0,再診,紹介状無し,23
眼科,DR_E013,3,再診,紹介状無し,20
眼科,DR_E014,0,再診,紹介状無し,5
眼科,DR_E014,1,再診,紹介状無し,5
眼科,DR_E014,2,再診,紹介状無し,5
眼科,DR_E014,4,再診,紹介状無し,3
眼科,DR_E015,0,初診,紹介状無し,1
眼科,DR_E015,2,初診,紹介状無し,1
眼科,DR_E015,3,再診,紹介状無し,3
眼科,DR_E015,4,初診,紹介状無し,1
眼科,DR_E015,5,再診,紹介状無し,10
眼科,DR_E016,0,再診,紹介状無し,34
眼科,DR_E016,2,再診,紹介状無し,26
眼科,DR_E016,3,再診,紹介状無し,20
眼科,DR_E016,4,再診,紹介状無し,5
眼科,DR_E017,0,再診,紹介状無し,40
眼科,DR_E017,0,初診,紹介状あり,1
眼科,DR_E017,1,再診,紹介状無し,18
眼科,DR_E017,2,再診,紹介状無し,46
眼科,DR_E017,3,再診,紹介状無し,57
眼科,DR_E017,3,初診,紹介状無し,1
眼科,DR_E017,4,再診,紹介状無し,67
眼科,DR_E018,0,再診,紹介状無し,52
眼科,DR_E018,1,再診,紹介状無し,8
眼科,DR_E018,2,再診,紹介状無し,59
眼科,DR_E018,3,再診,紹介状無し,19
眼科,DR_E018,4,再診,紹介状無し,60
眼科,DR_E019,4,再診,紹介状無し,31
眼科,DR_E020,0,再診,紹介状無し,3
眼科,DR_E020,1,再診,紹介状無し,19
眼科,DR_E020,2,再診,紹介状無し,3
眼科,DR_E020,3,再診,紹介状無し,30
眼科,DR_E020,4,再診,紹介状無し,14
眼科,DR_E021,1,再診,紹介状無し,13
眼科,DR_E021,3,再診,紹介状無し,20
眼科,DR_E021,4,再診,紹介状無し,14
眼科,DR_E022,0,再診,紹介状無し,1
眼科,DR_E022,2,再診,紹介状無し,4
眼科,DR_E023,0,再診,紹介状無し,2
眼科,DR_E023,0,初診,紹介状無し,2
眼科,DR_E023,1,再診,紹介状無し,2
眼科,DR_E023,2,再診,紹介状無し,5
眼科,DR_E023,3,初診,紹介状あり,1
眼科,DR_E023,4,再診,紹介状無し,1
眼科,DR_E023,4,初診,紹介状無し,1
眼科,DR_E024,2,再診,紹介状無し,64
眼科,DR_E025,1,再診,紹介状無し,23
眼科,DR_E026,2,再診,紹介状無し,3
眼科,DR_E026,4,再診,紹介状無し,2
眼科,DR_E027,3,再診,紹介状無し,3
眼科,DR_E028,1,再診,紹介状無し,4
眼科,DR_E029,3,再診,紹介状無し,14
眼科,DR_E030,0,再診,紹介状無し,3
眼科,DR_E030,1,再診,紹介状無し,1
眼科,DR_E030,2,再診,紹介状無し,4
眼科,DR_E030,3,再診,紹介状無し,2
眼科,DR_E030,4,再診,紹介状無し,6
眼科,DR_E031,2,再診,紹介状無し,1
眼科,DR_E031,3,再診,紹介状無し,7
眼科,DR_E032,3,再診,紹介状無し,10
眼科,DR_E033,2,再診,紹介状無し,4
眼科,DR_E034,0,再診,紹介状無し,1
眼科,DR_XX009,0,再診,紹介状無し,1
眼科,,1,初診,紹介状無し,1
禁煙外来,DR_RS2008,3,再診,紹介状無し,4
移行期医療支援外来,DR_XX033,2,再診,紹介状無し,1
糖尿病内分泌内科,DR_DB001,0,再診,紹介状無し,10
糖尿病内分泌内科,DR_DB001,0,初診,紹介状あり,4
糖尿病内分泌内科,DR_DB001,1,再診,紹介状無し,8
糖尿病内分泌内科,DR_DB001,1,初診,紹介状あり,2
糖尿病内分泌内科,DR_DB001,4,再診,紹介状無し,10
糖尿病内分泌内科,DR_DB001,4,初診,紹介状あり,1
糖尿病内分泌内科,DR_DB002,3,再診,紹介状無し,37
総合内科,DR_GM001,0,再診,紹介状無し,13
総合内科,DR_GM001,0,初診,紹介状無し,2
総合内科,DR_GM001,1,再診,紹介状無し,6
総合内科,DR_GM001,1,初診,紹介状あり,1
総合内科,DR_GM001,2,再診,紹介状無し,7
総合内科,DR_GM001,2,初診,紹介状無し,4
総合内科,DR_GM001,3,再診,紹介状無し,14
総合内科,DR_GM001,3,初診,紹介状あり,1
総合内科,DR_GM001,3,初診,紹介状無し,2
総合内科,DR_GM001,4,再診,紹介状無し,3
総合内科,DR_GM002,1,再診,紹介状無し,17
総合内科,DR_GM002,2,再診,紹介状無し,8
総合内科,DR_GM003,1,再診,紹介状無し,43
総合内科,DR_GM003,3,再診,紹介状無し,3
総合内科,DR_GM004,0,再診,紹介状無し,53
総合内科,DR_GM004,0,初診,紹介状あり,24
総合内科,DR_GM004,0,初診,紹介状無し,3
総合内科,DR_GM004,1,再診,紹介状あり,1
総合内科,DR_GM004,1,再診,紹介状無し,24
総合内科,DR_GM004,1,初診,紹介状あり,18
総合内科,DR_GM004,1,初診,紹介状無し,17
総合内科,DR_GM004,2,再診,紹介状無し,26
総合内科,DR_GM004,2,初診,紹介状あり,22
総合内科,DR_GM004,2,初診,紹介状無し,16
総合内科,DR_GM004,3,再診,紹介状無し,24
総合内科,DR_GM004,3,初診,紹介状あり,12
総合内科,DR_GM004,3,初診,紹介状無し,5
総合内科,DR_GM004,4,再診,紹介状無し,35
総合内科,DR_GM004,4,初診,紹介状あり,11
総合内科,DR_GM004,4,初診,紹介状無し,5
総合内科,DR_GM005,1,再診,紹介状無し,7
総合内科,DR_GM006,1,再診,紹介状無し,2
総合内科,DR_GM006,4,再診,紹介状無し,18
総合内科,DR_GM007,0,再診,紹介状無し,26
総合内科,DR_GM008,0,再診,紹介状無し,17
総合内科,DR_GM008,1,再診,紹介状無し,3
総合内科,DR_GM009,0,再診,紹介状無し,3
総合内科,DR_GM009,1,再診,紹介状無し,1
総合内科,DR_GM009,3,再診,紹介状無し,54
総合内科,DR_GM009,4,再診,紹介状無し,54
総合内科,DR_GM010,3,再診,紹介状無し,6
総合内科,DR_GM011,2,再診,紹介状無し,11
総合内科,DR_GM012,0,再診,紹介状無し,9
総合内科,DR_GM012,1,再診,紹介状無し,8
総合内科,DR_GM012,2,再診,紹介状無し,10
総合内科,DR_GM012,3,再診,紹介状無し,9
総合内科,DR_GM012,4,再診,紹介状無し,13
総合内科,DR_GM013,0,再診,紹介状無し,25
総合内科,DR_GM013,4,再診,紹介状無し,2
総合内科,DR_GM014,1,再診,紹介状無し,9
総合内科,DR_GM015,0,再診,紹介状無し,2
総合内科,DR_GM015,2,再診,紹介状無し,3
総合内科,DR_GM015,3,再診,紹介状無し,3
総合内科,DR_GM016,0,再診,紹介状無し,4
総合内科,DR_GM016,3,再診,紹介状無し,50
総合内科,DR_GM017,2,再診,紹介状無し,6
総合内科,DR_GM017,4,再診,紹介状無し,23
総合内科,DR_GM018,2,再診,紹介状無し,29
総合内科,DR_GM018,4,再診,紹介状無し,7
総合内科,DR_GM019,0,再診,紹介状無し,2
総合内科,DR_GM019,1,再診,紹介状無し,3
総合内科,DR_GM019,2,再診,紹介状無し,2
総合内科,DR_GM019,3,再診,紹介状無し,4
総合内科,DR_GM020,3,再診,紹介状無し,10
総合内科,DR_GM021,3,再診,紹介状無し,1
総合内科,DR_GM022,0,再診,紹介状無し,2
総合内科,DR_GM022,2,再診,紹介状無し,6
総合内科,DR_GM022,3,再診,紹介状無し,2
総合内科,DR_GM023,3,再診,紹介状無し,3
緩和ケアチーム,DR_XX017,0,再診,紹介状無し,2
緩和ケアチーム,DR_XX017,1,再診,紹介状無し,3
緩和ケアチーム,DR_XX017,2,再診,紹介状無し,4
緩和ケアチーム,DR_XX017,3,再診,紹介状無し,3
緩和ケアチーム,DR_XX017,4,再診,紹介状無し,3
緩和ケアチーム,DR_XX026,3,再診,紹介状無し,2
緩和ケアチーム,DR_XX029,2,再診,紹介状無し,1
緩和ケアチーム,DR_XX029,3,再診,紹介状無し,1
緩和ケア内科,DR_XX022,3,再診,紹介状無し,2
緩和ケア内科,DR_XX024,4,再診,紹介状無し,1
耳鼻咽喉科,DR_ENT001,0,再診,紹介状無し,27
耳鼻咽喉科,DR_ENT001,0,初診,紹介状あり,1
耳鼻咽喉科,DR_ENT001,0,初診,紹介状無し,2
耳鼻咽喉科,DR_ENT001,1,再診,紹介状無し,39
耳鼻咽喉科,DR_ENT001,2,再診,紹介状無し,42
耳鼻咽喉科,DR_ENT001,2,初診,紹介状あり,2
耳鼻咽喉科,DR_ENT001,3,再診,紹介状無し,28
耳鼻咽喉科,DR_ENT001,4,再診,紹介状無し,53
耳鼻咽喉科,DR_ENT001,4,初診,紹介状あり,3
耳鼻咽喉科,DR_ENT001,4,初診,紹介状無し,2
耳鼻咽喉科,DR_ENT002,2,再診,紹介状無し,65
耳鼻咽喉科,DR_ENT003,0,再診,紹介状無し,38
耳鼻咽喉科,DR_ENT003,1,再診,紹介状無し,51
耳鼻咽喉科,DR_ENT003,2,再診,紹介状無し,46
耳鼻咽喉科,DR_ENT003,3,再診,紹介状無し,50
耳鼻咽喉科,DR_ENT003,4,再診,紹介状無し,32
耳鼻咽喉科,DR_ENT004,1,再診,紹介状無し,85
耳鼻咽喉科,DR_ENT004,1,初診,紹介状あり,23
耳鼻咽喉科,DR_ENT004,1,初診,紹介状無し,5
耳鼻咽喉科,DR_ENT004,3,再診,紹介状無し,103
耳鼻咽喉科,DR_ENT004,3,初診,紹介状あり,14
耳鼻咽喉科,DR_ENT004,3,初診,紹介状無し,3
耳鼻咽喉科,DR_ENT005,0,再診,紹介状無し,16
耳鼻咽喉科,DR_ENT005,1,再診,紹介状無し,23
耳鼻咽喉科,DR_ENT005,2,再診,紹介状無し,11
耳鼻咽喉科,DR_ENT005,3,再診,紹介状無し,14
耳鼻咽喉科,DR_ENT006,1,再診,紹介状無し,43
耳鼻咽喉科,DR_ENT006,1,初診,紹介状あり,3
耳鼻咽喉科,DR_ENT006,1,初診,紹介状無し,1
耳鼻咽喉科,DR_ENT007,0,初診,紹介状無し,5
耳鼻咽喉科,DR_ENT007,2,初診,紹介状無し,1
耳鼻咽喉科,DR_ENT007,3,初診,紹介状無し,1
耳鼻咽喉科,DR_ENT007,5,再診,紹介状あり,1
耳鼻咽喉科,DR_ENT007,5,再診,紹介状無し,3
耳鼻咽喉科,DR_ENT007,5,初診,紹介状無し,2
耳鼻咽喉科,DR_ENT007,6,再診,紹介状無し,2
耳鼻咽喉科,DR_ENT008,1,再診,紹介状無し,46
耳鼻咽喉科,DR_ENT008,1,初診,紹介状あり,4
耳鼻咽喉科,DR_ENT008,3,再診,紹介状無し,57
耳鼻咽喉科,DR_ENT008,3,初診,紹介状あり,20
耳鼻咽喉科,DR_ENT008,3,初診,紹介状無し,5
耳鼻咽喉科,DR_ENT008,4,再診,紹介状無し,16
耳鼻咽喉科,DR_ENT008,4,初診,紹介状あり,7
耳鼻咽喉科,DR_ENT009,0,再診,紹介状無し,1
耳鼻咽喉科,DR_ENT009,1,再診,紹介状無し,2
耳鼻咽喉科,DR_ENT009,1,初診,紹介状あり,1
耳鼻咽喉科,DR_ENT009,1,初診,紹介状無し,1
耳鼻咽喉科,DR_ENT009,3,再診,紹介状無し,1
耳鼻咽喉科,DR_ENT009,4,再診,紹介状あり,1
耳鼻咽喉科,DR_ENT009,4,再診,紹介状無し,6
耳鼻咽喉科,DR_ENT009,4,初診,紹介状あり,1
耳鼻咽喉科,DR_ENT010,0,再診,紹介状無し,4
耳鼻咽喉科,DR_ENT010,0,初診,紹介状あり,5
耳鼻咽喉科,DR_ENT010,0,初診,紹介状無し,1
耳鼻咽喉科,DR_ENT010,1,再診,紹介状無し,2
耳鼻咽喉科,DR_ENT010,2,再診,紹介状無し,14
耳鼻咽喉科,DR_ENT010,2,初診,紹介状あり,6
耳鼻咽喉科,DR_ENT010,2,初診,紹介状無し,2
耳鼻咽喉科,DR_ENT010,3,再診,紹介状無し,8
耳鼻咽喉科,DR_ENT011,0,再診,紹介状無し,31
耳鼻咽喉科,DR_ENT011,2,再診,紹介状無し,36
耳鼻咽喉科,DR_ENT011,2,初診,紹介状あり,1
耳鼻咽喉科,DR_ENT011,2,初診,紹介状無し,1
耳鼻咽喉科,DR_ENT012,0,再診,紹介状無し,12
耳鼻咽喉科,DR_ENT012,1,再診,紹介状無し,11
耳鼻咽喉科,DR_ENT012,2,再診,紹介状無し,10
耳鼻咽喉科,DR_ENT012,3,再診,紹介状無し,5
耳鼻咽喉科,DR_ENT012,4,再診,紹介状無し,7
耳鼻咽喉科,DR_ENT013,3,再診,紹介状無し,77
耳鼻咽喉科,DR_ENT014,2,再診,紹介状無し,5
耳鼻咽喉科,DR_ENT015,1,再診,紹介状無し,7
耳鼻咽喉科,DR_ENT016,2,再診,紹介状無し,6
耳鼻咽喉科,DR_ENT017,3,再診,紹介状無し,3
耳鼻咽喉科,DR_ENT017,4,再診,紹介状無し,3
耳鼻咽喉科,DR_ENT018,4,再診,紹介状無し,2
耳鼻咽喉科,,0,初診,紹介状あり,1
耳鼻咽喉科,,1,再診,紹介状無し,1
耳鼻咽喉科,,4,初診,紹介状無し,1
脳神経内科,DR_NR001,0,再診,紹介状無し,56
脳神経内科,DR_NR001,0,初診,紹介状あり,8
脳神経内科,DR_NR001,1,再診,紹介状無し,1
脳神経内科,DR_NR001,2,再診,紹介状無し,62
脳神経内科,DR_NR001,2,初診,紹介状あり,7
脳神経内科,DR_NR001,2,初診,紹介状無し,1
脳神経内科,DR_NR001,3,再診,紹介状無し,44
脳神経内科,DR_NR001,3,初診,紹介状あり,6
脳神経内科,DR_NR002,0,再診,紹介状無し,16
脳神経内科,DR_NR002,1,再診,紹介状無し,5
脳神経内科,DR_NR002,2,再診,紹介状無し,14
脳神経内科,DR_NR002,3,再診,紹介状無し,5
脳神経内科,DR_NR002,3,初診,紹介状あり,1
脳神経内科,DR_NR002,4,再診,紹介状無し,12
脳神経内科,DR_NR003,1,再診,紹介状無し,24
脳神経内科,DR_NR003,1,初診,紹介状あり,8
脳神経内科,DR_NR003,1,初診,紹介状無し,1
脳神経内科,DR_NR003,4,再診,紹介状無し,50
脳神経内科,DR_NR004,0,再診,紹介状無し,2
脳神経内科,DR_NR004,4,再診,紹介状無し,4
脳神経内科,DR_NR004,4,初診,紹介状あり,3
脳神経内科,DR_NR005,0,再診,紹介状無し,1
脳神経内科,DR_NR005,3,再診,紹介状無し,40
脳神経内科,DR_NR005,3,初診,紹介状あり,2
脳神経内科,DR_NR006,2,再診,紹介状無し,5
脳神経内科,DR_NR007,2,初診,紹介状あり,1
脳神経内科,DR_NR008,1,初診,紹介状あり,2
脳神経外科,DR_NS001,0,初診,紹介状あり,1
脳神経外科,DR_NS001,1,再診,紹介状無し,2
脳神経外科,DR_NS001,1,初診,紹介状無し,1
脳神経外科,DR_NS001,2,再診,紹介状無し,4
脳神経外科,DR_NS001,2,初診,紹介状あり,1
脳神経外科,DR_NS001,2,初診,紹介状無し,2
脳神経外科,DR_NS001,3,再診,紹介状無し,3
脳神経外科,DR_NS001,4,再診,紹介状無し,2
脳神経外科,DR_NS002,0,初診,紹介状無し,1
脳神経外科,DR_NS002,1,再診,紹介状あり,1
脳神経外科,DR_NS002,2,初診,紹介状あり,1
脳神経外科,DR_NS002,2,初診,紹介状無し,2
脳神経外科,DR_NS002,3,再診,紹介状無し,1
脳神経外科,DR_NS002,5,初診,紹介状無し,1
脳神経外科,DR_NS003,2,再診,紹介状無し,34
脳神経外科,DR_NS003,2,初診,紹介状あり,2
脳神経外科,DR_NS003,2,初診,紹介状無し,1
脳神経外科,DR_NS003,4,再診,紹介状無し,11
脳神経外科,DR_NS004,1,再診,紹介状無し,44
脳神経外科,DR_NS004,1,初診,紹介状あり,5
脳神経外科,DR_NS005,2,再診,紹介状無し,25
脳神経外科,DR_NS005,4,再診,紹介状無し,22
脳神経外科,DR_NS005,4,初診,紹介状あり,3
脳神経外科,DR_NS005,4,初診,紹介状無し,2
脳神経外科,DR_NS006,2,再診,紹介状無し,4
脳神経外科,DR_NS007,0,再診,紹介状無し,2
脳神経外科,DR_NS007,0,初診,紹介状あり,1
脳神経外科,DR_NS008,3,再診,紹介状無し,6
脳神経外科,DR_NS008,3,初診,紹介状あり,1
脳神経外科,DR_NS009,2,再診,紹介状無し,2
腎内科,DR_NE001,1,再診,紹介状無し,66
腎内科,DR_NE001,2,再診,紹介状無し,66
腎内科,DR_NE001,2,初診,紹介状あり,2
腎内科,DR_NE001,3,再診,紹介状無し,49
腎内科,DR_NE001,3,初診,紹介状あり,3
腎内科,DR_NE002,0,再診,紹介状無し,82
腎内科,DR_NE002,2,再診,紹介状無し,94
腎内科,DR_NE002,2,初診,紹介状あり,3
腎内科,DR_NE002,2,初診,紹介状無し,1
腎内科,DR_NE002,4,再診,紹介状無し,58
腎内科,DR_NE002,4,初診,紹介状あり,4
腎内科,DR_NE003,0,再診,紹介状無し,28
腎内科,DR_NE003,0,初診,紹介状無し,1
腎内科,DR_NE003,3,再診,紹介状無し,33
腎内科,DR_NE004,0,再診,紹介状無し,9
腎内科,DR_NE004,2,再診,紹介状無し,12
腎内科,DR_NE004,4,再診,紹介状無し,9
腎内科,DR_NE005,0,再診,紹介状無し,5
腎内科,DR_NE005,0,初診,紹介状あり,1
腎内科,DR_NE005,1,再診,紹介状無し,5
腎内科,DR_NE005,2,再診,紹介状無し,9
腎内科,DR_NE005,3,再診,紹介状無し,3
腎内科,DR_NE005,4,再診,紹介状無し,13
腎内科,DR_NE006,1,再診,紹介状無し,15
腎内科,DR_NE006,1,初診,紹介状あり,3
腎内科,DR_NE007,0,再診,紹介状無し,1
腎内科,DR_NE007,1,再診,紹介状無し,1
腎内科,DR_NE007,2,再診,紹介状無し,1
腎内科,DR_NE007,3,再診,紹介状無し,1
腎内科,DR_NE008,1,再診,紹介状無し,2
腎内科,DR_NE008,2,再診,紹介状無し,1
腎内科,DR_NE009,4,再診,紹介状無し,4
腎内科,DR_NE009,4,初診,紹介状無し,1
臨床工学技師,DR_XX007,0,再診,紹介状無し,27
臨床工学技師,DR_XX007,1,再診,紹介状無し,25
臨床工学技師,DR_XX007,2,再診,紹介状無し,37
臨床工学技師,DR_XX007,3,再診,紹介状無し,23
臨床工学技師,DR_XX007,4,再診,紹介状無し,30
臨床工学技師,DR_XX007,5,再診,紹介状無し,28
臨床腫瘍科,DR_ON001,0,再診,紹介状無し,25
臨床腫瘍科,DR_ON001,1,再診,紹介状無し,32
臨床腫瘍科,DR_ON001,2,再診,紹介状無し,23
臨床腫瘍科,DR_ON001,3,再診,紹介状無し,30
臨床腫瘍科,DR_ON001,4,再診,紹介状無し,4
臨床腫瘍科,DR_ON002,0,再診,紹介状無し,2
臨床腫瘍科,DR_ON002,3,再診,紹介状無し,1
臨床腫瘍科,DR_ON003,0,再診,紹介状無し,2
臨床腫瘍科,DR_ON003,1,再診,紹介状無し,1
臨床腫瘍科,DR_ON004,2,再診,紹介状無し,1
薬剤部,DR_XX013,0,再診,紹介状無し,5
薬剤部,DR_XX013,1,再診,紹介状無し,14
薬剤部,DR_XX013,2,再診,紹介状無し,21
薬剤部,DR_XX013,3,再診,紹介状無し,34
薬剤部,DR_XX013,4,再診,紹介状無し,13
薬剤部,DR_XX014,0,再診,紹介状無し,2
薬剤部,DR_XX014,1,再診,紹介状無し,4
薬剤部,DR_XX014,2,再診,紹介状無し,6
薬剤部,DR_XX014,3,再診,紹介状無し,5
薬剤部,DR_XX014,4,再診,紹介状無し,3
薬剤部,DR_XX023,0,再診,紹介状無し,2
薬剤部,DR_XX023,1,再診,紹介状無し,5
薬剤部,DR_XX023,2,再診,紹介状無し,5
薬剤部,DR_XX023,3,再診,紹介状無し,2
血液内科,DR_GM018,3,再診,紹介状無し,20
血液内科,DR_HE001,0,再診,紹介状無し,67
血液内科,DR_HE001,2,再診,紹介状無し,72
血液内科,DR_HE001,2,初診,紹介状あり,3
血液内科,DR_HE001,4,初診,紹介状あり,1
血液内科,DR_HE002,1,再診,紹介状無し,60
血液内科,DR_HE002,1,初診,紹介状あり,2
血液内科,DR_HE003,1,再診,紹介状無し,67
血液内科,DR_HE003,3,再診,紹介状無し,54
血液内科,DR_HE003,3,初診,紹介状あり,2
血液内科,DR_HE003,4,初診,紹介状あり,3
血液内科,DR_HE004,0,再診,紹介状無し,61
血液内科,DR_HE004,0,初診,紹介状あり,3
血液内科,DR_HE004,4,再診,紹介状無し,50
血液内科,DR_HE005,0,再診,紹介状無し,5
血液内科,DR_HE005,1,再診,紹介状無し,13
血液内科,DR_HE005,2,再診,紹介状無し,10
血液内科,DR_HE005,3,再診,紹介状無し,20
血液内科,DR_HE005,4,再診,紹介状無し,19
血液内科,DR_HE006,0,再診,紹介状無し,8
血液内科,DR_HE006,1,再診,紹介状無し,6
血液内科,DR_HE006,2,再診,紹介状無し,8
血液内科,DR_HE006,3,再診,紹介状無し,6
血液内科,DR_HE006,4,再診,紹介状無し,2
血液内科,DR_HE007,0,再診,紹介状無し,4
血液内科,DR_HE007,1,再診,紹介状無し,7
血液内科,DR_HE007,2,再診,紹介状無し,1
血液内科,DR_HE007,3,再診,紹介状無し,2
血液内科,DR_HE007,4,再診,紹介状無し,4
血液内科,DR_HE008,2,再診,紹介状無し,28
血液内科,DR_HE009,1,再診,紹介状無し,10
血液内科,DR_HE009,3,再診,紹介状無し,9
血液内科,DR_HE009,4,再診,紹介状無し,1
血液内科,DR_HE010,4,再診,紹介状無し,48
血液内科,DR_RH005,0,再診,紹介状無し,2
血液内科,DR_RH005,1,再診,紹介状無し,12
血液内科,DR_RH005,2,再診,紹介状無し,7
血液内科,DR_RH005,3,再診,紹介状無し,5
血液内科,DR_RH005,4,再診,紹介状無し,1
退院支援,DR_XX004,0,再診,紹介状無し,21
退院支援,DR_XX004,1,再診,紹介状無し,25
退院支援,DR_XX004,2,再診,紹介状無し,28
退院支援,DR_XX004,3,再診,紹介状無し,26
退院支援,DR_XX004,4,再診,紹介状無し,20
通院治療センター,DR_XX003,0,再診,紹介状無し,8
通院治療センター,DR_XX003,1,再診,紹介状無し,6
通院治療センター,DR_XX003,2,再診,紹介状無し,13
通院治療センター,DR_XX003,3,再診,紹介状無し,5
遺伝診療科,DR_XX011,0,再診,紹介状無し,4
遺伝診療科,DR_XX011,2,再診,紹介状あり,1
遺伝診療科,DR_XX011,2,再診,紹介状無し,13
遺伝診療科,DR_XX011,2,初診,紹介状無し,2
遺伝診療科,DR_XX011,3,再診,紹介状無し,2
遺伝診療科,DR_XX019,1,再診,紹介状無し,4
遺伝診療科,DR_XX020,1,再診,紹介状無し,4
遺伝診療科,DR_XX020,1,初診,紹介状あり,1
遺伝診療科,DR_XX020,3,再診,紹介状無し,5
遺伝診療科,DR_XX020,4,再診,紹介状無し,1
遺伝診療科,DR_XX025,2,再診,紹介状無し,1
遺伝診療科,DR_XX025,4,再診,紹介状無し,10
遺伝診療科,DR_XX032,0,再診,紹介状無し,1
骨転移カンファレンス,DR_XX016,0,再診,紹介状無し,11
麻酔科,DR_AN001,0,再診,紹介状無し,52
麻酔科,DR_AN001,1,再診,紹介状無し,68
麻酔科,DR_AN001,2,再診,紹介状無し,70
麻酔科,DR_AN001,3,再診,紹介状無し,70
麻酔科,DR_AN001,4,再診,紹介状無し,60
ﾘﾊﾋﾞﾘﾃｰｼｮﾝ科,DR_XX005,1,再診,紹介状無し,1
ﾘﾊﾋﾞﾘﾃｰｼｮﾝ科,DR_XX005,2,再診,紹介状無し,1
ﾘﾊﾋﾞﾘﾃｰｼｮﾝ科,DR_XX005,3,再診,紹介状無し,1
ﾘﾊﾋﾞﾘﾃｰｼｮﾝ科,DR_XX009,2,再診,紹介状無し,1
ﾘﾊﾋﾞﾘﾃｰｼｮﾝ科,DR_XX009,3,再診,紹介状無し,2
ﾘﾊﾋﾞﾘﾃｰｼｮﾝ科,DR_XX010,0,再診,紹介状無し,1
ﾘﾊﾋﾞﾘﾃｰｼｮﾝ科,DR_XX010,1,再診,紹介状無し,31
ﾘﾊﾋﾞﾘﾃｰｼｮﾝ科,DR_XX010,2,再診,紹介状無し,1
ﾘﾊﾋﾞﾘﾃｰｼｮﾝ科,DR_XX010,3,再診,紹介状無し,4
ﾘﾊﾋﾞﾘﾃｰｼｮﾝ科,DR_XX010,4,再診,紹介状無し,42
ﾘﾊﾋﾞﾘﾃｰｼｮﾝ科,DR_XX027,4,初診,紹介状あり,1
