部屋番号,曜日,受付_30min,診療科名,初再診区分,件数
,0,00:00,アレルギー科,再診,4
,0,00:00,ソーシャルワーカー,再診,5
,0,00:00,メンタルケア科,再診,3
,0,00:00,リウマチ膠原病内科,再診,4
,0,00:00,一般消化器外科,再診,15
,0,00:00,中央処置室,再診,2
,0,00:00,乳腺外科,再診,24
,0,00:00,乳腺外科,初診,1
,0,00:00,呼吸器内科,再診,9
,0,00:00,外来手術室,再診,3
,0,00:00,小児科,再診,8
,0,00:00,形成外科,再診,3
,0,00:00,循環器内科,再診,4
,0,00:00,感染症,再診,1
,0,00:00,放射線治療科,再診,4
,0,00:00,整形外科,再診,16
,0,00:00,整形外科,初診,1
,0,00:00,歯科口腔外科,再診,4
,0,00:00,歯科口腔外科,初診,2
,0,00:00,泌尿器科,再診,34
,0,00:00,消化器内科,再診,16
,0,00:00,産婦人科,再診,24
,0,00:00,皮膚・排泄ケア,再診,10
,0,00:00,皮膚科,再診,11
,0,00:00,眼科,再診,14
,0,00:00,総合内科,再診,6
,0,00:00,総合内科,初診,1
,0,00:00,緩和ケアチーム,再診,1
,0,00:00,耳鼻咽喉科,再診,1
,0,00:00,脳神経内科,再診,5
,0,00:00,腎内科,再診,3
,0,00:00,臨床工学技師,再診,17
,0,00:00,薬剤部,再診,3
,0,00:00,血液内科,再診,7
,0,00:00,退院支援,再診,18
,0,00:00,骨転移カンファレンス,再診,8
,0,00:30,内科,初診,2
,0,00:30,呼吸器内科,再診,1
,0,00:30,救急科,初診,1
,0,01:00,内科,再診,1
,0,01:00,内科,初診,1
,0,03:00,救急科,初診,1
,0,05:00,内科,再診,2
,0,06:30,内科,再診,1
,0,06:30,歯科口腔外科,再診,1
,0,07:00,整形外科,再診,1
,0,07:00,脳神経内科,再診,2
,0,07:30,メンタルケア科,再診,1
,0,07:30,リウマチ膠原病内科,再診,2
,0,07:30,一般消化器外科,再診,1
,0,07:30,内科,再診,1
,0,07:30,内科,初診,1
,0,07:30,消化器内科,再診,1
,0,07:30,皮膚・排泄ケア,再診,2
,0,07:30,脳神経内科,再診,4
,0,08:00,PICCCVポートセンター,再診,2
,0,08:00,アレルギー科,再診,1
,0,08:00,ソーシャルワーカー,再診,1
,0,08:00,メンタルケア科,再診,2
,0,08:00,リウマチ膠原病内科,再診,23
,0,08:00,リウマチ膠原病内科,初診,1
,0,08:00,中央処置室,再診,8
,0,08:00,乳腺外科,再診,20
,0,08:00,乳腺外科,初診,1
,0,08:00,入退院支援センター,再診,8
,0,08:00,内科,再診,1
,0,08:00,内科,初診,1
,0,08:00,呼吸器内科,再診,16
,0,08:00,呼吸器内科,初診,1
,0,08:00,呼吸器外科,再診,2
,0,08:00,外来手術室,再診,32
,0,08:00,小児科,再診,2
,0,08:00,形成外科,再診,4
,0,08:00,循環器内科,再診,25
,0,08:00,心臓血管外科,再診,1
,0,08:00,放射線治療科,再診,19
,0,08:00,整形外科,再診,20
,0,08:00,整形外科,初診,1
,0,08:00,歯科口腔外科,再診,5
,0,08:00,歯科口腔外科,初診,2
,0,08:00,泌尿器科,再診,73
,0,08:00,消化器内科,再診,34
,0,08:00,産婦人科,再診,21
,0,08:00,皮膚科,再診,13
,0,08:00,眼科,再診,40
,0,08:00,総合内科,再診,31
,0,08:00,総合内科,初診,1
,0,08:00,耳鼻咽喉科,再診,12
,0,08:00,脳神経内科,再診,4
,0,08:00,脳神経外科,再診,1
,0,08:00,腎内科,再診,37
,0,08:00,臨床工学技師,再診,3
,0,08:00,臨床腫瘍科,再診,4
,0,08:00,薬剤部,再診,4
,0,08:00,血液内科,再診,35
,0,08:00,麻酔科,再診,6
,0,08:30,PICCCVポートセンター,再診,1
,0,08:30,メンタルケア科,再診,7
,0,08:30,リウマチ膠原病内科,再診,18
,0,08:30,リウマチ膠原病内科,初診,2
,0,08:30,一般消化器外科,再診,8
,0,08:30,中央処置室,再診,1
,0,08:30,乳腺外科,再診,19
,0,08:30,乳腺外科,初診,2
,0,08:30,入退院支援センター,再診,9
,0,08:30,呼吸器内科,再診,21
,0,08:30,呼吸器外科,再診,8
,0,08:30,外来手術室,再診,3
,0,08:30,小児科,再診,6
,0,08:30,形成外科,再診,15
,0,08:30,循環器内科,再診,43
,0,08:30,循環器内科,初診,6
,0,08:30,放射線治療科,再診,20
,0,08:30,救急科,初診,2
,0,08:30,整形外科,再診,22
,0,08:30,整形外科,初診,3
,0,08:30,歯科口腔外科,再診,23
,0,08:30,歯科口腔外科,初診,3
,0,08:30,泌尿器科,再診,69
,0,08:30,泌尿器科,初診,1
,0,08:30,消化器内科,再診,20
,0,08:30,消化器内科,初診,5
,0,08:30,産婦人科,再診,28
,0,08:30,産婦人科,初診,1
,0,08:30,皮膚科,再診,22
,0,08:30,皮膚科,初診,3
,0,08:30,眼科,再診,82
,0,08:30,眼科,初診,11
,0,08:30,糖尿病内分泌内科,再診,1
,0,08:30,糖尿病内分泌内科,初診,1
,0,08:30,総合内科,再診,25
,0,08:30,総合内科,初診,2
,0,08:30,耳鼻咽喉科,再診,19
,0,08:30,耳鼻咽喉科,初診,2
,0,08:30,脳神経内科,再診,11
,0,08:30,脳神経外科,再診,1
,0,08:30,脳神経外科,初診,2
,0,08:30,腎内科,再診,15
,0,08:30,臨床腫瘍科,再診,4
,0,08:30,血液内科,再診,21
,0,08:30,血液内科,初診,1
,0,08:30,退院支援,再診,1
,0,08:30,通院治療センター,再診,1
,0,08:30,麻酔科,再診,3
,0,09:00,PICCCVポートセンター,再診,2
,0,09:00,アレルギー科,再診,5
,0,09:00,メンタルケア科,再診,6
,0,09:00,リウマチ膠原病内科,再診,14
,0,09:00,一般消化器外科,再診,13
,0,09:00,中央処置室,再診,2
,0,09:00,乳腺外科,再診,28
,0,09:00,乳腺外科,初診,3
,0,09:00,入退院支援センター,再診,16
,0,09:00,呼吸器内科,再診,21
,0,09:00,呼吸器内科,初診,1
,0,09:00,呼吸器外科,再診,3
,0,09:00,外来手術室,再診,2
,0,09:00,小児科,再診,8
,0,09:00,小児科,初診,2
,0,09:00,形成外科,再診,15
,0,09:00,循環器内科,再診,27
,0,09:00,循環器内科,初診,4
,0,09:00,感染症,再診,1
,0,09:00,放射線治療科,再診,12
,0,09:00,放射線治療科,初診,1
,0,09:00,救急科,再診,1
,0,09:00,救急科,初診,2
,0,09:00,整形外科,再診,34
,0,09:00,整形外科,初診,5
,0,09:00,歯科口腔外科,再診,12
,0,09:00,歯科口腔外科,初診,3
,0,09:00,泌尿器科,再診,78
,0,09:00,泌尿器科,初診,2
,0,09:00,消化器内科,再診,26
,0,09:00,消化器内科,初診,7
,0,09:00,産婦人科,再診,33
,0,09:00,産婦人科,初診,5
,0,09:00,皮膚科,再診,18
,0,09:00,皮膚科,初診,5
,0,09:00,看護部,再診,1
,0,09:00,眼科,再診,39
,0,09:00,眼科,初診,12
,0,09:00,糖尿病内分泌内科,再診,1
,0,09:00,糖尿病内分泌内科,初診,1
,0,09:00,総合内科,再診,12
,0,09:00,総合内科,初診,6
,0,09:00,耳鼻咽喉科,再診,8
,0,09:00,耳鼻咽喉科,初診,2
,0,09:00,脳神経内科,再診,5
,0,09:00,脳神経内科,初診,1
,0,09:00,腎内科,再診,15
,0,09:00,腎内科,初診,1
,0,09:00,臨床腫瘍科,再診,4
,0,09:00,薬剤部,再診,1
,0,09:00,血液内科,再診,21
,0,09:00,通院治療センター,再診,1
,0,09:00,麻酔科,再診,7
,0,09:30,PICCCVポートセンター,再診,4
,0,09:30,アレルギー科,再診,7
,0,09:30,ソーシャルワーカー,再診,1
,0,09:30,メンタルケア科,再診,10
,0,09:30,リウマチ膠原病内科,再診,21
,0,09:30,一般消化器外科,再診,11
,0,09:30,中央処置室,再診,2
,0,09:30,乳腺外科,再診,23
,0,09:30,乳腺外科,初診,3
,0,09:30,入退院支援センター,再診,10
,0,09:30,呼吸器内科,再診,15
,0,09:30,呼吸器外科,再診,9
,0,09:30,外来手術室,再診,1
,0,09:30,小児科,再診,5
,0,09:30,小児科,初診,1
,0,09:30,形成外科,再診,15
,0,09:30,形成外科,初診,1
,0,09:30,循環器内科,再診,24
,0,09:30,循環器内科,初診,4
,0,09:30,放射線治療科,再診,15
,0,09:30,救急科,再診,4
,0,09:30,救急科,初診,2
,0,09:30,整形外科,再診,24
,0,09:30,整形外科,初診,6
,0,09:30,歯科口腔外科,再診,9
,0,09:30,歯科口腔外科,初診,8
,0,09:30,泌尿器科,再診,83
,0,09:30,泌尿器科,初診,4
,0,09:30,消化器内科,再診,34
,0,09:30,消化器内科,初診,1
,0,09:30,産婦人科,再診,43
,0,09:30,産婦人科,初診,4
,0,09:30,皮膚科,再診,24
,0,09:30,皮膚科,初診,2
,0,09:30,看護部,再診,1
,0,09:30,眼科,再診,40
,0,09:30,眼科,初診,6
,0,09:30,糖尿病内分泌内科,再診,1
,0,09:30,糖尿病内分泌内科,初診,2
,0,09:30,総合内科,再診,13
,0,09:30,総合内科,初診,8
,0,09:30,耳鼻咽喉科,再診,19
,0,09:30,耳鼻咽喉科,初診,3
,0,09:30,脳神経内科,再診,10
,0,09:30,脳神経内科,初診,1
,0,09:30,腎内科,再診,13
,0,09:30,腎内科,初診,1
,0,09:30,臨床腫瘍科,再診,3
,0,09:30,血液内科,再診,14
,0,09:30,血液内科,初診,1
,0,09:30,退院支援,再診,1
,0,09:30,麻酔科,再診,9
,0,10:00,アレルギー科,再診,4
,0,10:00,ソーシャルワーカー,再診,1
,0,10:00,メンタルケア科,再診,9
,0,10:00,リウマチ膠原病内科,再診,13
,0,10:00,一般消化器外科,再診,8
,0,10:00,中央処置室,再診,3
,0,10:00,乳腺外科,再診,9
,0,10:00,乳腺外科,初診,1
,0,10:00,入退院支援センター,再診,8
,0,10:00,呼吸器内科,再診,11
,0,10:00,呼吸器外科,再診,4
,0,10:00,呼吸器外科,初診,1
,0,10:00,外来手術室,再診,3
,0,10:00,小児科,再診,3
,0,10:00,形成外科,再診,8
,0,10:00,形成外科,初診,1
,0,10:00,循環器内科,再診,17
,0,10:00,循環器内科,初診,2
,0,10:00,放射線治療科,再診,22
,0,10:00,放射線治療科,初診,1
,0,10:00,救急科,再診,1
,0,10:00,救急科,初診,1
,0,10:00,整形外科,再診,25
,0,10:00,整形外科,初診,3
,0,10:00,歯科口腔外科,再診,14
,0,10:00,歯科口腔外科,初診,3
,0,10:00,泌尿器科,再診,45
,0,10:00,泌尿器科,初診,6
,0,10:00,消化器内科,再診,19
,0,10:00,消化器内科,初診,1
,0,10:00,産婦人科,再診,30
,0,10:00,皮膚科,再診,10
,0,10:00,皮膚科,初診,3
,0,10:00,看護部,再診,1
,0,10:00,眼科,再診,39
,0,10:00,眼科,初診,2
,0,10:00,糖尿病内分泌内科,再診,1
,0,10:00,総合内科,再診,15
,0,10:00,総合内科,初診,1
,0,10:00,耳鼻咽喉科,再診,18
,0,10:00,脳神経内科,再診,8
,0,10:00,脳神経内科,初診,1
,0,10:00,腎内科,再診,4
,0,10:00,臨床腫瘍科,再診,7
,0,10:00,薬剤部,再診,1
,0,10:00,血液内科,再診,11
,0,10:00,血液内科,初診,1
,0,10:00,退院支援,再診,1
,0,10:00,通院治療センター,再診,2
,0,10:30,PICCCVポートセンター,再診,2
,0,10:30,アレルギー科,再診,4
,0,10:30,ソーシャルワーカー,再診,1
,0,10:30,メンタルケア科,再診,11
,0,10:30,リウマチ膠原病内科,再診,3
,0,10:30,リウマチ膠原病内科,初診,1
,0,10:30,一般消化器外科,再診,6
,0,10:30,中央処置室,再診,4
,0,10:30,乳腺外科,再診,13
,0,10:30,乳腺外科,初診,2
,0,10:30,入退院支援センター,再診,11
,0,10:30,呼吸器内科,再診,5
,0,10:30,呼吸器外科,再診,3
,0,10:30,外来手術室,再診,4
,0,10:30,小児科,再診,1
,0,10:30,小児科,初診,2
,0,10:30,形成外科,再診,10
,0,10:30,循環器内科,再診,13
,0,10:30,循環器内科,初診,5
,0,10:30,放射線治療科,再診,5
,0,10:30,整形外科,再診,15
,0,10:30,整形外科,初診,4
,0,10:30,歯科口腔外科,再診,10
,0,10:30,歯科口腔外科,初診,4
,0,10:30,泌尿器科,再診,35
,0,10:30,泌尿器科,初診,3
,0,10:30,消化器内科,再診,20
,0,10:30,産婦人科,再診,27
,0,10:30,産婦人科,初診,2
,0,10:30,皮膚科,再診,16
,0,10:30,皮膚科,初診,1
,0,10:30,眼科,再診,39
,0,10:30,眼科,初診,1
,0,10:30,糖尿病内分泌内科,再診,3
,0,10:30,総合内科,再診,12
,0,10:30,総合内科,初診,1
,0,10:30,緩和ケアチーム,再診,1
,0,10:30,耳鼻咽喉科,再診,10
,0,10:30,耳鼻咽喉科,初診,2
,0,10:30,脳神経内科,再診,10
,0,10:30,脳神経内科,初診,3
,0,10:30,腎内科,再診,8
,0,10:30,臨床工学技師,再診,1
,0,10:30,臨床腫瘍科,再診,3
,0,10:30,血液内科,再診,15
,0,10:30,遺伝診療科,再診,1
,0,10:30,麻酔科,再診,8
,0,11:00,PICCCVポートセンター,再診,1
,0,11:00,ソーシャルワーカー,再診,1
,0,11:00,メンタルケア科,再診,6
,0,11:00,リウマチ膠原病内科,再診,1
,0,11:00,一般消化器外科,再診,4
,0,11:00,乳腺外科,再診,8
,0,11:00,乳腺外科,初診,1
,0,11:00,入退院支援センター,再診,5
,0,11:00,呼吸器内科,再診,1
,0,11:00,呼吸器外科,再診,2
,0,11:00,外来手術室,再診,1
,0,11:00,小児科,再診,8
,0,11:00,小児科,初診,1
,0,11:00,形成外科,再診,7
,0,11:00,循環器内科,再診,5
,0,11:00,循環器内科,初診,1
,0,11:00,放射線治療科,再診,8
,0,11:00,救急科,再診,1
,0,11:00,整形外科,再診,6
,0,11:00,整形外科,初診,4
,0,11:00,歯科口腔外科,再診,8
,0,11:00,歯科口腔外科,初診,1
,0,11:00,泌尿器科,再診,24
,0,11:00,消化器内科,再診,12
,0,11:00,消化器内科,初診,2
,0,11:00,産婦人科,再診,17
,0,11:00,皮膚科,再診,3
,0,11:00,皮膚科,初診,2
,0,11:00,眼科,再診,11
,0,11:00,糖尿病内分泌内科,再診,3
,0,11:00,総合内科,再診,4
,0,11:00,総合内科,初診,6
,0,11:00,耳鼻咽喉科,再診,8
,0,11:00,脳神経内科,再診,4
,0,11:00,脳神経内科,初診,1
,0,11:00,腎内科,再診,6
,0,11:00,臨床腫瘍科,再診,1
,0,11:00,血液内科,再診,6
,0,11:00,麻酔科,再診,3
,0,11:30,PICCCVポートセンター,再診,1
,0,11:30,ソーシャルワーカー,再診,2
,0,11:30,リウマチ膠原病内科,再診,1
,0,11:30,一般消化器外科,再診,8
,0,11:30,一般消化器外科,初診,2
,0,11:30,中央処置室,再診,2
,0,11:30,乳腺外科,再診,3
,0,11:30,入退院支援センター,再診,8
,0,11:30,呼吸器内科,再診,3
,0,11:30,呼吸器内科,初診,1
,0,11:30,呼吸器外科,再診,4
,0,11:30,外来手術室,再診,4
,0,11:30,形成外科,再診,1
,0,11:30,循環器内科,再診,2
,0,11:30,循環器内科,初診,3
,0,11:30,放射線治療科,再診,4
,0,11:30,救急科,再診,1
,0,11:30,整形外科,再診,5
,0,11:30,整形外科,初診,2
,0,11:30,歯科口腔外科,再診,8
,0,11:30,泌尿器科,再診,18
,0,11:30,泌尿器科,初診,1
,0,11:30,消化器内科,再診,9
,0,11:30,産婦人科,再診,9
,0,11:30,皮膚科,再診,1
,0,11:30,看護部,再診,1
,0,11:30,眼科,再診,15
,0,11:30,総合内科,再診,6
,0,11:30,総合内科,初診,2
,0,11:30,耳鼻咽喉科,再診,3
,0,11:30,耳鼻咽喉科,初診,1
,0,11:30,脳神経内科,再診,4
,0,11:30,脳神経内科,初診,1
,0,11:30,腎内科,再診,7
,0,11:30,血液内科,再診,5
,0,11:30,遺伝診療科,再診,1
,0,11:30,麻酔科,再診,3
,0,12:00,PICCCVポートセンター,再診,1
,0,12:00,ソーシャルワーカー,再診,2
,0,12:00,リウマチ膠原病内科,再診,1
,0,12:00,一般消化器外科,再診,7
,0,12:00,一般消化器外科,初診,1
,0,12:00,乳腺外科,再診,2
,0,12:00,入退院支援センター,再診,3
,0,12:00,呼吸器内科,再診,2
,0,12:00,呼吸器内科,初診,1
,0,12:00,呼吸器外科,再診,1
,0,12:00,外来手術室,再診,6
,0,12:00,小児科,初診,1
,0,12:00,形成外科,再診,1
,0,12:00,循環器内科,再診,5
,0,12:00,循環器内科,初診,1
,0,12:00,心臓血管外科,再診,1
,0,12:00,放射線治療科,再診,2
,0,12:00,救急科,初診,1
,0,12:00,整形外科,再診,4
,0,12:00,整形外科,初診,1
,0,12:00,歯科口腔外科,再診,2
,0,12:00,泌尿器科,再診,24
,0,12:00,消化器内科,再診,11
,0,12:00,消化器内科,初診,1
,0,12:00,産婦人科,再診,5
,0,12:00,皮膚科,再診,4
,0,12:00,眼科,再診,20
,0,12:00,総合内科,再診,7
,0,12:00,耳鼻咽喉科,再診,4
,0,12:00,腎内科,再診,4
,0,12:00,血液内科,再診,4
,0,12:00,麻酔科,再診,2
,0,12:30,がんゲノム,再診,1
,0,12:30,リウマチ膠原病内科,再診,1
,0,12:30,一般消化器外科,再診,6
,0,12:30,一般消化器外科,初診,1
,0,12:30,中央処置室,再診,1
,0,12:30,乳腺外科,再診,4
,0,12:30,入退院支援センター,再診,9
,0,12:30,内科,初診,1
,0,12:30,呼吸器内科,再診,12
,0,12:30,呼吸器内科,初診,1
,0,12:30,外来手術室,再診,6
,0,12:30,形成外科,再診,1
,0,12:30,循環器内科,再診,8
,0,12:30,放射線治療科,再診,8
,0,12:30,整形外科,再診,10
,0,12:30,整形外科,初診,2
,0,12:30,歯科口腔外科,再診,4
,0,12:30,泌尿器科,再診,25
,0,12:30,消化器内科,再診,12
,0,12:30,消化器内科,初診,2
,0,12:30,産婦人科,再診,18
,0,12:30,皮膚科,再診,4
,0,12:30,眼科,再診,22
,0,12:30,総合内科,再診,5
,0,12:30,耳鼻咽喉科,再診,3
,0,12:30,脳神経内科,再診,2
,0,12:30,腎内科,再診,6
,0,12:30,臨床工学技師,再診,4
,0,12:30,臨床腫瘍科,再診,2
,0,12:30,血液内科,再診,2
,0,12:30,骨転移カンファレンス,再診,2
,0,12:30,麻酔科,再診,3
,0,13:00,リウマチ膠原病内科,再診,2
,0,13:00,一般消化器外科,再診,8
,0,13:00,一般消化器外科,初診,2
,0,13:00,中央処置室,再診,2
,0,13:00,乳腺外科,再診,1
,0,13:00,入退院支援センター,再診,9
,0,13:00,呼吸器内科,再診,12
,0,13:00,外来手術室,再診,5
,0,13:00,小児科,再診,1
,0,13:00,形成外科,再診,1
,0,13:00,循環器内科,再診,12
,0,13:00,放射線治療科,再診,8
,0,13:00,救急科,再診,1
,0,13:00,救急科,初診,3
,0,13:00,整形外科,再診,3
,0,13:00,整形外科,初診,1
,0,13:00,歯科口腔外科,再診,5
,0,13:00,泌尿器科,再診,17
,0,13:00,消化器内科,再診,13
,0,13:00,産婦人科,再診,22
,0,13:00,皮膚科,再診,3
,0,13:00,看護部,再診,1
,0,13:00,眼科,再診,32
,0,13:00,眼科,初診,1
,0,13:00,総合内科,再診,6
,0,13:00,総合内科,初診,1
,0,13:00,耳鼻咽喉科,再診,1
,0,13:00,脳神経内科,再診,3
,0,13:00,腎内科,再診,6
,0,13:00,臨床工学技師,再診,2
,0,13:00,血液内科,再診,4
,0,13:00,通院治療センター,再診,2
,0,13:00,麻酔科,再診,4
,0,13:30,PICCCVポートセンター,再診,1
,0,13:30,がんゲノム,再診,1
,0,13:30,リウマチ膠原病内科,再診,1
,0,13:30,一般消化器外科,再診,4
,0,13:30,一般消化器外科,初診,2
,0,13:30,中央処置室,再診,1
,0,13:30,乳腺外科,再診,2
,0,13:30,入退院支援センター,再診,4
,0,13:30,呼吸器内科,再診,8
,0,13:30,外来手術室,再診,3
,0,13:30,小児科,再診,8
,0,13:30,小児科,初診,2
,0,13:30,形成外科,再診,4
,0,13:30,循環器内科,再診,5
,0,13:30,放射線治療科,再診,11
,0,13:30,救急科,再診,1
,0,13:30,整形外科,再診,6
,0,13:30,歯科口腔外科,再診,9
,0,13:30,泌尿器科,再診,14
,0,13:30,泌尿器科,初診,1
,0,13:30,消化器内科,再診,19
,0,13:30,産婦人科,再診,17
,0,13:30,皮膚科,再診,1
,0,13:30,看護部,再診,1
,0,13:30,眼科,再診,22
,0,13:30,総合内科,再診,5
,0,13:30,耳鼻咽喉科,再診,4
,0,13:30,脳神経内科,再診,2
,0,13:30,臨床腫瘍科,再診,1
,0,13:30,血液内科,再診,1
,0,13:30,通院治療センター,再診,2
,0,13:30,麻酔科,再診,3
,0,14:00,リウマチ膠原病内科,再診,1
,0,14:00,一般消化器外科,再診,6
,0,14:00,一般消化器外科,初診,2
,0,14:00,乳腺外科,再診,7
,0,14:00,入退院支援センター,再診,2
,0,14:00,呼吸器内科,再診,7
,0,14:00,呼吸器内科,初診,1
,0,14:00,呼吸器外科,再診,1
,0,14:00,外来手術室,再診,3
,0,14:00,小児科,再診,4
,0,14:00,小児科,初診,2
,0,14:00,形成外科,再診,4
,0,14:00,循環器内科,再診,8
,0,14:00,放射線治療科,再診,5
,0,14:00,救急科,初診,1
,0,14:00,整形外科,再診,9
,0,14:00,歯科口腔外科,再診,5
,0,14:00,泌尿器科,再診,17
,0,14:00,消化器内科,再診,12
,0,14:00,産婦人科,再診,8
,0,14:00,皮膚科,再診,2
,0,14:00,眼科,再診,20
,0,14:00,総合内科,再診,3
,0,14:00,耳鼻咽喉科,再診,6
,0,14:00,腎内科,再診,1
,0,14:00,血液内科,再診,1
,0,14:00,麻酔科,再診,1
,0,14:30,ソーシャルワーカー,再診,3
,0,14:30,リウマチ膠原病内科,再診,2
,0,14:30,一般消化器外科,再診,7
,0,14:30,中央処置室,再診,1
,0,14:30,乳腺外科,再診,3
,0,14:30,入退院支援センター,再診,3
,0,14:30,呼吸器内科,再診,2
,0,14:30,外来手術室,再診,1
,0,14:30,小児科,再診,3
,0,14:30,小児科,初診,1
,0,14:30,形成外科,再診,2
,0,14:30,循環器内科,再診,6
,0,14:30,放射線治療科,再診,6
,0,14:30,救急科,初診,1
,0,14:30,整形外科,再診,4
,0,14:30,歯科口腔外科,再診,3
,0,14:30,泌尿器科,再診,5
,0,14:30,泌尿器科,初診,1
,0,14:30,消化器内科,再診,4
,0,14:30,産婦人科,再診,6
,0,14:30,皮膚科,再診,1
,0,14:30,看護部,再診,1
,0,14:30,眼科,再診,16
,0,14:30,総合内科,再診,1
,0,14:30,耳鼻咽喉科,再診,4
,0,15:00,一般消化器外科,再診,5
,0,15:00,乳腺外科,再診,3
,0,15:00,外来手術室,再診,2
,0,15:00,小児科,再診,5
,0,15:00,小児科,初診,2
,0,15:00,形成外科,再診,1
,0,15:00,循環器内科,再診,4
,0,15:00,感染症,再診,1
,0,15:00,放射線治療科,再診,4
,0,15:00,救急科,初診,3
,0,15:00,整形外科,再診,3
,0,15:00,整形外科,初診,1
,0,15:00,歯科口腔外科,再診,2
,0,15:00,泌尿器科,再診,3
,0,15:00,消化器内科,再診,1
,0,15:00,産婦人科,再診,4
,0,15:00,皮膚科,再診,1
,0,15:00,看護部,再診,1
,0,15:00,眼科,再診,6
,0,15:00,総合内科,再診,2
,0,15:00,耳鼻咽喉科,再診,2
,0,15:00,脳神経内科,再診,1
,0,15:30,一般消化器外科,再診,1
,0,15:30,乳腺外科,再診,1
,0,15:30,入退院支援センター,再診,1
,0,15:30,呼吸器内科,再診,1
,0,15:30,小児科,再診,4
,0,15:30,循環器内科,再診,4
,0,15:30,循環器内科,初診,1
,0,15:30,救急科,初診,1
,0,15:30,整形外科,再診,2
,0,15:30,歯科口腔外科,再診,12
,0,15:30,泌尿器科,再診,1
,0,15:30,消化器内科,再診,1
,0,15:30,消化器内科,初診,1
,0,15:30,産婦人科,再診,7
,0,15:30,眼科,再診,6
,0,15:30,総合内科,再診,1
,0,15:30,耳鼻咽喉科,再診,3
,0,16:00,ソーシャルワーカー,再診,1
,0,16:00,一般消化器外科,再診,2
,0,16:00,小児科,再診,2
,0,16:00,循環器内科,再診,5
,0,16:00,感染症,再診,1
,0,16:00,放射線治療科,再診,1
,0,16:00,救急科,再診,1
,0,16:00,救急科,初診,1
,0,16:00,歯科口腔外科,再診,2
,0,16:00,泌尿器科,再診,1
,0,16:00,消化器内科,再診,1
,0,16:00,産婦人科,再診,3
,0,16:00,眼科,再診,1
,0,16:00,耳鼻咽喉科,再診,2
,0,16:00,骨転移カンファレンス,再診,1
,0,16:00,ﾘﾊﾋﾞﾘﾃｰｼｮﾝ科,再診,1
,0,16:30,救急科,初診,1
,0,16:30,泌尿器科,再診,1
,0,16:30,消化器内科,再診,1
,0,16:30,看護部,再診,1
,0,16:30,総合内科,再診,1
,0,17:00,ソーシャルワーカー,再診,1
,0,17:00,メンタルケア科,再診,1
,0,17:00,一般消化器外科,再診,1
,0,17:00,内科,初診,3
,0,17:00,放射線治療科,再診,1
,0,17:00,救急科,再診,1
,0,17:00,消化器内科,再診,1
,0,17:00,消化器内科,初診,1
,0,17:00,産婦人科,再診,1
,0,17:00,眼科,再診,1
,0,17:00,総合内科,再診,1
,0,17:00,耳鼻咽喉科,再診,1
,0,17:00,遺伝診療科,再診,1
,0,17:30,内科,再診,3
,0,17:30,小児科,初診,2
,0,17:30,救急科,初診,1
,0,17:30,整形外科,再診,1
,0,17:30,消化器内科,初診,1
,0,17:30,皮膚科,再診,1
,0,18:00,内科,再診,1
,0,18:00,小児科,再診,1
,0,18:00,遺伝診療科,再診,1
,0,18:30,内科,初診,1
,0,18:30,耳鼻咽喉科,再診,1
,0,18:30,耳鼻咽喉科,初診,1
,0,19:00,内科,初診,1
,0,19:00,小児科,初診,2
,0,19:00,救急科,初診,1
,0,19:00,歯科口腔外科,再診,1
,0,19:00,耳鼻咽喉科,初診,1
,0,19:30,内科,再診,1
,0,19:30,形成外科,初診,1
,0,19:30,脳神経外科,初診,1
,0,20:00,内科,再診,1
,0,20:00,内科,初診,1
,0,20:00,循環器内科,初診,1
,0,20:00,耳鼻咽喉科,初診,1
,0,20:00,遺伝診療科,再診,1
,0,20:30,内科,初診,1
,0,20:30,救急科,初診,1
,0,20:30,眼科,初診,1
,0,20:30,耳鼻咽喉科,初診,2
,0,21:00,内科,再診,2
,0,21:00,内科,初診,1
,0,21:00,救急科,初診,1
,0,22:00,内科,再診,1
,0,22:00,内科,初診,1
,0,22:00,小児科,初診,1
,0,22:00,産婦人科,初診,1
,0,22:30,内科,再診,1
,0,22:30,救急科,初診,1
,0,23:00,救急科,再診,1
,1,00:00,アレルギー科,再診,3
,1,00:00,ソーシャルワーカー,再診,3
,1,00:00,リウマチ膠原病内科,再診,7
,1,00:00,一般消化器外科,再診,16
,1,00:00,乳腺外科,再診,16
,1,00:00,呼吸器内科,再診,16
,1,00:00,外来手術室,再診,6
,1,00:00,小児科,再診,12
,1,00:00,形成外科,再診,9
,1,00:00,形成外科,初診,1
,1,00:00,循環器内科,再診,5
,1,00:00,感染症,再診,2
,1,00:00,放射線治療科,再診,5
,1,00:00,整形外科,再診,20
,1,00:00,整形外科,初診,1
,1,00:00,歯科口腔外科,再診,6
,1,00:00,泌尿器科,再診,28
,1,00:00,消化器内科,再診,6
,1,00:00,産婦人科,再診,8
,1,00:00,皮膚・排泄ケア,再診,7
,1,00:00,皮膚科,再診,6
,1,00:00,看護部,再診,2
,1,00:00,眼科,再診,18
,1,00:00,総合内科,再診,3
,1,00:00,緩和ケアチーム,再診,2
,1,00:00,耳鼻咽喉科,再診,12
,1,00:00,脳神経内科,再診,1
,1,00:00,脳神経外科,再診,1
,1,00:00,腎内科,再診,7
,1,00:00,臨床工学技師,再診,24
,1,00:00,臨床腫瘍科,再診,1
,1,00:00,血液内科,再診,3
,1,00:00,退院支援,再診,22
,1,00:30,内科,初診,1
,1,01:00,リウマチ膠原病内科,再診,1
,1,01:00,内科,初診,2
,1,01:00,循環器内科,再診,1
,1,01:00,産婦人科,初診,1
,1,01:30,内科,初診,1
,1,01:30,血液内科,再診,1
,1,02:00,内科,初診,2
,1,02:00,循環器内科,再診,1
,1,02:00,救急科,初診,1
,1,02:30,内科,初診,1
,1,03:00,メンタルケア科,再診,1
,1,03:00,リウマチ膠原病内科,再診,1
,1,03:00,内科,初診,1
,1,03:00,小児科,初診,1
,1,03:00,循環器内科,再診,1
,1,03:00,消化器内科,再診,1
,1,03:30,内科,再診,1
,1,03:30,感染症,再診,1
,1,05:30,循環器内科,初診,1
,1,06:00,内科,再診,1
,1,06:30,内科,再診,1
,1,06:30,内科,初診,1
,1,07:00,呼吸器内科,再診,1
,1,07:00,血液内科,再診,1
,1,07:30,形成外科,再診,1
,1,07:30,整形外科,再診,1
,1,07:30,消化器内科,再診,1
,1,08:00,PICCCVポートセンター,再診,1
,1,08:00,がんゲノム,再診,1
,1,08:00,アレルギー科,再診,6
,1,08:00,リウマチ膠原病内科,再診,23
,1,08:00,一般消化器外科,再診,25
,1,08:00,中央処置室,再診,11
,1,08:00,乳腺外科,再診,37
,1,08:00,乳腺外科,初診,2
,1,08:00,健診センター,再診,11
,1,08:00,入退院支援センター,再診,4
,1,08:00,内科,初診,1
,1,08:00,呼吸器内科,再診,43
,1,08:00,外来手術室,再診,28
,1,08:00,小児科,再診,1
,1,08:00,形成外科,再診,4
,1,08:00,循環器内科,再診,24
,1,08:00,循環器内科,初診,1
,1,08:00,心臓血管外科,再診,1
,1,08:00,放射線治療科,再診,30
,1,08:00,整形外科,再診,36
,1,08:00,整形外科,初診,5
,1,08:00,歯科口腔外科,再診,8
,1,08:00,歯科口腔外科,初診,3
,1,08:00,泌尿器科,再診,112
,1,08:00,消化器内科,再診,12
,1,08:00,産婦人科,再診,7
,1,08:00,皮膚科,再診,16
,1,08:00,看護部,再診,1
,1,08:00,眼科,再診,45
,1,08:00,眼科,初診,1
,1,08:00,総合内科,再診,16
,1,08:00,総合内科,初診,5
,1,08:00,耳鼻咽喉科,再診,21
,1,08:00,脳神経内科,再診,1
,1,08:00,脳神経内科,初診,1
,1,08:00,脳神経外科,再診,8
,1,08:00,腎内科,再診,21
,1,08:00,臨床腫瘍科,再診,8
,1,08:00,薬剤部,再診,7
,1,08:00,血液内科,再診,47
,1,08:00,通院治療センター,再診,1
,1,08:00,麻酔科,再診,6
,1,08:00,ﾘﾊﾋﾞﾘﾃｰｼｮﾝ科,再診,2
,1,08:30,PICCCVポートセンター,再診,1
,1,08:30,アレルギー科,再診,8
,1,08:30,メンタルケア科,再診,2
,1,08:30,リウマチ膠原病内科,再診,20
,1,08:30,一般消化器外科,再診,18
,1,08:30,中央処置室,再診,3
,1,08:30,乳腺外科,再診,28
,1,08:30,乳腺外科,初診,1
,1,08:30,健診センター,再診,1
,1,08:30,入退院支援センター,再診,3
,1,08:30,呼吸器内科,再診,43
,1,08:30,呼吸器内科,初診,4
,1,08:30,外来手術室,再診,10
,1,08:30,小児科,再診,7
,1,08:30,小児科,初診,2
,1,08:30,形成外科,再診,11
,1,08:30,循環器内科,再診,16
,1,08:30,循環器内科,初診,2
,1,08:30,心臓血管外科,再診,2
,1,08:30,放射線治療科,再診,19
,1,08:30,救急科,再診,1
,1,08:30,救急科,初診,1
,1,08:30,整形外科,再診,41
,1,08:30,整形外科,初診,5
,1,08:30,歯科口腔外科,再診,22
,1,08:30,歯科口腔外科,初診,5
,1,08:30,泌尿器科,再診,114
,1,08:30,消化器内科,再診,17
,1,08:30,消化器内科,初診,4
,1,08:30,産婦人科,再診,27
,1,08:30,産婦人科,初診,2
,1,08:30,皮膚科,再診,32
,1,08:30,皮膚科,初診,2
,1,08:30,眼科,再診,60
,1,08:30,眼科,初診,5
,1,08:30,糖尿病内分泌内科,初診,1
,1,08:30,総合内科,再診,23
,1,08:30,総合内科,初診,8
,1,08:30,耳鼻咽喉科,再診,30
,1,08:30,耳鼻咽喉科,初診,7
,1,08:30,脳神経内科,再診,6
,1,08:30,脳神経外科,再診,11
,1,08:30,脳神経外科,初診,2
,1,08:30,腎内科,再診,15
,1,08:30,腎内科,初診,3
,1,08:30,臨床腫瘍科,再診,8
,1,08:30,薬剤部,再診,7
,1,08:30,血液内科,再診,23
,1,08:30,退院支援,再診,1
,1,08:30,通院治療センター,再診,1
,1,08:30,麻酔科,再診,1
,1,08:30,ﾘﾊﾋﾞﾘﾃｰｼｮﾝ科,再診,8
,1,09:00,アレルギー科,再診,8
,1,09:00,ソーシャルワーカー,再診,1
,1,09:00,メンタルケア科,再診,3
,1,09:00,リウマチ膠原病内科,再診,13
,1,09:00,一般消化器外科,再診,27
,1,09:00,一般消化器外科,初診,3
,1,09:00,中央処置室,再診,2
,1,09:00,乳腺外科,再診,28
,1,09:00,乳腺外科,初診,4
,1,09:00,入退院支援センター,再診,13
,1,09:00,呼吸器内科,再診,22
,1,09:00,呼吸器内科,初診,4
,1,09:00,外来手術室,再診,1
,1,09:00,小児科,再診,11
,1,09:00,小児科,初診,1
,1,09:00,形成外科,再診,11
,1,09:00,形成外科,初診,1
,1,09:00,循環器内科,再診,18
,1,09:00,循環器内科,初診,4
,1,09:00,心臓血管外科,再診,2
,1,09:00,放射線治療科,再診,16
,1,09:00,救急科,再診,1
,1,09:00,整形外科,再診,33
,1,09:00,整形外科,初診,5
,1,09:00,歯科口腔外科,再診,9
,1,09:00,歯科口腔外科,初診,4
,1,09:00,泌尿器科,再診,45
,1,09:00,泌尿器科,初診,5
,1,09:00,消化器内科,再診,21
,1,09:00,消化器内科,初診,3
,1,09:00,産婦人科,再診,23
,1,09:00,産婦人科,初診,2
,1,09:00,皮膚科,再診,21
,1,09:00,皮膚科,初診,4
,1,09:00,眼科,再診,37
,1,09:00,眼科,初診,14
,1,09:00,糖尿病内分泌内科,再診,1
,1,09:00,糖尿病内分泌内科,初診,1
,1,09:00,総合内科,再診,11
,1,09:00,総合内科,初診,4
,1,09:00,耳鼻咽喉科,再診,41
,1,09:00,耳鼻咽喉科,初診,11
,1,09:00,脳神経内科,再診,12
,1,09:00,脳神経外科,再診,12
,1,09:00,脳神経外科,初診,2
,1,09:00,腎内科,再診,10
,1,09:00,臨床腫瘍科,再診,3
,1,09:00,薬剤部,再診,4
,1,09:00,血液内科,再診,23
,1,09:00,血液内科,初診,2
,1,09:00,通院治療センター,再診,1
,1,09:00,麻酔科,再診,12
,1,09:00,ﾘﾊﾋﾞﾘﾃｰｼｮﾝ科,再診,9
,1,09:30,PICCCVポートセンター,再診,1
,1,09:30,アレルギー科,再診,12
,1,09:30,ソーシャルワーカー,再診,1
,1,09:30,メンタルケア科,再診,1
,1,09:30,リウマチ膠原病内科,再診,19
,1,09:30,リウマチ膠原病内科,初診,3
,1,09:30,一般消化器外科,再診,14
,1,09:30,中央処置室,再診,6
,1,09:30,乳腺外科,再診,31
,1,09:30,乳腺外科,初診,1
,1,09:30,入退院支援センター,再診,13
,1,09:30,呼吸器内科,再診,27
,1,09:30,呼吸器内科,初診,2
,1,09:30,外来手術室,再診,1
,1,09:30,小児科,再診,6
,1,09:30,形成外科,再診,14
,1,09:30,形成外科,初診,1
,1,09:30,循環器内科,再診,11
,1,09:30,循環器内科,初診,5
,1,09:30,心臓血管外科,再診,5
,1,09:30,心臓血管外科,初診,1
,1,09:30,感染症,再診,1
,1,09:30,放射線治療科,再診,13
,1,09:30,救急科,再診,1
,1,09:30,救急科,初診,2
,1,09:30,整形外科,再診,31
,1,09:30,整形外科,初診,7
,1,09:30,歯科口腔外科,再診,18
,1,09:30,歯科口腔外科,初診,5
,1,09:30,泌尿器科,再診,45
,1,09:30,泌尿器科,初診,2
,1,09:30,消化器内科,再診,14
,1,09:30,消化器内科,初診,7
,1,09:30,産婦人科,再診,16
,1,09:30,産婦人科,初診,1
,1,09:30,皮膚科,再診,20
,1,09:30,皮膚科,初診,1
,1,09:30,眼科,再診,25
,1,09:30,眼科,初診,5
,1,09:30,糖尿病内分泌内科,再診,3
,1,09:30,総合内科,再診,15
,1,09:30,総合内科,初診,4
,1,09:30,耳鼻咽喉科,再診,36
,1,09:30,耳鼻咽喉科,初診,13
,1,09:30,脳神経内科,再診,6
,1,09:30,脳神経内科,初診,4
,1,09:30,脳神経外科,再診,5
,1,09:30,腎内科,再診,7
,1,09:30,臨床腫瘍科,再診,4
,1,09:30,薬剤部,再診,1
,1,09:30,血液内科,再診,17
,1,09:30,遺伝診療科,再診,2
,1,09:30,麻酔科,再診,7
,1,09:30,ﾘﾊﾋﾞﾘﾃｰｼｮﾝ科,再診,7
,1,10:00,PICCCVポートセンター,再診,2
,1,10:00,アレルギー科,再診,7
,1,10:00,メンタルケア科,再診,2
,1,10:00,リウマチ膠原病内科,再診,11
,1,10:00,一般消化器外科,再診,15
,1,10:00,中央処置室,再診,1
,1,10:00,乳腺外科,再診,21
,1,10:00,入退院支援センター,再診,5
,1,10:00,内科,再診,1
,1,10:00,呼吸器内科,再診,23
,1,10:00,呼吸器内科,初診,2
,1,10:00,小児科,再診,4
,1,10:00,小児科,初診,1
,1,10:00,形成外科,再診,15
,1,10:00,形成外科,初診,1
,1,10:00,循環器内科,再診,11
,1,10:00,循環器内科,初診,3
,1,10:00,心臓血管外科,再診,8
,1,10:00,心臓血管外科,初診,1
,1,10:00,感染症,再診,2
,1,10:00,放射線治療科,再診,12
,1,10:00,救急科,再診,1
,1,10:00,救急科,初診,3
,1,10:00,整形外科,再診,23
,1,10:00,整形外科,初診,3
,1,10:00,歯科口腔外科,再診,12
,1,10:00,歯科口腔外科,初診,5
,1,10:00,泌尿器科,再診,37
,1,10:00,泌尿器科,初診,1
,1,10:00,消化器内科,再診,15
,1,10:00,消化器内科,初診,1
,1,10:00,産婦人科,再診,16
,1,10:00,産婦人科,初診,3
,1,10:00,皮膚科,再診,17
,1,10:00,皮膚科,初診,2
,1,10:00,看護部,再診,1
,1,10:00,眼科,再診,29
,1,10:00,眼科,初診,5
,1,10:00,糖尿病内分泌内科,再診,1
,1,10:00,総合内科,再診,7
,1,10:00,総合内科,初診,7
,1,10:00,耳鼻咽喉科,再診,26
,1,10:00,耳鼻咽喉科,初診,4
,1,10:00,脳神経内科,再診,3
,1,10:00,脳神経内科,初診,3
,1,10:00,脳神経外科,再診,4
,1,10:00,脳神経外科,初診,1
,1,10:00,腎内科,再診,9
,1,10:00,臨床腫瘍科,再診,2
,1,10:00,薬剤部,再診,1
,1,10:00,血液内科,再診,26
,1,10:00,麻酔科,再診,7
,1,10:00,ﾘﾊﾋﾞﾘﾃｰｼｮﾝ科,再診,3
,1,10:30,PICCCVポートセンター,再診,2
,1,10:30,アレルギー科,再診,2
,1,10:30,ソーシャルワーカー,再診,2
,1,10:30,メンタルケア科,再診,1
,1,10:30,リウマチ膠原病内科,再診,18
,1,10:30,一般消化器外科,再診,9
,1,10:30,一般消化器外科,初診,2
,1,10:30,中央処置室,再診,3
,1,10:30,乳腺外科,再診,21
,1,10:30,健診センター,再診,1
,1,10:30,入退院支援センター,再診,9
,1,10:30,呼吸器内科,再診,17
,1,10:30,小児科,再診,5
,1,10:30,小児科,初診,2
,1,10:30,形成外科,再診,7
,1,10:30,循環器内科,再診,4
,1,10:30,循環器内科,初診,2
,1,10:30,心臓血管外科,再診,1
,1,10:30,感染症,再診,1
,1,10:30,放射線治療科,再診,6
,1,10:30,整形外科,再診,30
,1,10:30,整形外科,初診,3
,1,10:30,歯科口腔外科,再診,10
,1,10:30,歯科口腔外科,初診,7
,1,10:30,泌尿器科,再診,38
,1,10:30,消化器内科,再診,8
,1,10:30,消化器内科,初診,2
,1,10:30,産婦人科,再診,10
,1,10:30,産婦人科,初診,3
,1,10:30,皮膚科,再診,18
,1,10:30,皮膚科,初診,1
,1,10:30,看護部,再診,3
,1,10:30,眼科,再診,15
,1,10:30,眼科,初診,2
,1,10:30,糖尿病内分泌内科,再診,1
,1,10:30,総合内科,再診,7
,1,10:30,総合内科,初診,4
,1,10:30,耳鼻咽喉科,再診,18
,1,10:30,耳鼻咽喉科,初診,1
,1,10:30,脳神経内科,初診,1
,1,10:30,脳神経外科,再診,1
,1,10:30,腎内科,再診,2
,1,10:30,臨床腫瘍科,再診,2
,1,10:30,薬剤部,再診,1
,1,10:30,血液内科,再診,6
,1,10:30,退院支援,再診,1
,1,10:30,麻酔科,再診,8
,1,10:30,ﾘﾊﾋﾞﾘﾃｰｼｮﾝ科,再診,1
,1,11:00,アレルギー科,再診,2
,1,11:00,メンタルケア科,再診,1
,1,11:00,リウマチ膠原病内科,再診,11
,1,11:00,一般消化器外科,再診,6
,1,11:00,乳腺外科,再診,14
,1,11:00,乳腺外科,初診,1
,1,11:00,入退院支援センター,再診,9
,1,11:00,呼吸器内科,再診,3
,1,11:00,外来手術室,再診,1
,1,11:00,小児科,再診,2
,1,11:00,形成外科,再診,3
,1,11:00,循環器内科,再診,7
,1,11:00,循環器内科,初診,1
,1,11:00,心臓血管外科,再診,1
,1,11:00,放射線治療科,再診,3
,1,11:00,整形外科,再診,25
,1,11:00,整形外科,初診,1
,1,11:00,歯科口腔外科,再診,11
,1,11:00,歯科口腔外科,初診,1
,1,11:00,泌尿器科,再診,52
,1,11:00,泌尿器科,初診,3
,1,11:00,消化器内科,再診,7
,1,11:00,消化器内科,初診,2
,1,11:00,産婦人科,再診,7
,1,11:00,産婦人科,初診,2
,1,11:00,皮膚科,再診,5
,1,11:00,皮膚科,初診,1
,1,11:00,看護部,再診,1
,1,11:00,眼科,再診,15
,1,11:00,総合内科,再診,4
,1,11:00,総合内科,初診,2
,1,11:00,耳鼻咽喉科,再診,13
,1,11:00,腎内科,再診,5
,1,11:00,血液内科,再診,6
,1,11:00,遺伝診療科,再診,1
,1,11:00,麻酔科,再診,6
,1,11:00,ﾘﾊﾋﾞﾘﾃｰｼｮﾝ科,再診,1
,1,11:30,ソーシャルワーカー,再診,2
,1,11:30,リウマチ膠原病内科,再診,8
,1,11:30,一般消化器外科,再診,8
,1,11:30,中央処置室,再診,2
,1,11:30,乳腺外科,再診,5
,1,11:30,入退院支援センター,再診,9
,1,11:30,呼吸器内科,再診,6
,1,11:30,外来手術室,再診,1
,1,11:30,小児科,再診,1
,1,11:30,小児科,初診,1
,1,11:30,形成外科,再診,2
,1,11:30,循環器内科,再診,2
,1,11:30,放射線治療科,再診,3
,1,11:30,救急科,初診,1
,1,11:30,整形外科,再診,32
,1,11:30,整形外科,初診,2
,1,11:30,歯科口腔外科,再診,9
,1,11:30,泌尿器科,再診,36
,1,11:30,泌尿器科,初診,1
,1,11:30,消化器内科,再診,4
,1,11:30,消化器内科,初診,1
,1,11:30,産婦人科,再診,6
,1,11:30,皮膚科,再診,8
,1,11:30,看護部,再診,1
,1,11:30,眼科,再診,10
,1,11:30,総合内科,再診,2
,1,11:30,耳鼻咽喉科,再診,11
,1,11:30,腎内科,再診,2
,1,11:30,血液内科,再診,6
,1,11:30,麻酔科,再診,4
,1,12:00,アレルギー科,再診,1
,1,12:00,メンタルケア科,再診,3
,1,12:00,リウマチ膠原病内科,再診,2
,1,12:00,一般消化器外科,再診,6
,1,12:00,中央処置室,再診,1
,1,12:00,乳腺外科,再診,7
,1,12:00,入退院支援センター,再診,4
,1,12:00,呼吸器内科,再診,8
,1,12:00,外来手術室,再診,1
,1,12:00,形成外科,再診,2
,1,12:00,形成外科,初診,1
,1,12:00,循環器内科,再診,7
,1,12:00,心臓血管外科,再診,3
,1,12:00,放射線治療科,再診,2
,1,12:00,救急科,再診,1
,1,12:00,救急科,初診,1
,1,12:00,整形外科,再診,13
,1,12:00,整形外科,初診,1
,1,12:00,歯科口腔外科,再診,3
,1,12:00,泌尿器科,再診,23
,1,12:00,泌尿器科,初診,1
,1,12:00,消化器内科,再診,5
,1,12:00,消化器内科,初診,1
,1,12:00,産婦人科,再診,4
,1,12:00,産婦人科,初診,1
,1,12:00,皮膚科,再診,5
,1,12:00,皮膚科,初診,1
,1,12:00,看護部,再診,1
,1,12:00,眼科,再診,13
,1,12:00,総合内科,再診,7
,1,12:00,総合内科,初診,1
,1,12:00,耳鼻咽喉科,再診,3
,1,12:00,腎内科,再診,2
,1,12:00,臨床腫瘍科,再診,1
,1,12:00,麻酔科,再診,1
,1,12:30,メンタルケア科,再診,5
,1,12:30,リウマチ膠原病内科,再診,2
,1,12:30,一般消化器外科,再診,2
,1,12:30,乳腺外科,再診,19
,1,12:30,乳腺外科,初診,1
,1,12:30,入退院支援センター,再診,5
,1,12:30,呼吸器内科,再診,16
,1,12:30,呼吸器内科,初診,1
,1,12:30,外来手術室,再診,2
,1,12:30,小児科,再診,2
,1,12:30,形成外科,再診,3
,1,12:30,形成外科,初診,1
,1,12:30,循環器内科,再診,7
,1,12:30,心臓血管外科,再診,1
,1,12:30,放射線治療科,再診,7
,1,12:30,救急科,初診,1
,1,12:30,整形外科,再診,6
,1,12:30,整形外科,初診,1
,1,12:30,歯科口腔外科,再診,4
,1,12:30,泌尿器科,再診,24
,1,12:30,泌尿器科,初診,1
,1,12:30,消化器内科,再診,14
,1,12:30,消化器内科,初診,1
,1,12:30,産婦人科,再診,7
,1,12:30,皮膚科,再診,7
,1,12:30,皮膚科,初診,1
,1,12:30,看護部,再診,2
,1,12:30,眼科,再診,38
,1,12:30,眼科,初診,1
,1,12:30,糖尿病内分泌内科,再診,2
,1,12:30,総合内科,再診,7
,1,12:30,総合内科,初診,1
,1,12:30,耳鼻咽喉科,再診,12
,1,12:30,脳神経内科,再診,1
,1,12:30,脳神経内科,初診,2
,1,12:30,腎内科,再診,3
,1,12:30,血液内科,再診,4
,1,12:30,退院支援,再診,1
,1,12:30,遺伝診療科,再診,2
,1,12:30,麻酔科,再診,3
,1,13:00,メンタルケア科,再診,5
,1,13:00,一般消化器外科,再診,1
,1,13:00,中央処置室,再診,1
,1,13:00,乳腺外科,再診,24
,1,13:00,健診センター,再診,1
,1,13:00,入退院支援センター,再診,8
,1,13:00,内科,初診,1
,1,13:00,呼吸器内科,再診,20
,1,13:00,呼吸器内科,初診,1
,1,13:00,小児科,再診,1
,1,13:00,形成外科,再診,2
,1,13:00,循環器内科,再診,12
,1,13:00,循環器内科,初診,1
,1,13:00,心臓血管外科,再診,2
,1,13:00,感染症,再診,1
,1,13:00,放射線治療科,再診,3
,1,13:00,救急科,初診,1
,1,13:00,整形外科,再診,4
,1,13:00,整形外科,初診,1
,1,13:00,歯科口腔外科,再診,9
,1,13:00,歯科口腔外科,初診,1
,1,13:00,泌尿器科,再診,27
,1,13:00,消化器内科,再診,9
,1,13:00,消化器内科,初診,1
,1,13:00,産婦人科,再診,13
,1,13:00,皮膚科,再診,6
,1,13:00,看護部,再診,2
,1,13:00,眼科,再診,39
,1,13:00,総合内科,再診,7
,1,13:00,耳鼻咽喉科,再診,25
,1,13:00,脳神経外科,再診,1
,1,13:00,腎内科,再診,2
,1,13:00,薬剤部,再診,1
,1,13:00,血液内科,再診,3
,1,13:00,麻酔科,再診,6
,1,13:30,PICCCVポートセンター,再診,1
,1,13:30,がんゲノム,再診,1
,1,13:30,メンタルケア科,再診,4
,1,13:30,一般消化器外科,再診,5
,1,13:30,中央処置室,再診,3
,1,13:30,乳腺外科,再診,10
,1,13:30,健診センター,再診,2
,1,13:30,入退院支援センター,再診,5
,1,13:30,呼吸器内科,再診,10
,1,13:30,呼吸器内科,初診,5
,1,13:30,小児科,再診,1
,1,13:30,形成外科,再診,2
,1,13:30,循環器内科,再診,10
,1,13:30,放射線治療科,再診,1
,1,13:30,整形外科,再診,4
,1,13:30,歯科口腔外科,再診,4
,1,13:30,泌尿器科,再診,18
,1,13:30,消化器内科,再診,7
,1,13:30,消化器内科,初診,1
,1,13:30,産婦人科,再診,3
,1,13:30,皮膚科,再診,9
,1,13:30,看護部,再診,1
,1,13:30,眼科,再診,30
,1,13:30,総合内科,再診,4
,1,13:30,耳鼻咽喉科,再診,18
,1,13:30,耳鼻咽喉科,初診,1
,1,13:30,脳神経外科,再診,1
,1,13:30,腎内科,再診,2
,1,13:30,臨床腫瘍科,再診,2
,1,13:30,薬剤部,再診,1
,1,13:30,血液内科,再診,3
,1,13:30,通院治療センター,再診,1
,1,13:30,遺伝診療科,再診,1
,1,13:30,遺伝診療科,初診,1
,1,13:30,麻酔科,再診,5
,1,14:00,がんゲノム,再診,2
,1,14:00,ソーシャルワーカー,再診,1
,1,14:00,メンタルケア科,再診,7
,1,14:00,リウマチ膠原病内科,再診,1
,1,14:00,一般消化器外科,再診,1
,1,14:00,中央処置室,再診,1
,1,14:00,乳腺外科,再診,11
,1,14:00,健診センター,再診,1
,1,14:00,呼吸器内科,再診,13
,1,14:00,呼吸器内科,初診,1
,1,14:00,外来手術室,再診,1
,1,14:00,小児科,再診,1
,1,14:00,形成外科,再診,2
,1,14:00,循環器内科,再診,6
,1,14:00,放射線治療科,再診,6
,1,14:00,救急科,初診,1
,1,14:00,歯科口腔外科,再診,5
,1,14:00,泌尿器科,再診,9
,1,14:00,消化器内科,再診,9
,1,14:00,産婦人科,再診,4
,1,14:00,皮膚科,再診,7
,1,14:00,看護部,再診,2
,1,14:00,眼科,再診,24
,1,14:00,総合内科,再診,2
,1,14:00,耳鼻咽喉科,再診,13
,1,14:00,脳神経外科,再診,2
,1,14:00,腎内科,再診,2
,1,14:00,臨床腫瘍科,再診,1
,1,14:00,血液内科,再診,2
,1,14:00,麻酔科,再診,2
,1,14:00,ﾘﾊﾋﾞﾘﾃｰｼｮﾝ科,再診,1
,1,14:30,がんゲノム,再診,6
,1,14:30,ソーシャルワーカー,再診,1
,1,14:30,メンタルケア科,再診,8
,1,14:30,一般消化器外科,再診,3
,1,14:30,乳腺外科,再診,3
,1,14:30,入退院支援センター,再診,2
,1,14:30,呼吸器内科,再診,4
,1,14:30,呼吸器外科,再診,1
,1,14:30,小児科,再診,2
,1,14:30,形成外科,再診,3
,1,14:30,循環器内科,再診,5
,1,14:30,放射線治療科,再診,5
,1,14:30,整形外科,再診,1
,1,14:30,歯科口腔外科,再診,9
,1,14:30,泌尿器科,再診,7
,1,14:30,消化器内科,再診,8
,1,14:30,産婦人科,再診,3
,1,14:30,皮膚科,再診,7
,1,14:30,看護部,再診,5
,1,14:30,眼科,再診,14
,1,14:30,総合内科,再診,3
,1,14:30,緩和ケアチーム,再診,1
,1,14:30,耳鼻咽喉科,再診,13
,1,14:30,血液内科,再診,4
,1,14:30,遺伝診療科,再診,1
,1,15:00,メンタルケア科,再診,7
,1,15:00,リウマチ膠原病内科,再診,2
,1,15:00,乳腺外科,再診,5
,1,15:00,入退院支援センター,再診,4
,1,15:00,呼吸器内科,再診,2
,1,15:00,小児科,再診,4
,1,15:00,形成外科,再診,1
,1,15:00,循環器内科,再診,8
,1,15:00,放射線治療科,再診,4
,1,15:00,救急科,初診,2
,1,15:00,整形外科,再診,1
,1,15:00,歯科口腔外科,再診,4
,1,15:00,泌尿器科,再診,4
,1,15:00,消化器内科,再診,3
,1,15:00,消化器内科,初診,1
,1,15:00,皮膚科,再診,6
,1,15:00,眼科,再診,12
,1,15:00,総合内科,再診,3
,1,15:00,耳鼻咽喉科,再診,10
,1,15:00,脳神経外科,再診,1
,1,15:00,通院治療センター,再診,1
,1,15:00,遺伝診療科,再診,1
,1,15:30,PICCCVポートセンター,再診,1
,1,15:30,ソーシャルワーカー,再診,2
,1,15:30,メンタルケア科,再診,1
,1,15:30,小児科,再診,5
,1,15:30,放射線治療科,再診,2
,1,15:30,救急科,再診,1
,1,15:30,救急科,初診,1
,1,15:30,整形外科,再診,3
,1,15:30,歯科口腔外科,再診,6
,1,15:30,泌尿器科,再診,3
,1,15:30,消化器内科,再診,3
,1,15:30,産婦人科,再診,1
,1,15:30,皮膚科,再診,5
,1,15:30,総合内科,再診,3
,1,15:30,耳鼻咽喉科,再診,5
,1,15:30,耳鼻咽喉科,初診,1
,1,15:30,通院治療センター,再診,1
,1,16:00,がんゲノム,再診,1
,1,16:00,メンタルケア科,再診,1
,1,16:00,リウマチ膠原病内科,再診,1
,1,16:00,乳腺外科,再診,1
,1,16:00,小児科,再診,2
,1,16:00,循環器内科,再診,1
,1,16:00,救急科,初診,1
,1,16:00,整形外科,初診,1
,1,16:00,歯科口腔外科,再診,4
,1,16:00,皮膚科,再診,2
,1,16:00,看護部,再診,2
,1,16:00,耳鼻咽喉科,再診,3
,1,16:30,ソーシャルワーカー,再診,1
,1,16:30,一般消化器外科,初診,1
,1,16:30,呼吸器内科,再診,2
,1,16:30,循環器内科,再診,2
,1,16:30,放射線治療科,再診,1
,1,16:30,整形外科,再診,2
,1,16:30,泌尿器科,再診,2
,1,16:30,皮膚科,再診,1
,1,16:30,眼科,再診,1
,1,16:30,脳神経外科,初診,1
,1,16:30,臨床工学技師,再診,1
,1,16:30,臨床腫瘍科,再診,1
,1,17:00,メンタルケア科,再診,1
,1,17:00,内科,再診,1
,1,17:00,放射線治療科,再診,1
,1,17:00,整形外科,再診,1
,1,17:00,歯科口腔外科,再診,1
,1,17:30,一般消化器外科,再診,1
,1,17:30,内科,再診,1
,1,17:30,内科,初診,2
,1,18:00,メンタルケア科,再診,1
,1,18:00,形成外科,再診,1
,1,18:00,循環器内科,再診,1
,1,18:00,循環器内科,初診,1
,1,18:30,内科,再診,1
,1,18:30,内科,初診,1
,1,18:30,循環器内科,再診,1
,1,18:30,産婦人科,再診,1
,1,19:00,内科,初診,2
,1,19:00,整形外科,再診,1
,1,19:30,内科,初診,1
,1,20:00,内科,初診,1
,1,20:00,呼吸器内科,再診,1
,1,20:00,救急科,初診,1
,1,20:00,整形外科,再診,1
,1,20:30,整形外科,初診,1
,1,21:00,内科,再診,1
,1,21:30,救急科,初診,1
,1,21:30,整形外科,初診,1
,1,21:30,泌尿器科,再診,1
,1,22:00,内科,再診,1
,1,22:30,内科,再診,1
,1,22:30,小児科,初診,1
,1,23:00,小児科,初診,1
,1,23:30,内科,初診,2
,1,23:30,整形外科,再診,1
,2,00:00,ソーシャルワーカー,再診,7
,2,00:00,メンタルケア科,再診,10
,2,00:00,リウマチ膠原病内科,再診,7
,2,00:00,一般消化器外科,再診,14
,2,00:00,中央処置室,再診,1
,2,00:00,乳腺外科,再診,14
,2,00:00,健診センター,再診,6
,2,00:00,呼吸器内科,再診,7
,2,00:00,呼吸器外科,再診,1
,2,00:00,外来手術室,再診,3
,2,00:00,小児科,再診,9
,2,00:00,形成外科,再診,3
,2,00:00,循環器内科,再診,13
,2,00:00,心臓血管外科,再診,1
,2,00:00,放射線治療科,再診,4
,2,00:00,整形外科,再診,23
,2,00:00,歯科口腔外科,再診,1
,2,00:00,歯科口腔外科,初診,2
,2,00:00,泌尿器科,再診,40
,2,00:00,泌尿器科,初診,1
,2,00:00,消化器内科,再診,5
,2,00:00,消化器内科,初診,1
,2,00:00,産婦人科,再診,82
,2,00:00,産婦人科,初診,1
,2,00:00,皮膚・排泄ケア,再診,10
,2,00:00,皮膚科,再診,9
,2,00:00,看護部,再診,8
,2,00:00,眼科,再診,32
,2,00:00,総合内科,再診,4
,2,00:00,緩和ケアチーム,再診,4
,2,00:00,耳鼻咽喉科,再診,12
,2,00:00,脳神経内科,再診,2
,2,00:00,脳神経外科,再診,2
,2,00:00,腎内科,再診,6
,2,00:00,臨床工学技師,再診,24
,2,00:00,薬剤部,再診,1
,2,00:00,血液内科,再診,3
,2,00:00,退院支援,再診,24
,2,00:00,通院治療センター,再診,1
,2,00:00,ﾘﾊﾋﾞﾘﾃｰｼｮﾝ科,再診,1
,2,00:30,リウマチ膠原病内科,再診,1
,2,00:30,内科,再診,1
,2,01:00,内科,初診,2
,2,01:30,内科,初診,1
,2,01:30,消化器内科,再診,1
,2,02:30,救急科,初診,1
,2,03:00,救急科,初診,1
,2,04:00,内科,再診,2
,2,04:30,内科,再診,1
,2,05:00,内科,再診,1
,2,06:00,内科,初診,1
,2,06:00,救急科,初診,1
,2,06:30,救急科,初診,1
,2,07:00,PICCCVポートセンター,再診,1
,2,07:00,循環器内科,再診,1
,2,07:00,整形外科,再診,1
,2,07:00,脳神経内科,再診,1
,2,07:00,腎内科,再診,1
,2,07:30,メンタルケア科,再診,1
,2,07:30,循環器内科,再診,1
,2,07:30,放射線治療科,再診,1
,2,07:30,産婦人科,再診,1
,2,07:30,脳神経内科,再診,1
,2,07:30,腎内科,再診,1
,2,08:00,アレルギー科,再診,7
,2,08:00,メンタルケア科,再診,10
,2,08:00,リウマチ膠原病内科,再診,30
,2,08:00,一般消化器外科,再診,39
,2,08:00,中央処置室,再診,5
,2,08:00,乳腺外科,再診,31
,2,08:00,乳腺外科,初診,1
,2,08:00,健診センター,再診,9
,2,08:00,入退院支援センター,再診,7
,2,08:00,内科,再診,1
,2,08:00,呼吸器内科,再診,18
,2,08:00,呼吸器外科,再診,10
,2,08:00,外来手術室,再診,59
,2,08:00,小児科,再診,1
,2,08:00,小児科,初診,1
,2,08:00,形成外科,再診,5
,2,08:00,循環器内科,再診,46
,2,08:00,循環器内科,初診,4
,2,08:00,放射線治療科,再診,33
,2,08:00,救急科,初診,1
,2,08:00,整形外科,再診,20
,2,08:00,整形外科,初診,1
,2,08:00,歯科口腔外科,再診,2
,2,08:00,歯科口腔外科,初診,1
,2,08:00,泌尿器科,再診,151
,2,08:00,泌尿器科,初診,1
,2,08:00,消化器内科,再診,34
,2,08:00,消化器内科,初診,1
,2,08:00,産婦人科,再診,28
,2,08:00,産婦人科,初診,1
,2,08:00,皮膚科,再診,20
,2,08:00,眼科,再診,64
,2,08:00,眼科,初診,5
,2,08:00,総合内科,再診,11
,2,08:00,総合内科,初診,9
,2,08:00,耳鼻咽喉科,再診,13
,2,08:00,脳神経内科,再診,7
,2,08:00,脳神経外科,再診,8
,2,08:00,脳神経外科,初診,1
,2,08:00,腎内科,再診,47
,2,08:00,臨床工学技師,再診,4
,2,08:00,臨床腫瘍科,再診,8
,2,08:00,薬剤部,再診,8
,2,08:00,血液内科,再診,11
,2,08:00,通院治療センター,再診,1
,2,08:00,麻酔科,再診,1
,2,08:30,アレルギー科,再診,5
,2,08:30,ソーシャルワーカー,再診,1
,2,08:30,メンタルケア科,再診,22
,2,08:30,リウマチ膠原病内科,再診,24
,2,08:30,一般消化器外科,再診,41
,2,08:30,中央処置室,再診,3
,2,08:30,乳腺外科,再診,27
,2,08:30,健診センター,再診,1
,2,08:30,入退院支援センター,再診,13
,2,08:30,内科,再診,1
,2,08:30,呼吸器内科,再診,26
,2,08:30,呼吸器内科,初診,3
,2,08:30,呼吸器外科,再診,6
,2,08:30,呼吸器外科,初診,1
,2,08:30,外来手術室,再診,14
,2,08:30,小児科,再診,7
,2,08:30,小児科,初診,3
,2,08:30,形成外科,再診,7
,2,08:30,循環器内科,再診,49
,2,08:30,循環器内科,初診,8
,2,08:30,放射線治療科,再診,23
,2,08:30,整形外科,再診,40
,2,08:30,整形外科,初診,10
,2,08:30,歯科口腔外科,再診,8
,2,08:30,歯科口腔外科,初診,11
,2,08:30,泌尿器科,再診,110
,2,08:30,泌尿器科,初診,1
,2,08:30,消化器内科,再診,39
,2,08:30,消化器内科,初診,7
,2,08:30,産婦人科,再診,54
,2,08:30,産婦人科,初診,4
,2,08:30,皮膚科,再診,25
,2,08:30,皮膚科,初診,3
,2,08:30,看護部,再診,1
,2,08:30,眼科,再診,75
,2,08:30,眼科,初診,25
,2,08:30,総合内科,再診,14
,2,08:30,総合内科,初診,3
,2,08:30,耳鼻咽喉科,再診,29
,2,08:30,耳鼻咽喉科,初診,1
,2,08:30,脳神経内科,再診,11
,2,08:30,脳神経内科,初診,1
,2,08:30,脳神経外科,再診,22
,2,08:30,脳神経外科,初診,1
,2,08:30,腎内科,再診,28
,2,08:30,腎内科,初診,2
,2,08:30,臨床腫瘍科,再診,6
,2,08:30,薬剤部,再診,5
,2,08:30,血液内科,再診,30
,2,08:30,通院治療センター,再診,1
,2,08:30,麻酔科,再診,6
,2,08:30,ﾘﾊﾋﾞﾘﾃｰｼｮﾝ科,再診,1
,2,09:00,アレルギー科,再診,4
,2,09:00,ソーシャルワーカー,再診,1
,2,09:00,メンタルケア科,再診,16
,2,09:00,リウマチ膠原病内科,再診,24
,2,09:00,リウマチ膠原病内科,初診,1
,2,09:00,一般消化器外科,再診,26
,2,09:00,中央処置室,再診,2
,2,09:00,乳腺外科,再診,38
,2,09:00,乳腺外科,初診,3
,2,09:00,入退院支援センター,再診,14
,2,09:00,呼吸器内科,再診,16
,2,09:00,呼吸器内科,初診,3
,2,09:00,呼吸器外科,再診,7
,2,09:00,外来手術室,再診,6
,2,09:00,小児科,再診,15
,2,09:00,形成外科,再診,2
,2,09:00,循環器内科,再診,43
,2,09:00,循環器内科,初診,9
,2,09:00,放射線治療科,再診,16
,2,09:00,放射線診断科,再診,1
,2,09:00,救急科,再診,2
,2,09:00,救急科,初診,2
,2,09:00,整形外科,再診,25
,2,09:00,整形外科,初診,4
,2,09:00,歯科口腔外科,再診,9
,2,09:00,歯科口腔外科,初診,9
,2,09:00,泌尿器科,再診,88
,2,09:00,泌尿器科,初診,2
,2,09:00,消化器内科,再診,31
,2,09:00,消化器内科,初診,3
,2,09:00,産婦人科,再診,63
,2,09:00,産婦人科,初診,5
,2,09:00,皮膚科,再診,31
,2,09:00,皮膚科,初診,9
,2,09:00,眼科,再診,49
,2,09:00,眼科,初診,14
,2,09:00,移行期医療支援外来,再診,1
,2,09:00,総合内科,再診,18
,2,09:00,総合内科,初診,4
,2,09:00,耳鼻咽喉科,再診,30
,2,09:00,耳鼻咽喉科,初診,3
,2,09:00,脳神経内科,再診,12
,2,09:00,脳神経外科,再診,15
,2,09:00,脳神経外科,初診,1
,2,09:00,腎内科,再診,24
,2,09:00,腎内科,初診,2
,2,09:00,臨床腫瘍科,再診,3
,2,09:00,薬剤部,再診,5
,2,09:00,血液内科,再診,18
,2,09:00,通院治療センター,再診,1
,2,09:00,麻酔科,再診,4
,2,09:00,ﾘﾊﾋﾞﾘﾃｰｼｮﾝ科,再診,1
,2,09:30,PICCCVポートセンター,再診,2
,2,09:30,アレルギー科,再診,6
,2,09:30,ソーシャルワーカー,再診,2
,2,09:30,メンタルケア科,再診,18
,2,09:30,リウマチ膠原病内科,再診,31
,2,09:30,リウマチ膠原病内科,初診,1
,2,09:30,一般消化器外科,再診,26
,2,09:30,中央処置室,再診,4
,2,09:30,乳腺外科,再診,32
,2,09:30,乳腺外科,初診,1
,2,09:30,入退院支援センター,再診,8
,2,09:30,呼吸器内科,再診,25
,2,09:30,呼吸器内科,初診,1
,2,09:30,呼吸器外科,再診,3
,2,09:30,小児科,再診,8
,2,09:30,形成外科,再診,1
,2,09:30,循環器内科,再診,37
,2,09:30,循環器内科,初診,9
,2,09:30,放射線治療科,再診,20
,2,09:30,救急科,再診,1
,2,09:30,救急科,初診,2
,2,09:30,整形外科,再診,35
,2,09:30,整形外科,初診,7
,2,09:30,歯科口腔外科,再診,2
,2,09:30,歯科口腔外科,初診,8
,2,09:30,泌尿器科,再診,115
,2,09:30,泌尿器科,初診,1
,2,09:30,消化器内科,再診,24
,2,09:30,消化器内科,初診,7
,2,09:30,産婦人科,再診,43
,2,09:30,産婦人科,初診,5
,2,09:30,皮膚・排泄ケア,再診,1
,2,09:30,皮膚科,再診,28
,2,09:30,皮膚科,初診,6
,2,09:30,看護部,再診,1
,2,09:30,眼科,再診,47
,2,09:30,眼科,初診,12
,2,09:30,総合内科,再診,15
,2,09:30,総合内科,初診,6
,2,09:30,耳鼻咽喉科,再診,28
,2,09:30,耳鼻咽喉科,初診,3
,2,09:30,脳神経内科,再診,18
,2,09:30,脳神経内科,初診,4
,2,09:30,脳神経外科,再診,9
,2,09:30,腎内科,再診,26
,2,09:30,腎内科,初診,1
,2,09:30,臨床腫瘍科,再診,4
,2,09:30,薬剤部,再診,2
,2,09:30,血液内科,再診,12
,2,09:30,血液内科,初診,3
,2,09:30,退院支援,再診,2
,2,09:30,遺伝診療科,再診,1
,2,09:30,麻酔科,再診,7
,2,10:00,PICCCVポートセンター,再診,1
,2,10:00,アレルギー科,再診,2
,2,10:00,メンタルケア科,再診,11
,2,10:00,リウマチ膠原病内科,再診,12
,2,10:00,一般消化器外科,再診,14
,2,10:00,中央処置室,再診,1
,2,10:00,乳腺外科,再診,25
,2,10:00,乳腺外科,初診,2
,2,10:00,入退院支援センター,再診,8
,2,10:00,内科,再診,1
,2,10:00,内科,初診,1
,2,10:00,呼吸器内科,再診,20
,2,10:00,呼吸器内科,初診,3
,2,10:00,呼吸器外科,再診,2
,2,10:00,外来手術室,再診,1
,2,10:00,小児科,再診,9
,2,10:00,小児科,初診,2
,2,10:00,循環器内科,再診,32
,2,10:00,循環器内科,初診,1
,2,10:00,感染症,再診,1
,2,10:00,放射線治療科,再診,11
,2,10:00,救急科,初診,1
,2,10:00,整形外科,再診,25
,2,10:00,整形外科,初診,12
,2,10:00,歯科口腔外科,再診,1
,2,10:00,歯科口腔外科,初診,5
,2,10:00,泌尿器科,再診,75
,2,10:00,泌尿器科,初診,1
,2,10:00,消化器内科,再診,19
,2,10:00,消化器内科,初診,1
,2,10:00,産婦人科,再診,45
,2,10:00,産婦人科,初診,8
,2,10:00,皮膚科,再診,18
,2,10:00,皮膚科,初診,5
,2,10:00,看護部,再診,4
,2,10:00,眼科,再診,33
,2,10:00,眼科,初診,9
,2,10:00,総合内科,再診,12
,2,10:00,総合内科,初診,6
,2,10:00,緩和ケアチーム,再診,1
,2,10:00,耳鼻咽喉科,再診,14
,2,10:00,耳鼻咽喉科,初診,2
,2,10:00,脳神経内科,再診,7
,2,10:00,脳神経内科,初診,3
,2,10:00,脳神経外科,再診,4
,2,10:00,腎内科,再診,10
,2,10:00,腎内科,初診,1
,2,10:00,臨床腫瘍科,再診,2
,2,10:00,薬剤部,再診,2
,2,10:00,血液内科,再診,10
,2,10:00,退院支援,再診,1
,2,10:00,通院治療センター,再診,1
,2,10:00,麻酔科,再診,8
,2,10:30,アレルギー科,再診,7
,2,10:30,ソーシャルワーカー,再診,2
,2,10:30,メンタルケア科,再診,13
,2,10:30,リウマチ膠原病内科,再診,18
,2,10:30,一般消化器外科,再診,18
,2,10:30,一般消化器外科,初診,1
,2,10:30,中央処置室,再診,1
,2,10:30,乳腺外科,再診,12
,2,10:30,入退院支援センター,再診,19
,2,10:30,呼吸器内科,再診,17
,2,10:30,呼吸器外科,再診,4
,2,10:30,小児科,再診,5
,2,10:30,小児科,初診,4
,2,10:30,循環器内科,再診,13
,2,10:30,循環器内科,初診,1
,2,10:30,放射線治療科,再診,8
,2,10:30,放射線診断科,再診,1
,2,10:30,救急科,再診,2
,2,10:30,救急科,初診,1
,2,10:30,整形外科,再診,12
,2,10:30,整形外科,初診,3
,2,10:30,歯科口腔外科,再診,4
,2,10:30,歯科口腔外科,初診,2
,2,10:30,泌尿器科,再診,66
,2,10:30,消化器内科,再診,20
,2,10:30,消化器内科,初診,5
,2,10:30,産婦人科,再診,26
,2,10:30,産婦人科,初診,9
,2,10:30,皮膚科,再診,19
,2,10:30,皮膚科,初診,4
,2,10:30,看護部,再診,1
,2,10:30,眼科,再診,25
,2,10:30,眼科,初診,1
,2,10:30,総合内科,再診,5
,2,10:30,総合内科,初診,8
,2,10:30,耳鼻咽喉科,再診,19
,2,10:30,脳神経内科,再診,12
,2,10:30,脳神経外科,再診,7
,2,10:30,腎内科,再診,9
,2,10:30,薬剤部,再診,2
,2,10:30,血液内科,再診,8
,2,10:30,通院治療センター,再診,3
,2,10:30,麻酔科,再診,10
,2,11:00,ソーシャルワーカー,再診,2
,2,11:00,メンタルケア科,再診,6
,2,11:00,リウマチ膠原病内科,再診,12
,2,11:00,一般消化器外科,再診,11
,2,11:00,一般消化器外科,初診,1
,2,11:00,中央処置室,再診,1
,2,11:00,乳腺外科,再診,18
,2,11:00,入退院支援センター,再診,6
,2,11:00,呼吸器内科,再診,5
,2,11:00,呼吸器外科,再診,2
,2,11:00,外来手術室,再診,1
,2,11:00,小児科,再診,3
,2,11:00,循環器内科,再診,10
,2,11:00,放射線治療科,再診,12
,2,11:00,救急科,再診,2
,2,11:00,整形外科,再診,9
,2,11:00,歯科口腔外科,再診,3
,2,11:00,歯科口腔外科,初診,2
,2,11:00,泌尿器科,再診,44
,2,11:00,泌尿器科,初診,2
,2,11:00,消化器内科,再診,7
,2,11:00,消化器内科,初診,1
,2,11:00,産婦人科,再診,24
,2,11:00,産婦人科,初診,2
,2,11:00,皮膚科,再診,10
,2,11:00,看護部,再診,1
,2,11:00,眼科,再診,12
,2,11:00,眼科,初診,1
,2,11:00,総合内科,再診,4
,2,11:00,総合内科,初診,3
,2,11:00,耳鼻咽喉科,再診,12
,2,11:00,耳鼻咽喉科,初診,1
,2,11:00,脳神経内科,再診,4
,2,11:00,腎内科,再診,5
,2,11:00,臨床工学技師,再診,1
,2,11:00,薬剤部,再診,1
,2,11:00,血液内科,再診,10
,2,11:00,通院治療センター,再診,1
,2,11:00,遺伝診療科,再診,2
,2,11:00,麻酔科,再診,7
,2,11:30,PICCCVポートセンター,再診,1
,2,11:30,ソーシャルワーカー,再診,1
,2,11:30,メンタルケア科,再診,3
,2,11:30,リウマチ膠原病内科,再診,13
,2,11:30,一般消化器外科,再診,8
,2,11:30,中央処置室,再診,3
,2,11:30,乳腺外科,再診,7
,2,11:30,入退院支援センター,再診,10
,2,11:30,呼吸器内科,再診,7
,2,11:30,呼吸器外科,再診,1
,2,11:30,外来手術室,再診,4
,2,11:30,小児科,再診,3
,2,11:30,循環器内科,再診,10
,2,11:30,放射線治療科,再診,12
,2,11:30,救急科,再診,1
,2,11:30,整形外科,再診,12
,2,11:30,整形外科,初診,3
,2,11:30,歯科口腔外科,再診,1
,2,11:30,泌尿器科,再診,58
,2,11:30,消化器内科,再診,8
,2,11:30,産婦人科,再診,24
,2,11:30,皮膚科,再診,7
,2,11:30,看護部,再診,3
,2,11:30,眼科,再診,18
,2,11:30,眼科,初診,2
,2,11:30,総合内科,再診,4
,2,11:30,耳鼻咽喉科,再診,4
,2,11:30,脳神経内科,再診,1
,2,11:30,脳神経外科,初診,2
,2,11:30,腎内科,再診,7
,2,11:30,血液内科,再診,2
,2,11:30,麻酔科,再診,6
,2,12:00,ソーシャルワーカー,再診,3
,2,12:00,リウマチ膠原病内科,再診,9
,2,12:00,リウマチ膠原病内科,初診,1
,2,12:00,一般消化器外科,再診,6
,2,12:00,一般消化器外科,初診,1
,2,12:00,中央処置室,再診,2
,2,12:00,乳腺外科,再診,10
,2,12:00,健診センター,再診,1
,2,12:00,入退院支援センター,再診,12
,2,12:00,呼吸器内科,再診,7
,2,12:00,呼吸器内科,初診,1
,2,12:00,外来手術室,再診,9
,2,12:00,小児科,再診,2
,2,12:00,循環器内科,再診,3
,2,12:00,循環器内科,初診,1
,2,12:00,感染症,再診,1
,2,12:00,放射線治療科,再診,10
,2,12:00,救急科,初診,5
,2,12:00,整形外科,再診,5
,2,12:00,整形外科,初診,1
,2,12:00,泌尿器科,再診,45
,2,12:00,泌尿器科,初診,3
,2,12:00,消化器内科,再診,6
,2,12:00,産婦人科,再診,13
,2,12:00,皮膚科,再診,3
,2,12:00,看護部,再診,3
,2,12:00,眼科,再診,12
,2,12:00,眼科,初診,1
,2,12:00,総合内科,再診,4
,2,12:00,総合内科,初診,1
,2,12:00,耳鼻咽喉科,再診,8
,2,12:00,腎内科,再診,3
,2,12:00,臨床工学技師,再診,2
,2,12:00,薬剤部,再診,2
,2,12:00,血液内科,再診,4
,2,12:00,麻酔科,再診,2
,2,12:30,ソーシャルワーカー,再診,1
,2,12:30,メンタルケア科,再診,6
,2,12:30,リウマチ膠原病内科,再診,23
,2,12:30,リウマチ膠原病内科,初診,1
,2,12:30,一般消化器外科,再診,6
,2,12:30,中央処置室,再診,2
,2,12:30,乳腺外科,再診,5
,2,12:30,入退院支援センター,再診,10
,2,12:30,呼吸器内科,再診,14
,2,12:30,外来手術室,再診,7
,2,12:30,小児科,再診,1
,2,12:30,小児科,初診,1
,2,12:30,循環器内科,再診,5
,2,12:30,放射線治療科,再診,13
,2,12:30,救急科,初診,1
,2,12:30,整形外科,再診,13
,2,12:30,整形外科,初診,1
,2,12:30,歯科口腔外科,再診,3
,2,12:30,泌尿器科,再診,56
,2,12:30,消化器内科,再診,10
,2,12:30,消化器内科,初診,1
,2,12:30,産婦人科,再診,22
,2,12:30,産婦人科,初診,1
,2,12:30,皮膚科,再診,1
,2,12:30,看護部,再診,2
,2,12:30,眼科,再診,17
,2,12:30,眼科,初診,1
,2,12:30,総合内科,再診,5
,2,12:30,総合内科,初診,1
,2,12:30,耳鼻咽喉科,再診,12
,2,12:30,脳神経内科,再診,1
,2,12:30,腎内科,再診,4
,2,12:30,臨床工学技師,再診,3
,2,12:30,臨床腫瘍科,再診,1
,2,12:30,薬剤部,再診,1
,2,12:30,血液内科,再診,7
,2,12:30,通院治療センター,再診,1
,2,12:30,遺伝診療科,再診,1
,2,12:30,麻酔科,再診,2
,2,13:00,メンタルケア科,再診,11
,2,13:00,リウマチ膠原病内科,再診,11
,2,13:00,リウマチ膠原病内科,初診,1
,2,13:00,一般消化器外科,再診,11
,2,13:00,中央処置室,再診,1
,2,13:00,乳腺外科,再診,3
,2,13:00,入退院支援センター,再診,10
,2,13:00,内科,初診,1
,2,13:00,呼吸器内科,再診,19
,2,13:00,外来手術室,再診,3
,2,13:00,循環器内科,再診,6
,2,13:00,放射線治療科,再診,13
,2,13:00,放射線治療科,初診,1
,2,13:00,救急科,初診,3
,2,13:00,整形外科,再診,17
,2,13:00,整形外科,初診,1
,2,13:00,歯科口腔外科,再診,4
,2,13:00,泌尿器科,再診,46
,2,13:00,泌尿器科,初診,3
,2,13:00,消化器内科,再診,11
,2,13:00,産婦人科,再診,23
,2,13:00,皮膚科,再診,9
,2,13:00,看護部,再診,5
,2,13:00,眼科,再診,20
,2,13:00,眼科,初診,3
,2,13:00,総合内科,再診,2
,2,13:00,耳鼻咽喉科,再診,4
,2,13:00,脳神経内科,再診,2
,2,13:00,腎内科,再診,8
,2,13:00,臨床工学技師,再診,3
,2,13:00,血液内科,再診,6
,2,13:00,通院治療センター,再診,2
,2,13:00,遺伝診療科,再診,4
,2,13:00,麻酔科,再診,8
,2,13:30,ソーシャルワーカー,再診,1
,2,13:30,メンタルケア科,再診,10
,2,13:30,リウマチ膠原病内科,再診,4
,2,13:30,リウマチ膠原病内科,初診,1
,2,13:30,一般消化器外科,再診,7
,2,13:30,一般消化器外科,初診,1
,2,13:30,中央処置室,再診,2
,2,13:30,乳腺外科,再診,3
,2,13:30,健診センター,再診,2
,2,13:30,入退院支援センター,再診,6
,2,13:30,呼吸器内科,再診,17
,2,13:30,外来手術室,再診,3
,2,13:30,小児科,再診,1
,2,13:30,循環器内科,再診,6
,2,13:30,循環器内科,初診,1
,2,13:30,放射線治療科,再診,10
,2,13:30,放射線治療科,初診,2
,2,13:30,救急科,再診,1
,2,13:30,救急科,初診,1
,2,13:30,整形外科,再診,12
,2,13:30,歯科口腔外科,再診,3
,2,13:30,歯科口腔外科,初診,1
,2,13:30,泌尿器科,再診,36
,2,13:30,泌尿器科,初診,1
,2,13:30,消化器内科,再診,15
,2,13:30,消化器内科,初診,1
,2,13:30,産婦人科,再診,18
,2,13:30,皮膚科,再診,15
,2,13:30,看護部,再診,2
,2,13:30,眼科,再診,38
,2,13:30,眼科,初診,2
,2,13:30,総合内科,再診,1
,2,13:30,耳鼻咽喉科,再診,15
,2,13:30,耳鼻咽喉科,初診,1
,2,13:30,脳神経内科,再診,1
,2,13:30,腎内科,再診,1
,2,13:30,薬剤部,再診,2
,2,13:30,血液内科,再診,1
,2,13:30,遺伝診療科,再診,2
,2,13:30,麻酔科,再診,6
,2,14:00,ソーシャルワーカー,再診,2
,2,14:00,メンタルケア科,再診,12
,2,14:00,リウマチ膠原病内科,再診,8
,2,14:00,一般消化器外科,再診,6
,2,14:00,中央処置室,再診,1
,2,14:00,乳腺外科,再診,2
,2,14:00,健診センター,再診,4
,2,14:00,入退院支援センター,再診,7
,2,14:00,内科,初診,1
,2,14:00,呼吸器内科,再診,10
,2,14:00,呼吸器外科,再診,1
,2,14:00,外来手術室,再診,2
,2,14:00,小児科,再診,4
,2,14:00,小児科,初診,1
,2,14:00,形成外科,再診,1
,2,14:00,循環器内科,再診,6
,2,14:00,放射線治療科,再診,8
,2,14:00,救急科,初診,1
,2,14:00,整形外科,再診,7
,2,14:00,歯科口腔外科,再診,4
,2,14:00,歯科口腔外科,初診,1
,2,14:00,泌尿器科,再診,23
,2,14:00,消化器内科,再診,15
,2,14:00,産婦人科,再診,9
,2,14:00,皮膚科,再診,6
,2,14:00,看護部,再診,2
,2,14:00,眼科,再診,40
,2,14:00,総合内科,再診,3
,2,14:00,耳鼻咽喉科,再診,13
,2,14:00,脳神経外科,再診,1
,2,14:00,腎内科,再診,1
,2,14:00,血液内科,再診,2
,2,14:00,退院支援,再診,1
,2,14:00,通院治療センター,再診,1
,2,14:00,遺伝診療科,再診,3
,2,14:00,麻酔科,再診,3
,2,14:30,PICCCVポートセンター,再診,1
,2,14:30,メンタルケア科,再診,4
,2,14:30,リウマチ膠原病内科,再診,2
,2,14:30,リウマチ膠原病内科,初診,2
,2,14:30,乳腺外科,再診,4
,2,14:30,入退院支援センター,再診,5
,2,14:30,内科,初診,1
,2,14:30,呼吸器内科,再診,9
,2,14:30,外来手術室,再診,2
,2,14:30,小児科,再診,4
,2,14:30,循環器内科,再診,3
,2,14:30,循環器内科,初診,1
,2,14:30,放射線治療科,再診,7
,2,14:30,救急科,初診,2
,2,14:30,整形外科,再診,3
,2,14:30,歯科口腔外科,再診,4
,2,14:30,泌尿器科,再診,22
,2,14:30,消化器内科,再診,6
,2,14:30,産婦人科,再診,10
,2,14:30,皮膚科,再診,8
,2,14:30,看護部,再診,1
,2,14:30,眼科,再診,45
,2,14:30,総合内科,再診,1
,2,14:30,耳鼻咽喉科,再診,12
,2,14:30,腎内科,再診,1
,2,14:30,血液内科,再診,1
,2,14:30,遺伝診療科,再診,1
,2,14:30,遺伝診療科,初診,2
,2,15:00,ソーシャルワーカー,再診,2
,2,15:00,メンタルケア科,再診,1
,2,15:00,リウマチ膠原病内科,再診,1
,2,15:00,乳腺外科,再診,2
,2,15:00,入退院支援センター,再診,4
,2,15:00,呼吸器内科,再診,4
,2,15:00,外来手術室,再診,1
,2,15:00,小児科,再診,7
,2,15:00,循環器内科,再診,1
,2,15:00,放射線治療科,再診,2
,2,15:00,救急科,再診,4
,2,15:00,救急科,初診,1
,2,15:00,歯科口腔外科,再診,6
,2,15:00,泌尿器科,再診,7
,2,15:00,消化器内科,再診,3
,2,15:00,産婦人科,再診,6
,2,15:00,皮膚科,再診,3
,2,15:00,看護部,再診,1
,2,15:00,眼科,再診,19
,2,15:00,総合内科,再診,1
,2,15:00,耳鼻咽喉科,再診,4
,2,15:00,耳鼻咽喉科,初診,1
,2,15:00,腎内科,再診,1
,2,15:30,メンタルケア科,再診,1
,2,15:30,リウマチ膠原病内科,再診,1
,2,15:30,一般消化器外科,再診,1
,2,15:30,入退院支援センター,再診,2
,2,15:30,呼吸器内科,再診,1
,2,15:30,小児科,再診,6
,2,15:30,形成外科,再診,1
,2,15:30,放射線治療科,再診,4
,2,15:30,救急科,再診,1
,2,15:30,歯科口腔外科,再診,4
,2,15:30,泌尿器科,再診,4
,2,15:30,産婦人科,再診,2
,2,15:30,産婦人科,初診,1
,2,15:30,皮膚科,再診,2
,2,15:30,看護部,再診,1
,2,15:30,眼科,再診,12
,2,15:30,総合内科,再診,1
,2,15:30,総合内科,初診,1
,2,15:30,耳鼻咽喉科,再診,6
,2,15:30,脳神経内科,再診,1
,2,15:30,脳神経内科,初診,1
,2,15:30,血液内科,再診,1
,2,15:30,遺伝診療科,再診,1
,2,16:00,メンタルケア科,再診,1
,2,16:00,乳腺外科,再診,1
,2,16:00,入退院支援センター,再診,1
,2,16:00,小児科,再診,2
,2,16:00,救急科,再診,1
,2,16:00,救急科,初診,1
,2,16:00,歯科口腔外科,再診,4
,2,16:00,歯科口腔外科,初診,1
,2,16:00,泌尿器科,再診,2
,2,16:00,看護部,再診,1
,2,16:00,眼科,再診,1
,2,16:00,総合内科,再診,3
,2,16:00,脳神経外科,初診,1
,2,16:30,入退院支援センター,再診,2
,2,16:30,呼吸器内科,再診,1
,2,16:30,感染症,再診,1
,2,16:30,救急科,再診,2
,2,16:30,救急科,初診,1
,2,16:30,整形外科,初診,1
,2,16:30,歯科口腔外科,再診,1
,2,16:30,泌尿器科,再診,5
,2,16:30,看護部,再診,3
,2,16:30,脳神経外科,初診,1
,2,17:00,小児科,初診,1
,2,17:00,救急科,再診,1
,2,17:00,救急科,初診,2
,2,17:00,産婦人科,初診,1
,2,17:00,看護部,再診,1
,2,17:00,薬剤部,再診,1
,2,17:30,ソーシャルワーカー,再診,1
,2,17:30,メンタルケア科,再診,1
,2,17:30,内科,再診,2
,2,17:30,循環器内科,再診,1
,2,17:30,救急科,再診,1
,2,17:30,整形外科,再診,1
,2,17:30,歯科口腔外科,再診,1
,2,17:30,泌尿器科,再診,1
,2,17:30,脳神経外科,再診,1
,2,18:00,内科,再診,2
,2,18:00,小児科,初診,1
,2,18:30,内科,初診,1
,2,18:30,泌尿器科,再診,6
,2,18:30,産婦人科,再診,1
,2,19:00,内科,初診,1
,2,19:00,泌尿器科,再診,5
,2,19:00,産婦人科,再診,1
,2,19:30,一般消化器外科,初診,1
,2,19:30,内科,再診,2
,2,19:30,内科,初診,1
,2,19:30,呼吸器内科,再診,1
,2,19:30,循環器内科,再診,1
,2,19:30,循環器内科,初診,1
,2,19:30,産婦人科,再診,1
,2,20:00,循環器内科,再診,1
,2,20:00,救急科,初診,1
,2,20:00,眼科,初診,1
,2,20:00,耳鼻咽喉科,初診,1
,2,20:30,内科,初診,2
,2,20:30,救急科,初診,1
,2,20:30,脳神経外科,初診,1
,2,21:00,メンタルケア科,再診,1
,2,21:00,内科,再診,1
,2,21:00,内科,初診,2
,2,21:00,救急科,初診,2
,2,21:30,内科,初診,2
,2,21:30,脳神経外科,初診,1
,2,22:00,内科,初診,1
,2,22:00,泌尿器科,初診,1
,2,22:30,内科,再診,1
,2,22:30,内科,初診,1
,2,23:00,救急科,初診,1
,2,23:30,内科,初診,1
,2,23:30,救急科,初診,1
,3,00:00,アレルギー科,再診,2
,3,00:00,ソーシャルワーカー,再診,6
,3,00:00,リウマチ膠原病内科,再診,8
,3,00:00,一般消化器外科,再診,19
,3,00:00,乳腺外科,再診,3
,3,00:00,呼吸器内科,再診,8
,3,00:00,呼吸器外科,再診,2
,3,00:00,外来手術室,再診,2
,3,00:00,小児科,再診,10
,3,00:00,形成外科,再診,7
,3,00:00,循環器内科,再診,9
,3,00:00,心臓血管外科,再診,1
,3,00:00,感染症,再診,1
,3,00:00,放射線治療科,再診,1
,3,00:00,整形外科,再診,8
,3,00:00,歯科口腔外科,再診,9
,3,00:00,歯科口腔外科,初診,1
,3,00:00,泌尿器科,再診,10
,3,00:00,消化器内科,再診,6
,3,00:00,産婦人科,再診,32
,3,00:00,産婦人科,初診,1
,3,00:00,皮膚・排泄ケア,再診,3
,3,00:00,皮膚科,再診,7
,3,00:00,看護部,再診,4
,3,00:00,眼科,再診,20
,3,00:00,糖尿病内分泌内科,再診,2
,3,00:00,総合内科,再診,9
,3,00:00,緩和ケアチーム,再診,4
,3,00:00,耳鼻咽喉科,再診,20
,3,00:00,脳神経内科,再診,1
,3,00:00,脳神経外科,再診,1
,3,00:00,腎内科,再診,3
,3,00:00,臨床工学技師,再診,20
,3,00:00,臨床腫瘍科,再診,2
,3,00:00,薬剤部,再診,1
,3,00:00,血液内科,再診,5
,3,00:00,退院支援,再診,25
,3,00:00,遺伝診療科,再診,1
,3,00:30,内科,初診,1
,3,01:30,脳神経外科,再診,1
,3,02:30,内科,初診,3
,3,03:00,循環器内科,再診,1
,3,03:30,内科,初診,1
,3,03:30,救急科,初診,1
,3,04:00,泌尿器科,初診,1
,3,06:00,内科,再診,1
,3,06:00,呼吸器内科,再診,2
,3,06:30,内科,再診,1
,3,06:30,小児科,初診,1
,3,07:00,PICCCVポートセンター,再診,1
,3,07:00,救急科,初診,1
,3,07:00,泌尿器科,初診,1
,3,07:00,眼科,再診,1
,3,07:30,PICCCVポートセンター,再診,1
,3,07:30,メンタルケア科,再診,2
,3,07:30,入退院支援センター,再診,3
,3,07:30,循環器内科,再診,1
,3,07:30,消化器内科,再診,1
,3,07:30,眼科,再診,2
,3,08:00,PICCCVポートセンター,再診,1
,3,08:00,アレルギー科,再診,4
,3,08:00,ソーシャルワーカー,再診,1
,3,08:00,リウマチ膠原病内科,再診,28
,3,08:00,リウマチ膠原病内科,初診,1
,3,08:00,一般消化器外科,再診,25
,3,08:00,中央処置室,再診,7
,3,08:00,乳腺外科,再診,10
,3,08:00,健診センター,再診,10
,3,08:00,入退院支援センター,再診,15
,3,08:00,内科,再診,1
,3,08:00,呼吸器内科,再診,10
,3,08:00,呼吸器外科,再診,6
,3,08:00,外来手術室,再診,28
,3,08:00,小児科,再診,1
,3,08:00,形成外科,再診,2
,3,08:00,循環器内科,再診,12
,3,08:00,放射線治療科,再診,7
,3,08:00,放射線治療科,初診,1
,3,08:00,整形外科,再診,19
,3,08:00,整形外科,初診,2
,3,08:00,歯科口腔外科,再診,7
,3,08:00,歯科口腔外科,初診,1
,3,08:00,泌尿器科,再診,20
,3,08:00,消化器内科,再診,10
,3,08:00,消化器内科,初診,2
,3,08:00,産婦人科,再診,15
,3,08:00,産婦人科,初診,1
,3,08:00,皮膚科,再診,15
,3,08:00,看護部,再診,3
,3,08:00,眼科,再診,57
,3,08:00,眼科,初診,4
,3,08:00,総合内科,再診,29
,3,08:00,耳鼻咽喉科,再診,28
,3,08:00,耳鼻咽喉科,初診,2
,3,08:00,脳神経内科,再診,10
,3,08:00,腎内科,再診,22
,3,08:00,臨床腫瘍科,再診,1
,3,08:00,薬剤部,再診,9
,3,08:00,血液内科,再診,24
,3,08:00,麻酔科,再診,5
,3,08:30,アレルギー科,再診,14
,3,08:30,メンタルケア科,再診,5
,3,08:30,リウマチ膠原病内科,再診,26
,3,08:30,リウマチ膠原病内科,初診,2
,3,08:30,一般消化器外科,再診,30
,3,08:30,一般消化器外科,初診,1
,3,08:30,中央処置室,再診,8
,3,08:30,乳腺外科,再診,8
,3,08:30,健診センター,再診,1
,3,08:30,入退院支援センター,再診,14
,3,08:30,呼吸器内科,再診,10
,3,08:30,呼吸器内科,初診,2
,3,08:30,呼吸器外科,再診,2
,3,08:30,呼吸器外科,初診,1
,3,08:30,外来手術室,再診,8
,3,08:30,小児科,再診,12
,3,08:30,小児科,初診,2
,3,08:30,形成外科,再診,6
,3,08:30,循環器内科,再診,27
,3,08:30,循環器内科,初診,4
,3,08:30,放射線治療科,再診,13
,3,08:30,整形外科,再診,25
,3,08:30,整形外科,初診,4
,3,08:30,歯科口腔外科,再診,16
,3,08:30,歯科口腔外科,初診,7
,3,08:30,泌尿器科,再診,12
,3,08:30,泌尿器科,初診,4
,3,08:30,消化器内科,再診,27
,3,08:30,消化器内科,初診,3
,3,08:30,産婦人科,再診,22
,3,08:30,産婦人科,初診,2
,3,08:30,皮膚科,再診,13
,3,08:30,看護部,再診,3
,3,08:30,眼科,再診,80
,3,08:30,眼科,初診,4
,3,08:30,総合内科,再診,34
,3,08:30,総合内科,初診,1
,3,08:30,耳鼻咽喉科,再診,44
,3,08:30,耳鼻咽喉科,初診,7
,3,08:30,脳神経内科,再診,14
,3,08:30,脳神経内科,初診,1
,3,08:30,脳神経外科,再診,2
,3,08:30,脳神経外科,初診,1
,3,08:30,腎内科,再診,14
,3,08:30,臨床工学技師,再診,2
,3,08:30,臨床腫瘍科,再診,4
,3,08:30,薬剤部,再診,9
,3,08:30,血液内科,再診,22
,3,08:30,退院支援,再診,1
,3,08:30,遺伝診療科,再診,2
,3,08:30,麻酔科,再診,8
,3,08:30,ﾘﾊﾋﾞﾘﾃｰｼｮﾝ科,再診,2
,3,09:00,アレルギー科,再診,8
,3,09:00,ソーシャルワーカー,再診,1
,3,09:00,リウマチ膠原病内科,再診,19
,3,09:00,一般消化器外科,再診,20
,3,09:00,一般消化器外科,初診,3
,3,09:00,中央処置室,再診,3
,3,09:00,乳腺外科,再診,11
,3,09:00,乳腺外科,初診,5
,3,09:00,入退院支援センター,再診,10
,3,09:00,呼吸器内科,再診,15
,3,09:00,呼吸器内科,初診,2
,3,09:00,呼吸器外科,再診,5
,3,09:00,外来手術室,再診,2
,3,09:00,小児科,再診,5
,3,09:00,小児科,初診,2
,3,09:00,形成外科,再診,7
,3,09:00,形成外科,初診,2
,3,09:00,循環器内科,再診,13
,3,09:00,循環器内科,初診,2
,3,09:00,感染症,再診,1
,3,09:00,放射線治療科,再診,7
,3,09:00,放射線治療科,初診,2
,3,09:00,救急科,初診,3
,3,09:00,整形外科,再診,27
,3,09:00,整形外科,初診,6
,3,09:00,歯科口腔外科,再診,15
,3,09:00,歯科口腔外科,初診,9
,3,09:00,泌尿器科,再診,14
,3,09:00,消化器内科,再診,17
,3,09:00,消化器内科,初診,6
,3,09:00,産婦人科,再診,28
,3,09:00,産婦人科,初診,1
,3,09:00,皮膚科,再診,17
,3,09:00,皮膚科,初診,2
,3,09:00,看護部,再診,4
,3,09:00,眼科,再診,52
,3,09:00,眼科,初診,7
,3,09:00,総合内科,再診,26
,3,09:00,総合内科,初診,5
,3,09:00,緩和ケアチーム,再診,1
,3,09:00,耳鼻咽喉科,再診,32
,3,09:00,耳鼻咽喉科,初診,10
,3,09:00,脳神経内科,再診,10
,3,09:00,脳神経内科,初診,1
,3,09:00,脳神経外科,再診,1
,3,09:00,腎内科,再診,13
,3,09:00,臨床腫瘍科,再診,1
,3,09:00,薬剤部,再診,6
,3,09:00,血液内科,再診,17
,3,09:00,遺伝診療科,再診,2
,3,09:00,麻酔科,再診,6
,3,09:00,ﾘﾊﾋﾞﾘﾃｰｼｮﾝ科,再診,1
,3,09:30,PICCCVポートセンター,再診,2
,3,09:30,アレルギー科,再診,11
,3,09:30,アレルギー科,初診,1
,3,09:30,メンタルケア科,再診,3
,3,09:30,リウマチ膠原病内科,再診,20
,3,09:30,一般消化器外科,再診,24
,3,09:30,一般消化器外科,初診,2
,3,09:30,中央処置室,再診,1
,3,09:30,乳腺外科,再診,11
,3,09:30,乳腺外科,初診,1
,3,09:30,入退院支援センター,再診,13
,3,09:30,呼吸器内科,再診,27
,3,09:30,呼吸器外科,再診,6
,3,09:30,外来手術室,再診,7
,3,09:30,小児科,再診,5
,3,09:30,小児科,初診,2
,3,09:30,形成外科,再診,7
,3,09:30,形成外科,初診,2
,3,09:30,循環器内科,再診,7
,3,09:30,放射線治療科,再診,15
,3,09:30,救急科,再診,1
,3,09:30,救急科,初診,2
,3,09:30,整形外科,再診,29
,3,09:30,整形外科,初診,5
,3,09:30,歯科口腔外科,再診,15
,3,09:30,歯科口腔外科,初診,8
,3,09:30,泌尿器科,再診,15
,3,09:30,泌尿器科,初診,2
,3,09:30,消化器内科,再診,21
,3,09:30,消化器内科,初診,3
,3,09:30,産婦人科,再診,38
,3,09:30,産婦人科,初診,4
,3,09:30,皮膚科,再診,12
,3,09:30,皮膚科,初診,4
,3,09:30,看護部,再診,1
,3,09:30,眼科,再診,41
,3,09:30,眼科,初診,1
,3,09:30,総合内科,再診,21
,3,09:30,総合内科,初診,5
,3,09:30,緩和ケアチーム,再診,1
,3,09:30,耳鼻咽喉科,再診,30
,3,09:30,耳鼻咽喉科,初診,8
,3,09:30,脳神経内科,再診,14
,3,09:30,脳神経内科,初診,2
,3,09:30,脳神経外科,再診,2
,3,09:30,腎内科,再診,7
,3,09:30,臨床腫瘍科,再診,8
,3,09:30,薬剤部,再診,5
,3,09:30,血液内科,再診,11
,3,09:30,血液内科,初診,2
,3,09:30,通院治療センター,再診,1
,3,09:30,麻酔科,再診,13
,3,10:00,アレルギー科,再診,6
,3,10:00,ソーシャルワーカー,再診,1
,3,10:00,メンタルケア科,再診,4
,3,10:00,リウマチ膠原病内科,再診,19
,3,10:00,一般消化器外科,再診,22
,3,10:00,一般消化器外科,初診,2
,3,10:00,中央処置室,再診,2
,3,10:00,乳腺外科,再診,10
,3,10:00,乳腺外科,初診,1
,3,10:00,入退院支援センター,再診,10
,3,10:00,呼吸器内科,再診,7
,3,10:00,呼吸器内科,初診,3
,3,10:00,呼吸器外科,再診,6
,3,10:00,外来手術室,再診,3
,3,10:00,小児科,再診,7
,3,10:00,形成外科,再診,8
,3,10:00,形成外科,初診,1
,3,10:00,循環器内科,再診,12
,3,10:00,循環器内科,初診,1
,3,10:00,放射線治療科,再診,10
,3,10:00,放射線治療科,初診,1
,3,10:00,整形外科,再診,22
,3,10:00,整形外科,初診,1
,3,10:00,歯科口腔外科,再診,6
,3,10:00,歯科口腔外科,初診,6
,3,10:00,泌尿器科,再診,10
,3,10:00,泌尿器科,初診,1
,3,10:00,消化器内科,再診,14
,3,10:00,消化器内科,初診,1
,3,10:00,産婦人科,再診,20
,3,10:00,産婦人科,初診,5
,3,10:00,皮膚科,再診,14
,3,10:00,皮膚科,初診,1
,3,10:00,看護部,再診,1
,3,10:00,眼科,再診,28
,3,10:00,眼科,初診,1
,3,10:00,糖尿病内分泌内科,再診,1
,3,10:00,総合内科,再診,18
,3,10:00,耳鼻咽喉科,再診,27
,3,10:00,耳鼻咽喉科,初診,3
,3,10:00,脳神経内科,再診,15
,3,10:00,脳神経内科,初診,2
,3,10:00,腎内科,再診,9
,3,10:00,臨床腫瘍科,再診,7
,3,10:00,薬剤部,再診,4
,3,10:00,血液内科,再診,11
,3,10:00,遺伝診療科,再診,1
,3,10:00,麻酔科,再診,4
,3,10:00,ﾘﾊﾋﾞﾘﾃｰｼｮﾝ科,再診,1
,3,10:30,アレルギー科,再診,3
,3,10:30,メンタルケア科,再診,2
,3,10:30,リウマチ膠原病内科,再診,12
,3,10:30,一般消化器外科,再診,11
,3,10:30,一般消化器外科,初診,1
,3,10:30,中央処置室,再診,3
,3,10:30,乳腺外科,再診,4
,3,10:30,入退院支援センター,再診,6
,3,10:30,内科,再診,1
,3,10:30,呼吸器内科,再診,4
,3,10:30,呼吸器外科,再診,7
,3,10:30,小児科,再診,5
,3,10:30,小児科,初診,4
,3,10:30,形成外科,再診,6
,3,10:30,循環器内科,再診,6
,3,10:30,放射線治療科,再診,5
,3,10:30,救急科,再診,2
,3,10:30,整形外科,再診,19
,3,10:30,整形外科,初診,5
,3,10:30,歯科口腔外科,再診,9
,3,10:30,歯科口腔外科,初診,2
,3,10:30,泌尿器科,再診,4
,3,10:30,消化器内科,再診,9
,3,10:30,消化器内科,初診,1
,3,10:30,産婦人科,再診,18
,3,10:30,産婦人科,初診,3
,3,10:30,皮膚科,再診,9
,3,10:30,皮膚科,初診,1
,3,10:30,看護部,再診,2
,3,10:30,眼科,再診,14
,3,10:30,眼科,初診,3
,3,10:30,糖尿病内分泌内科,再診,1
,3,10:30,総合内科,再診,15
,3,10:30,総合内科,初診,1
,3,10:30,緩和ケア内科,再診,1
,3,10:30,耳鼻咽喉科,再診,35
,3,10:30,耳鼻咽喉科,初診,5
,3,10:30,脳神経内科,再診,10
,3,10:30,脳神経内科,初診,2
,3,10:30,脳神経外科,再診,1
,3,10:30,腎内科,再診,4
,3,10:30,臨床腫瘍科,再診,1
,3,10:30,血液内科,再診,13
,3,10:30,通院治療センター,再診,2
,3,10:30,遺伝診療科,再診,1
,3,10:30,麻酔科,再診,9
,3,10:30,ﾘﾊﾋﾞﾘﾃｰｼｮﾝ科,再診,2
,3,11:00,PICCCVポートセンター,再診,1
,3,11:00,メンタルケア科,再診,5
,3,11:00,リウマチ膠原病内科,再診,5
,3,11:00,一般消化器外科,再診,8
,3,11:00,一般消化器外科,初診,1
,3,11:00,中央処置室,再診,1
,3,11:00,乳腺外科,再診,4
,3,11:00,入退院支援センター,再診,7
,3,11:00,内科,初診,1
,3,11:00,呼吸器内科,再診,10
,3,11:00,呼吸器外科,再診,3
,3,11:00,外来手術室,再診,1
,3,11:00,小児科,再診,5
,3,11:00,小児科,初診,1
,3,11:00,形成外科,再診,4
,3,11:00,循環器内科,再診,4
,3,11:00,放射線治療科,再診,2
,3,11:00,整形外科,再診,13
,3,11:00,歯科口腔外科,再診,9
,3,11:00,歯科口腔外科,初診,2
,3,11:00,泌尿器科,再診,1
,3,11:00,消化器内科,再診,8
,3,11:00,消化器内科,初診,1
,3,11:00,産婦人科,再診,28
,3,11:00,産婦人科,初診,2
,3,11:00,皮膚科,再診,5
,3,11:00,皮膚科,初診,1
,3,11:00,看護部,再診,1
,3,11:00,眼科,再診,14
,3,11:00,眼科,初診,2
,3,11:00,糖尿病内分泌内科,再診,3
,3,11:00,総合内科,再診,3
,3,11:00,総合内科,初診,2
,3,11:00,耳鼻咽喉科,再診,19
,3,11:00,耳鼻咽喉科,初診,2
,3,11:00,脳神経内科,再診,9
,3,11:00,腎内科,再診,3
,3,11:00,腎内科,初診,1
,3,11:00,薬剤部,再診,2
,3,11:00,血液内科,再診,5
,3,11:00,麻酔科,再診,5
,3,11:30,ソーシャルワーカー,再診,1
,3,11:30,リウマチ膠原病内科,再診,11
,3,11:30,一般消化器外科,再診,2
,3,11:30,一般消化器外科,初診,1
,3,11:30,乳腺外科,再診,3
,3,11:30,乳腺外科,初診,1
,3,11:30,入退院支援センター,再診,5
,3,11:30,呼吸器内科,再診,13
,3,11:30,呼吸器外科,再診,2
,3,11:30,外来手術室,再診,3
,3,11:30,形成外科,再診,2
,3,11:30,循環器内科,再診,9
,3,11:30,放射線治療科,再診,3
,3,11:30,救急科,初診,2
,3,11:30,整形外科,再診,4
,3,11:30,歯科口腔外科,再診,7
,3,11:30,泌尿器科,再診,1
,3,11:30,消化器内科,再診,5
,3,11:30,産婦人科,再診,14
,3,11:30,産婦人科,初診,1
,3,11:30,皮膚科,再診,2
,3,11:30,皮膚科,初診,1
,3,11:30,眼科,再診,14
,3,11:30,糖尿病内分泌内科,再診,2
,3,11:30,総合内科,再診,4
,3,11:30,耳鼻咽喉科,再診,9
,3,11:30,耳鼻咽喉科,初診,1
,3,11:30,脳神経内科,再診,2
,3,11:30,腎内科,再診,3
,3,11:30,腎内科,初診,1
,3,11:30,臨床腫瘍科,再診,2
,3,11:30,薬剤部,再診,1
,3,11:30,血液内科,再診,2
,3,11:30,麻酔科,再診,4
,3,12:00,ソーシャルワーカー,再診,3
,3,12:00,リウマチ膠原病内科,再診,6
,3,12:00,一般消化器外科,再診,2
,3,12:00,一般消化器外科,初診,2
,3,12:00,中央処置室,再診,1
,3,12:00,乳腺外科,再診,6
,3,12:00,入退院支援センター,再診,5
,3,12:00,呼吸器内科,再診,11
,3,12:00,呼吸器外科,再診,2
,3,12:00,外来手術室,再診,6
,3,12:00,形成外科,再診,2
,3,12:00,循環器内科,再診,10
,3,12:00,循環器内科,初診,1
,3,12:00,放射線治療科,再診,1
,3,12:00,救急科,初診,1
,3,12:00,整形外科,再診,4
,3,12:00,整形外科,初診,1
,3,12:00,歯科口腔外科,再診,1
,3,12:00,泌尿器科,再診,3
,3,12:00,泌尿器科,初診,1
,3,12:00,消化器内科,再診,7
,3,12:00,産婦人科,再診,17
,3,12:00,看護部,再診,1
,3,12:00,眼科,再診,8
,3,12:00,糖尿病内分泌内科,再診,4
,3,12:00,総合内科,再診,4
,3,12:00,総合内科,初診,1
,3,12:00,緩和ケア内科,再診,1
,3,12:00,耳鼻咽喉科,再診,6
,3,12:00,脳神経内科,再診,2
,3,12:00,腎内科,再診,1
,3,12:00,腎内科,初診,1
,3,12:00,臨床腫瘍科,再診,2
,3,12:00,血液内科,再診,2
,3,12:30,PICCCVポートセンター,再診,1
,3,12:30,リウマチ膠原病内科,再診,13
,3,12:30,一般消化器外科,再診,5
,3,12:30,一般消化器外科,初診,1
,3,12:30,中央処置室,再診,2
,3,12:30,乳腺外科,再診,4
,3,12:30,入退院支援センター,再診,6
,3,12:30,呼吸器内科,再診,13
,3,12:30,呼吸器外科,再診,7
,3,12:30,外来手術室,再診,2
,3,12:30,小児科,初診,1
,3,12:30,形成外科,再診,2
,3,12:30,循環器内科,再診,14
,3,12:30,放射線治療科,再診,7
,3,12:30,整形外科,再診,10
,3,12:30,整形外科,初診,1
,3,12:30,歯科口腔外科,再診,5
,3,12:30,消化器内科,再診,9
,3,12:30,産婦人科,再診,17
,3,12:30,皮膚科,再診,1
,3,12:30,看護部,再診,1
,3,12:30,眼科,再診,13
,3,12:30,糖尿病内分泌内科,再診,4
,3,12:30,総合内科,再診,6
,3,12:30,耳鼻咽喉科,再診,14
,3,12:30,脳神経内科,再診,1
,3,12:30,腎内科,再診,1
,3,12:30,薬剤部,再診,1
,3,12:30,血液内科,再診,1
,3,12:30,麻酔科,再診,4
,3,13:00,リウマチ膠原病内科,再診,7
,3,13:00,一般消化器外科,再診,10
,3,13:00,中央処置室,再診,1
,3,13:00,乳腺外科,再診,2
,3,13:00,健診センター,再診,2
,3,13:00,入退院支援センター,再診,5
,3,13:00,内科,初診,1
,3,13:00,呼吸器内科,再診,8
,3,13:00,呼吸器外科,再診,3
,3,13:00,外来手術室,再診,1
,3,13:00,小児科,再診,3
,3,13:00,小児科,初診,3
,3,13:00,形成外科,再診,5
,3,13:00,循環器内科,再診,25
,3,13:00,放射線治療科,再診,3
,3,13:00,救急科,再診,1
,3,13:00,整形外科,再診,12
,3,13:00,整形外科,初診,1
,3,13:00,歯科口腔外科,再診,10
,3,13:00,消化器内科,再診,14
,3,13:00,産婦人科,再診,20
,3,13:00,看護部,再診,2
,3,13:00,眼科,再診,14
,3,13:00,眼科,初診,1
,3,13:00,禁煙外来,再診,1
,3,13:00,糖尿病内分泌内科,再診,6
,3,13:00,総合内科,再診,4
,3,13:00,総合内科,初診,2
,3,13:00,耳鼻咽喉科,再診,18
,3,13:00,耳鼻咽喉科,初診,3
,3,13:00,腎内科,再診,1
,3,13:00,薬剤部,再診,3
,3,13:00,血液内科,再診,2
,3,13:00,通院治療センター,再診,1
,3,13:00,麻酔科,再診,1
,3,13:30,リウマチ膠原病内科,再診,4
,3,13:30,一般消化器外科,再診,6
,3,13:30,中央処置室,再診,1
,3,13:30,乳腺外科,再診,1
,3,13:30,入退院支援センター,再診,4
,3,13:30,呼吸器内科,再診,11
,3,13:30,呼吸器外科,再診,5
,3,13:30,小児科,再診,5
,3,13:30,小児科,初診,1
,3,13:30,形成外科,再診,6
,3,13:30,循環器内科,再診,20
,3,13:30,放射線治療科,再診,5
,3,13:30,救急科,再診,1
,3,13:30,救急科,初診,1
,3,13:30,整形外科,再診,10
,3,13:30,歯科口腔外科,再診,5
,3,13:30,泌尿器科,再診,1
,3,13:30,消化器内科,再診,8
,3,13:30,産婦人科,再診,7
,3,13:30,産婦人科,初診,1
,3,13:30,眼科,再診,12
,3,13:30,禁煙外来,再診,2
,3,13:30,糖尿病内分泌内科,再診,6
,3,13:30,総合内科,再診,3
,3,13:30,耳鼻咽喉科,再診,15
,3,13:30,腎内科,再診,1
,3,13:30,臨床腫瘍科,再診,1
,3,13:30,血液内科,再診,1
,3,13:30,麻酔科,再診,8
,3,14:00,リウマチ膠原病内科,再診,5
,3,14:00,一般消化器外科,再診,1
,3,14:00,乳腺外科,再診,1
,3,14:00,入退院支援センター,再診,4
,3,14:00,呼吸器内科,再診,5
,3,14:00,呼吸器外科,再診,5
,3,14:00,外来手術室,再診,1
,3,14:00,小児科,再診,3
,3,14:00,形成外科,再診,4
,3,14:00,循環器内科,再診,18
,3,14:00,循環器内科,初診,1
,3,14:00,放射線治療科,再診,3
,3,14:00,救急科,初診,2
,3,14:00,整形外科,再診,6
,3,14:00,歯科口腔外科,再診,7
,3,14:00,泌尿器科,再診,2
,3,14:00,消化器内科,再診,9
,3,14:00,産婦人科,再診,5
,3,14:00,看護部,再診,1
,3,14:00,眼科,再診,13
,3,14:00,糖尿病内分泌内科,再診,3
,3,14:00,総合内科,再診,4
,3,14:00,総合内科,初診,1
,3,14:00,耳鼻咽喉科,再診,12
,3,14:00,耳鼻咽喉科,初診,1
,3,14:00,麻酔科,再診,3
,3,14:30,PICCCVポートセンター,再診,1
,3,14:30,リウマチ膠原病内科,再診,2
,3,14:30,一般消化器外科,再診,4
,3,14:30,乳腺外科,再診,1
,3,14:30,入退院支援センター,再診,1
,3,14:30,呼吸器内科,再診,3
,3,14:30,呼吸器外科,再診,3
,3,14:30,外来手術室,再診,1
,3,14:30,小児科,再診,5
,3,14:30,形成外科,再診,2
,3,14:30,循環器内科,再診,20
,3,14:30,放射線治療科,再診,1
,3,14:30,救急科,再診,1
,3,14:30,救急科,初診,1
,3,14:30,整形外科,再診,4
,3,14:30,歯科口腔外科,再診,3
,3,14:30,泌尿器科,再診,1
,3,14:30,消化器内科,再診,5
,3,14:30,産婦人科,再診,7
,3,14:30,看護部,再診,1
,3,14:30,眼科,再診,12
,3,14:30,禁煙外来,再診,1
,3,14:30,糖尿病内分泌内科,再診,1
,3,14:30,耳鼻咽喉科,再診,9
,3,14:30,腎内科,再診,2
,3,14:30,臨床腫瘍科,再診,1
,3,14:30,通院治療センター,再診,1
,3,14:30,ﾘﾊﾋﾞﾘﾃｰｼｮﾝ科,再診,1
,3,15:00,ソーシャルワーカー,再診,1
,3,15:00,メンタルケア科,再診,1
,3,15:00,一般消化器外科,再診,1
,3,15:00,乳腺外科,再診,4
,3,15:00,呼吸器外科,再診,4
,3,15:00,外来手術室,再診,1
,3,15:00,小児科,再診,3
,3,15:00,形成外科,再診,1
,3,15:00,循環器内科,再診,10
,3,15:00,救急科,再診,1
,3,15:00,救急科,初診,2
,3,15:00,整形外科,初診,1
,3,15:00,歯科口腔外科,再診,3
,3,15:00,看護部,再診,1
,3,15:00,眼科,再診,7
,3,15:00,糖尿病内分泌内科,再診,3
,3,15:00,総合内科,再診,1
,3,15:00,総合内科,初診,2
,3,15:00,耳鼻咽喉科,再診,12
,3,15:00,脳神経内科,再診,1
,3,15:00,腎内科,再診,2
,3,15:00,臨床腫瘍科,再診,1
,3,15:30,PICCCVポートセンター,再診,1
,3,15:30,一般消化器外科,再診,7
,3,15:30,乳腺外科,再診,1
,3,15:30,呼吸器外科,再診,1
,3,15:30,循環器内科,再診,5
,3,15:30,放射線治療科,再診,2
,3,15:30,救急科,初診,1
,3,15:30,整形外科,再診,5
,3,15:30,歯科口腔外科,再診,6
,3,15:30,消化器内科,再診,1
,3,15:30,産婦人科,再診,1
,3,15:30,産婦人科,初診,1
,3,15:30,看護部,再診,1
,3,15:30,眼科,再診,1
,3,15:30,糖尿病内分泌内科,再診,1
,3,15:30,耳鼻咽喉科,再診,12
,3,16:00,一般消化器外科,再診,1
,3,16:00,循環器内科,再診,1
,3,16:00,放射線治療科,再診,4
,3,16:00,救急科,再診,1
,3,16:00,救急科,初診,1
,3,16:00,整形外科,再診,1
,3,16:00,歯科口腔外科,再診,4
,3,16:00,産婦人科,再診,1
,3,16:00,総合内科,再診,1
,3,16:00,耳鼻咽喉科,再診,3
,3,16:00,脳神経内科,初診,1
,3,16:00,脳神経外科,再診,2
,3,16:00,臨床工学技師,再診,1
,3,16:30,呼吸器内科,初診,1
,3,16:30,循環器内科,再診,1
,3,16:30,心臓血管外科,再診,1
,3,16:30,救急科,初診,2
,3,16:30,整形外科,再診,2
,3,16:30,歯科口腔外科,再診,1
,3,16:30,消化器内科,再診,2
,3,16:30,皮膚科,再診,1
,3,16:30,看護部,再診,2
,3,16:30,眼科,初診,1
,3,17:00,ソーシャルワーカー,再診,3
,3,17:00,リウマチ膠原病内科,再診,1
,3,17:00,内科,初診,1
,3,17:00,循環器内科,再診,1
,3,17:00,循環器内科,初診,1
,3,17:00,救急科,初診,1
,3,17:00,整形外科,再診,2
,3,17:00,泌尿器科,再診,1
,3,17:00,産婦人科,再診,1
,3,17:00,皮膚科,再診,1
,3,17:00,看護部,再診,1
,3,17:30,内科,再診,1
,3,17:30,内科,初診,1
,3,17:30,循環器内科,再診,1
,3,17:30,放射線治療科,再診,1
,3,17:30,整形外科,初診,1
,3,18:00,循環器内科,再診,2
,3,18:00,産婦人科,再診,1
,3,18:30,内科,初診,1
,3,18:30,循環器内科,初診,1
,3,18:30,耳鼻咽喉科,再診,1
,3,19:00,内科,再診,2
,3,19:00,循環器内科,再診,1
,3,19:00,総合内科,再診,1
,3,19:30,内科,再診,1
,3,19:30,循環器内科,再診,1
,3,19:30,救急科,初診,2
,3,20:00,内科,再診,2
,3,20:00,内科,初診,1
,3,20:00,救急科,初診,1
,3,20:00,産婦人科,初診,1
,3,20:00,耳鼻咽喉科,初診,1
,3,20:30,小児科,初診,1
,3,21:00,内科,再診,2
,3,21:30,内科,初診,2
,3,22:00,内科,初診,1
,3,22:00,泌尿器科,初診,2
,3,22:30,内科,再診,3
,3,23:00,内科,初診,1
,3,23:30,内科,初診,1
,3,23:30,救急科,初診,1
,4,00:00,ソーシャルワーカー,再診,3
,4,00:00,リウマチ膠原病内科,再診,1
,4,00:00,一般消化器外科,再診,14
,4,00:00,中央処置室,再診,3
,4,00:00,乳腺外科,再診,16
,4,00:00,内科,初診,1
,4,00:00,呼吸器内科,再診,4
,4,00:00,呼吸器外科,再診,1
,4,00:00,外来手術室,再診,4
,4,00:00,小児科,再診,4
,4,00:00,小児科,初診,1
,4,00:00,形成外科,再診,3
,4,00:00,循環器内科,再診,6
,4,00:00,放射線治療科,再診,6
,4,00:00,救急科,再診,1
,4,00:00,救急科,初診,1
,4,00:00,整形外科,再診,19
,4,00:00,歯科口腔外科,再診,2
,4,00:00,泌尿器科,再診,35
,4,00:00,消化器内科,再診,11
,4,00:00,産婦人科,再診,21
,4,00:00,皮膚・排泄ケア,再診,10
,4,00:00,皮膚科,再診,13
,4,00:00,看護部,再診,8
,4,00:00,眼科,再診,14
,4,00:00,糖尿病内分泌内科,再診,1
,4,00:00,総合内科,再診,7
,4,00:00,緩和ケア内科,再診,1
,4,00:00,耳鼻咽喉科,再診,6
,4,00:00,脳神経内科,再診,3
,4,00:00,臨床工学技師,再診,21
,4,00:00,薬剤部,再診,1
,4,00:00,血液内科,再診,11
,4,00:00,退院支援,再診,18
,4,00:00,遺伝診療科,再診,2
,4,00:00,麻酔科,再診,1
,4,00:00,ﾘﾊﾋﾞﾘﾃｰｼｮﾝ科,再診,2
,4,00:30,泌尿器科,初診,1
,4,01:00,内科,再診,1
,4,01:00,消化器内科,再診,1
,4,01:30,内科,初診,1
,4,01:30,呼吸器内科,再診,1
,4,02:00,乳腺外科,再診,1
,4,02:30,メンタルケア科,再診,1
,4,02:30,内科,初診,1
,4,02:30,産婦人科,初診,1
,4,02:30,脳神経内科,再診,1
,4,03:30,内科,初診,1
,4,04:00,内科,初診,1
,4,04:30,救急科,初診,1
,4,04:30,泌尿器科,再診,1
,4,05:30,メンタルケア科,再診,1
,4,05:30,内科,初診,1
,4,05:30,小児科,初診,1
,4,06:30,内科,初診,1
,4,06:30,救急科,初診,1
,4,07:00,PICCCVポートセンター,再診,1
,4,07:00,内科,再診,1
,4,07:00,緩和ケアチーム,再診,1
,4,07:00,脳神経内科,再診,1
,4,07:30,PICCCVポートセンター,再診,2
,4,07:30,内科,初診,2
,4,08:00,PICCCVポートセンター,再診,1
,4,08:00,メンタルケア科,再診,1
,4,08:00,リウマチ膠原病内科,再診,23
,4,08:00,一般消化器外科,再診,10
,4,08:00,中央処置室,再診,8
,4,08:00,乳腺外科,再診,38
,4,08:00,健診センター,再診,11
,4,08:00,入退院支援センター,再診,6
,4,08:00,内科,初診,1
,4,08:00,呼吸器内科,再診,12
,4,08:00,呼吸器内科,初診,1
,4,08:00,外来手術室,再診,42
,4,08:00,小児科,再診,1
,4,08:00,形成外科,再診,3
,4,08:00,循環器内科,再診,49
,4,08:00,心臓血管外科,再診,5
,4,08:00,放射線治療科,再診,17
,4,08:00,整形外科,再診,13
,4,08:00,整形外科,初診,1
,4,08:00,歯科口腔外科,再診,4
,4,08:00,泌尿器科,再診,78
,4,08:00,消化器内科,再診,18
,4,08:00,産婦人科,再診,7
,4,08:00,皮膚科,再診,18
,4,08:00,眼科,再診,55
,4,08:00,眼科,初診,3
,4,08:00,総合内科,再診,19
,4,08:00,耳鼻咽喉科,再診,5
,4,08:00,脳神経内科,再診,10
,4,08:00,脳神経外科,再診,4
,4,08:00,腎内科,再診,23
,4,08:00,臨床工学技師,再診,3
,4,08:00,臨床腫瘍科,再診,1
,4,08:00,薬剤部,再診,5
,4,08:00,血液内科,再診,23
,4,08:00,麻酔科,再診,3
,4,08:00,ﾘﾊﾋﾞﾘﾃｰｼｮﾝ科,再診,3
,4,08:30,ソーシャルワーカー,再診,1
,4,08:30,メンタルケア科,再診,1
,4,08:30,リウマチ膠原病内科,再診,13
,4,08:30,一般消化器外科,再診,11
,4,08:30,一般消化器外科,初診,1
,4,08:30,中央処置室,再診,5
,4,08:30,乳腺外科,再診,34
,4,08:30,乳腺外科,初診,3
,4,08:30,健診センター,再診,1
,4,08:30,入退院支援センター,再診,10
,4,08:30,内科,初診,1
,4,08:30,呼吸器内科,再診,21
,4,08:30,呼吸器外科,再診,1
,4,08:30,外来手術室,再診,5
,4,08:30,小児科,再診,7
,4,08:30,小児科,初診,3
,4,08:30,形成外科,再診,16
,4,08:30,形成外科,初診,2
,4,08:30,循環器内科,再診,28
,4,08:30,心臓血管外科,再診,2
,4,08:30,放射線治療科,再診,21
,4,08:30,整形外科,再診,35
,4,08:30,整形外科,初診,4
,4,08:30,歯科口腔外科,再診,27
,4,08:30,歯科口腔外科,初診,4
,4,08:30,泌尿器科,再診,67
,4,08:30,泌尿器科,初診,1
,4,08:30,消化器内科,再診,27
,4,08:30,消化器内科,初診,7
,4,08:30,産婦人科,再診,14
,4,08:30,産婦人科,初診,2
,4,08:30,皮膚科,再診,31
,4,08:30,皮膚科,初診,1
,4,08:30,眼科,再診,47
,4,08:30,眼科,初診,6
,4,08:30,糖尿病内分泌内科,再診,2
,4,08:30,総合内科,再診,32
,4,08:30,総合内科,初診,2
,4,08:30,耳鼻咽喉科,再診,15
,4,08:30,耳鼻咽喉科,初診,1
,4,08:30,脳神経内科,再診,13
,4,08:30,脳神経内科,初診,1
,4,08:30,脳神経外科,再診,5
,4,08:30,腎内科,再診,9
,4,08:30,腎内科,初診,3
,4,08:30,臨床腫瘍科,再診,1
,4,08:30,薬剤部,再診,2
,4,08:30,血液内科,再診,32
,4,08:30,麻酔科,再診,7
,4,08:30,ﾘﾊﾋﾞﾘﾃｰｼｮﾝ科,再診,10
,4,09:00,リウマチ膠原病内科,再診,13
,4,09:00,一般消化器外科,再診,8
,4,09:00,中央処置室,再診,1
,4,09:00,乳腺外科,再診,39
,4,09:00,乳腺外科,初診,1
,4,09:00,入退院支援センター,再診,7
,4,09:00,呼吸器内科,再診,16
,4,09:00,呼吸器内科,初診,5
,4,09:00,小児科,再診,9
,4,09:00,小児科,初診,1
,4,09:00,形成外科,再診,11
,4,09:00,形成外科,初診,1
,4,09:00,循環器内科,再診,26
,4,09:00,循環器内科,初診,3
,4,09:00,心臓血管外科,再診,14
,4,09:00,感染症,再診,1
,4,09:00,放射線治療科,再診,15
,4,09:00,救急科,初診,2
,4,09:00,整形外科,再診,26
,4,09:00,整形外科,初診,2
,4,09:00,歯科口腔外科,再診,3
,4,09:00,歯科口腔外科,初診,5
,4,09:00,泌尿器科,再診,45
,4,09:00,泌尿器科,初診,2
,4,09:00,消化器内科,再診,19
,4,09:00,消化器内科,初診,4
,4,09:00,産婦人科,再診,30
,4,09:00,産婦人科,初診,5
,4,09:00,皮膚科,再診,26
,4,09:00,皮膚科,初診,8
,4,09:00,眼科,再診,54
,4,09:00,眼科,初診,7
,4,09:00,糖尿病内分泌内科,再診,2
,4,09:00,糖尿病内分泌内科,初診,1
,4,09:00,総合内科,再診,16
,4,09:00,総合内科,初診,3
,4,09:00,緩和ケアチーム,再診,1
,4,09:00,耳鼻咽喉科,再診,14
,4,09:00,耳鼻咽喉科,初診,1
,4,09:00,脳神経内科,再診,10
,4,09:00,脳神経内科,初診,1
,4,09:00,脳神経外科,再診,9
,4,09:00,脳神経外科,初診,2
,4,09:00,腎内科,再診,13
,4,09:00,腎内科,初診,1
,4,09:00,薬剤部,再診,3
,4,09:00,血液内科,再診,15
,4,09:00,血液内科,初診,3
,4,09:00,遺伝診療科,再診,3
,4,09:00,麻酔科,再診,3
,4,09:00,ﾘﾊﾋﾞﾘﾃｰｼｮﾝ科,再診,14
,4,09:30,PICCCVポートセンター,再診,1
,4,09:30,メンタルケア科,再診,2
,4,09:30,リウマチ膠原病内科,再診,20
,4,09:30,一般消化器外科,再診,4
,4,09:30,一般消化器外科,初診,2
,4,09:30,中央処置室,再診,3
,4,09:30,乳腺外科,再診,28
,4,09:30,乳腺外科,初診,4
,4,09:30,入退院支援センター,再診,14
,4,09:30,呼吸器内科,再診,17
,4,09:30,呼吸器内科,初診,2
,4,09:30,外来手術室,再診,1
,4,09:30,小児科,再診,5
,4,09:30,形成外科,再診,13
,4,09:30,形成外科,初診,2
,4,09:30,循環器内科,再診,14
,4,09:30,循環器内科,初診,2
,4,09:30,心臓血管外科,再診,10
,4,09:30,感染症,再診,1
,4,09:30,放射線治療科,再診,18
,4,09:30,救急科,再診,1
,4,09:30,整形外科,再診,18
,4,09:30,整形外科,初診,7
,4,09:30,歯科口腔外科,再診,12
,4,09:30,歯科口腔外科,初診,2
,4,09:30,泌尿器科,再診,64
,4,09:30,消化器内科,再診,24
,4,09:30,消化器内科,初診,7
,4,09:30,産婦人科,再診,24
,4,09:30,産婦人科,初診,2
,4,09:30,皮膚科,再診,29
,4,09:30,皮膚科,初診,3
,4,09:30,眼科,再診,51
,4,09:30,眼科,初診,3
,4,09:30,糖尿病内分泌内科,再診,2
,4,09:30,総合内科,再診,22
,4,09:30,総合内科,初診,2
,4,09:30,緩和ケアチーム,再診,1
,4,09:30,耳鼻咽喉科,再診,12
,4,09:30,耳鼻咽喉科,初診,1
,4,09:30,脳神経内科,再診,11
,4,09:30,脳神経外科,再診,6
,4,09:30,脳神経外科,初診,2
,4,09:30,腎内科,再診,16
,4,09:30,薬剤部,再診,2
,4,09:30,血液内科,再診,12
,4,09:30,血液内科,初診,1
,4,09:30,遺伝診療科,再診,2
,4,09:30,麻酔科,再診,6
,4,09:30,ﾘﾊﾋﾞﾘﾃｰｼｮﾝ科,再診,9
,4,10:00,PICCCVポートセンター,再診,2
,4,10:00,ソーシャルワーカー,再診,2
,4,10:00,メンタルケア科,再診,1
,4,10:00,リウマチ膠原病内科,再診,18
,4,10:00,一般消化器外科,再診,4
,4,10:00,一般消化器外科,初診,1
,4,10:00,中央処置室,再診,2
,4,10:00,乳腺外科,再診,21
,4,10:00,入退院支援センター,再診,7
,4,10:00,内科,再診,1
,4,10:00,呼吸器内科,再診,19
,4,10:00,呼吸器内科,初診,2
,4,10:00,呼吸器外科,再診,1
,4,10:00,外来手術室,再診,1
,4,10:00,小児科,再診,5
,4,10:00,小児科,初診,2
,4,10:00,形成外科,再診,12
,4,10:00,形成外科,初診,1
,4,10:00,循環器内科,再診,20
,4,10:00,循環器内科,初診,3
,4,10:00,心臓血管外科,再診,5
,4,10:00,放射線治療科,再診,12
,4,10:00,救急科,初診,1
,4,10:00,整形外科,再診,10
,4,10:00,整形外科,初診,6
,4,10:00,歯科口腔外科,初診,5
,4,10:00,泌尿器科,再診,68
,4,10:00,泌尿器科,初診,5
,4,10:00,消化器内科,再診,17
,4,10:00,消化器内科,初診,3
,4,10:00,産婦人科,再診,12
,4,10:00,産婦人科,初診,4
,4,10:00,皮膚科,再診,23
,4,10:00,皮膚科,初診,1
,4,10:00,眼科,再診,47
,4,10:00,眼科,初診,1
,4,10:00,糖尿病内分泌内科,再診,2
,4,10:00,総合内科,再診,14
,4,10:00,総合内科,初診,4
,4,10:00,耳鼻咽喉科,再診,7
,4,10:00,脳神経内科,再診,2
,4,10:00,脳神経外科,再診,7
,4,10:00,腎内科,再診,9
,4,10:00,薬剤部,再診,1
,4,10:00,血液内科,再診,14
,4,10:00,遺伝診療科,再診,2
,4,10:00,麻酔科,再診,5
,4,10:00,ﾘﾊﾋﾞﾘﾃｰｼｮﾝ科,再診,2
,4,10:30,PICCCVポートセンター,再診,3
,4,10:30,ソーシャルワーカー,再診,1
,4,10:30,リウマチ膠原病内科,再診,11
,4,10:30,一般消化器外科,再診,3
,4,10:30,中央処置室,再診,3
,4,10:30,乳腺外科,再診,17
,4,10:30,入退院支援センター,再診,13
,4,10:30,呼吸器内科,再診,11
,4,10:30,小児科,再診,7
,4,10:30,小児科,初診,1
,4,10:30,形成外科,再診,9
,4,10:30,循環器内科,再診,15
,4,10:30,心臓血管外科,再診,4
,4,10:30,放射線治療科,再診,9
,4,10:30,救急科,再診,2
,4,10:30,整形外科,再診,15
,4,10:30,整形外科,初診,1
,4,10:30,歯科口腔外科,再診,4
,4,10:30,歯科口腔外科,初診,1
,4,10:30,泌尿器科,再診,36
,4,10:30,泌尿器科,初診,1
,4,10:30,消化器内科,再診,13
,4,10:30,消化器内科,初診,3
,4,10:30,産婦人科,再診,14
,4,10:30,産婦人科,初診,1
,4,10:30,皮膚科,再診,14
,4,10:30,眼科,再診,27
,4,10:30,眼科,初診,1
,4,10:30,糖尿病内分泌内科,再診,1
,4,10:30,総合内科,再診,7
,4,10:30,耳鼻咽喉科,再診,2
,4,10:30,脳神経内科,再診,2
,4,10:30,脳神経内科,初診,1
,4,10:30,脳神経外科,再診,3
,4,10:30,脳神経外科,初診,1
,4,10:30,腎内科,再診,5
,4,10:30,腎内科,初診,1
,4,10:30,薬剤部,再診,1
,4,10:30,血液内科,再診,10
,4,10:30,麻酔科,再診,8
,4,11:00,PICCCVポートセンター,再診,1
,4,11:00,リウマチ膠原病内科,再診,15
,4,11:00,一般消化器外科,再診,3
,4,11:00,中央処置室,再診,1
,4,11:00,乳腺外科,再診,11
,4,11:00,入退院支援センター,再診,8
,4,11:00,呼吸器内科,再診,4
,4,11:00,呼吸器内科,初診,1
,4,11:00,外来手術室,再診,1
,4,11:00,小児科,再診,6
,4,11:00,小児科,初診,2
,4,11:00,形成外科,再診,3
,4,11:00,循環器内科,再診,2
,4,11:00,感染症,再診,1
,4,11:00,放射線治療科,再診,5
,4,11:00,救急科,再診,2
,4,11:00,救急科,初診,2
,4,11:00,整形外科,再診,14
,4,11:00,歯科口腔外科,再診,3
,4,11:00,泌尿器科,再診,28
,4,11:00,泌尿器科,初診,1
,4,11:00,消化器内科,再診,9
,4,11:00,消化器内科,初診,1
,4,11:00,産婦人科,再診,5
,4,11:00,産婦人科,初診,2
,4,11:00,皮膚・排泄ケア,再診,1
,4,11:00,皮膚科,再診,17
,4,11:00,皮膚科,初診,2
,4,11:00,眼科,再診,28
,4,11:00,眼科,初診,2
,4,11:00,総合内科,再診,10
,4,11:00,総合内科,初診,3
,4,11:00,耳鼻咽喉科,再診,7
,4,11:00,耳鼻咽喉科,初診,4
,4,11:00,脳神経内科,再診,5
,4,11:00,薬剤部,再診,1
,4,11:00,血液内科,再診,5
,4,11:00,麻酔科,再診,10
,4,11:00,ﾘﾊﾋﾞﾘﾃｰｼｮﾝ科,再診,1
,4,11:30,ソーシャルワーカー,再診,2
,4,11:30,リウマチ膠原病内科,再診,8
,4,11:30,乳腺外科,再診,6
,4,11:30,入退院支援センター,再診,8
,4,11:30,呼吸器内科,再診,1
,4,11:30,小児科,再診,2
,4,11:30,小児科,初診,2
,4,11:30,形成外科,再診,1
,4,11:30,循環器内科,再診,4
,4,11:30,心臓血管外科,再診,3
,4,11:30,放射線治療科,再診,3
,4,11:30,救急科,再診,1
,4,11:30,救急科,初診,2
,4,11:30,整形外科,再診,2
,4,11:30,泌尿器科,再診,14
,4,11:30,泌尿器科,初診,1
,4,11:30,消化器内科,再診,9
,4,11:30,産婦人科,再診,2
,4,11:30,産婦人科,初診,1
,4,11:30,皮膚科,再診,4
,4,11:30,眼科,再診,10
,4,11:30,眼科,初診,1
,4,11:30,総合内科,再診,2
,4,11:30,総合内科,初診,1
,4,11:30,耳鼻咽喉科,再診,5
,4,11:30,血液内科,再診,1
,4,11:30,麻酔科,再診,5
,4,12:00,PICCCVポートセンター,再診,1
,4,12:00,メンタルケア科,再診,1
,4,12:00,リウマチ膠原病内科,再診,5
,4,12:00,一般消化器外科,再診,1
,4,12:00,中央処置室,再診,1
,4,12:00,乳腺外科,再診,5
,4,12:00,入退院支援センター,再診,16
,4,12:00,呼吸器内科,再診,1
,4,12:00,呼吸器内科,初診,2
,4,12:00,外来手術室,再診,1
,4,12:00,形成外科,再診,3
,4,12:00,循環器内科,再診,9
,4,12:00,循環器内科,初診,2
,4,12:00,心臓血管外科,再診,3
,4,12:00,放射線治療科,再診,3
,4,12:00,救急科,再診,1
,4,12:00,救急科,初診,1
,4,12:00,整形外科,再診,2
,4,12:00,整形外科,初診,1
,4,12:00,歯科口腔外科,初診,1
,4,12:00,泌尿器科,再診,29
,4,12:00,泌尿器科,初診,5
,4,12:00,消化器内科,再診,5
,4,12:00,消化器内科,初診,1
,4,12:00,産婦人科,再診,6
,4,12:00,皮膚科,再診,3
,4,12:00,眼科,再診,14
,4,12:00,総合内科,再診,6
,4,12:00,耳鼻咽喉科,再診,6
,4,12:00,遺伝診療科,再診,1
,4,12:00,麻酔科,再診,5
,4,12:30,ソーシャルワーカー,再診,1
,4,12:30,リウマチ膠原病内科,再診,8
,4,12:30,一般消化器外科,再診,1
,4,12:30,乳腺外科,再診,9
,4,12:30,入退院支援センター,再診,4
,4,12:30,呼吸器内科,再診,7
,4,12:30,呼吸器外科,再診,1
,4,12:30,形成外科,再診,1
,4,12:30,循環器内科,再診,17
,4,12:30,心臓血管外科,再診,5
,4,12:30,心臓血管外科,初診,1
,4,12:30,放射線治療科,再診,8
,4,12:30,救急科,初診,3
,4,12:30,整形外科,再診,4
,4,12:30,歯科口腔外科,再診,4
,4,12:30,泌尿器科,再診,37
,4,12:30,泌尿器科,初診,3
,4,12:30,消化器内科,再診,15
,4,12:30,産婦人科,再診,3
,4,12:30,皮膚科,再診,4
,4,12:30,看護部,再診,1
,4,12:30,眼科,再診,26
,4,12:30,総合内科,再診,7
,4,12:30,総合内科,初診,1
,4,12:30,耳鼻咽喉科,再診,5
,4,12:30,腎内科,再診,2
,4,12:30,臨床工学技師,再診,2
,4,12:30,臨床腫瘍科,再診,1
,4,12:30,血液内科,再診,1
,4,12:30,遺伝診療科,再診,1
,4,13:00,リウマチ膠原病内科,再診,12
,4,13:00,中央処置室,再診,1
,4,13:00,乳腺外科,再診,2
,4,13:00,入退院支援センター,再診,7
,4,13:00,呼吸器内科,再診,5
,4,13:00,外来手術室,再診,3
,4,13:00,小児科,再診,1
,4,13:00,循環器内科,再診,11
,4,13:00,循環器内科,初診,3
,4,13:00,心臓血管外科,再診,1
,4,13:00,放射線治療科,再診,4
,4,13:00,整形外科,再診,10
,4,13:00,歯科口腔外科,再診,1
,4,13:00,歯科口腔外科,初診,1
,4,13:00,泌尿器科,再診,19
,4,13:00,泌尿器科,初診,1
,4,13:00,消化器内科,再診,9
,4,13:00,産婦人科,再診,9
,4,13:00,皮膚科,再診,7
,4,13:00,看護部,再診,1
,4,13:00,眼科,再診,30
,4,13:00,総合内科,再診,5
,4,13:00,耳鼻咽喉科,再診,12
,4,13:00,耳鼻咽喉科,初診,1
,4,13:00,脳神経内科,再診,1
,4,13:00,腎内科,再診,4
,4,13:00,臨床工学技師,再診,2
,4,13:00,麻酔科,再診,4
,4,13:00,ﾘﾊﾋﾞﾘﾃｰｼｮﾝ科,初診,1
,4,13:30,リウマチ膠原病内科,再診,1
,4,13:30,一般消化器外科,再診,1
,4,13:30,乳腺外科,再診,3
,4,13:30,入退院支援センター,再診,4
,4,13:30,呼吸器内科,再診,6
,4,13:30,外来手術室,再診,2
,4,13:30,小児科,再診,2
,4,13:30,小児科,初診,1
,4,13:30,循環器内科,再診,9
,4,13:30,心臓血管外科,再診,1
,4,13:30,感染症,再診,1
,4,13:30,放射線治療科,再診,8
,4,13:30,救急科,初診,1
,4,13:30,整形外科,再診,4
,4,13:30,歯科口腔外科,再診,2
,4,13:30,歯科口腔外科,初診,1
,4,13:30,泌尿器科,再診,28
,4,13:30,泌尿器科,初診,2
,4,13:30,消化器内科,再診,12
,4,13:30,産婦人科,再診,9
,4,13:30,産婦人科,初診,1
,4,13:30,皮膚科,再診,8
,4,13:30,眼科,再診,27
,4,13:30,総合内科,再診,1
,4,13:30,耳鼻咽喉科,再診,5
,4,13:30,脳神経内科,再診,4
,4,13:30,腎内科,再診,1
,4,14:00,リウマチ膠原病内科,再診,1
,4,14:00,一般消化器外科,初診,1
,4,14:00,乳腺外科,再診,6
,4,14:00,入退院支援センター,再診,2
,4,14:00,呼吸器内科,再診,4
,4,14:00,呼吸器内科,初診,1
,4,14:00,小児科,再診,2
,4,14:00,循環器内科,再診,6
,4,14:00,循環器内科,初診,1
,4,14:00,心臓血管外科,再診,2
,4,14:00,放射線治療科,再診,5
,4,14:00,救急科,再診,1
,4,14:00,救急科,初診,2
,4,14:00,整形外科,再診,3
,4,14:00,歯科口腔外科,再診,2
,4,14:00,泌尿器科,再診,22
,4,14:00,消化器内科,再診,5
,4,14:00,産婦人科,再診,3
,4,14:00,皮膚科,再診,4
,4,14:00,眼科,再診,25
,4,14:00,総合内科,再診,2
,4,14:00,耳鼻咽喉科,再診,8
,4,14:00,耳鼻咽喉科,初診,3
,4,14:00,脳神経内科,再診,3
,4,14:00,脳神経外科,再診,1
,4,14:00,腎内科,再診,1
,4,14:00,臨床工学技師,再診,1
,4,14:00,臨床腫瘍科,再診,1
,4,14:00,血液内科,再診,1
,4,14:00,麻酔科,再診,2
,4,14:30,ソーシャルワーカー,再診,1
,4,14:30,リウマチ膠原病内科,再診,5
,4,14:30,乳腺外科,再診,2
,4,14:30,入退院支援センター,再診,2
,4,14:30,呼吸器内科,再診,2
,4,14:30,呼吸器内科,初診,1
,4,14:30,小児科,再診,4
,4,14:30,循環器内科,再診,5
,4,14:30,放射線治療科,再診,5
,4,14:30,救急科,再診,1
,4,14:30,整形外科,再診,15
,4,14:30,歯科口腔外科,再診,3
,4,14:30,泌尿器科,再診,10
,4,14:30,消化器内科,再診,5
,4,14:30,産婦人科,再診,5
,4,14:30,産婦人科,初診,1
,4,14:30,皮膚科,再診,2
,4,14:30,眼科,再診,11
,4,14:30,総合内科,再診,2
,4,14:30,耳鼻咽喉科,再診,5
,4,14:30,耳鼻咽喉科,初診,1
,4,14:30,麻酔科,再診,1
,4,15:00,一般消化器外科,再診,1
,4,15:00,乳腺外科,再診,3
,4,15:00,小児科,再診,7
,4,15:00,小児科,初診,1
,4,15:00,循環器内科,再診,4
,4,15:00,感染症,再診,1
,4,15:00,放射線治療科,再診,4
,4,15:00,救急科,初診,2
,4,15:00,整形外科,再診,4
,4,15:00,歯科口腔外科,再診,3
,4,15:00,泌尿器科,再診,6
,4,15:00,消化器内科,再診,3
,4,15:00,産婦人科,再診,3
,4,15:00,皮膚科,再診,3
,4,15:00,眼科,再診,8
,4,15:00,総合内科,再診,3
,4,15:00,耳鼻咽喉科,再診,3
,4,15:00,耳鼻咽喉科,初診,1
,4,15:30,PICCCVポートセンター,再診,1
,4,15:30,ソーシャルワーカー,再診,1
,4,15:30,入退院支援センター,再診,2
,4,15:30,小児科,再診,5
,4,15:30,形成外科,再診,1
,4,15:30,循環器内科,再診,1
,4,15:30,放射線治療科,再診,3
,4,15:30,救急科,再診,1
,4,15:30,救急科,初診,2
,4,15:30,整形外科,再診,5
,4,15:30,歯科口腔外科,再診,3
,4,15:30,泌尿器科,再診,4
,4,15:30,消化器内科,再診,2
,4,15:30,皮膚科,初診,1
,4,15:30,眼科,再診,8
,4,15:30,耳鼻咽喉科,再診,3
,4,15:30,耳鼻咽喉科,初診,1
,4,16:00,ソーシャルワーカー,再診,3
,4,16:00,メンタルケア科,再診,1
,4,16:00,一般消化器外科,再診,2
,4,16:00,中央処置室,再診,1
,4,16:00,入退院支援センター,再診,1
,4,16:00,小児科,再診,4
,4,16:00,形成外科,再診,1
,4,16:00,放射線治療科,再診,2
,4,16:00,救急科,再診,1
,4,16:00,救急科,初診,1
,4,16:00,整形外科,再診,7
,4,16:00,歯科口腔外科,再診,1
,4,16:00,泌尿器科,再診,2
,4,16:00,ﾘﾊﾋﾞﾘﾃｰｼｮﾝ科,再診,1
,4,16:30,ソーシャルワーカー,再診,1
,4,16:30,外来手術室,再診,2
,4,16:30,循環器内科,再診,1
,4,16:30,循環器内科,初診,1
,4,16:30,感染症,再診,1
,4,16:30,放射線治療科,再診,1
,4,16:30,救急科,初診,1
,4,16:30,整形外科,再診,8
,4,16:30,歯科口腔外科,再診,2
,4,16:30,泌尿器科,再診,1
,4,16:30,消化器内科,再診,1
,4,16:30,皮膚科,再診,1
,4,17:00,循環器内科,再診,2
,4,17:00,整形外科,再診,3
,4,17:00,泌尿器科,再診,1
,4,17:00,消化器内科,再診,1
,4,17:00,腎内科,再診,1
,4,17:00,退院支援,再診,1
,4,17:30,一般消化器外科,初診,1
,4,17:30,内科,再診,1
,4,17:30,形成外科,再診,2
,4,17:30,循環器内科,再診,1
,4,17:30,放射線治療科,再診,1
,4,17:30,救急科,再診,1
,4,17:30,整形外科,再診,5
,4,17:30,皮膚科,再診,1
,4,17:30,看護部,再診,1
,4,18:00,メンタルケア科,再診,1
,4,18:00,内科,再診,1
,4,18:00,内科,初診,2
,4,18:00,循環器内科,再診,1
,4,18:00,循環器内科,初診,1
,4,18:00,整形外科,再診,8
,4,18:00,産婦人科,再診,1
,4,18:00,臨床工学技師,再診,1
,4,18:00,退院支援,再診,1
,4,18:30,メンタルケア科,再診,2
,4,18:30,内科,再診,1
,4,18:30,内科,初診,1
,4,18:30,救急科,再診,1
,4,18:30,産婦人科,初診,1
,4,19:00,ソーシャルワーカー,再診,2
,4,19:00,循環器内科,初診,1
,4,19:30,内科,初診,2
,4,19:30,泌尿器科,初診,1
,4,19:30,眼科,初診,1
,4,20:00,内科,再診,1
,4,20:00,内科,初診,3
,4,20:00,循環器内科,再診,1
,4,20:30,内科,初診,1
,4,20:30,小児科,初診,1
,4,20:30,循環器内科,再診,2
,4,21:00,救急科,再診,1
,4,21:00,救急科,初診,1
,4,22:00,内科,初診,1
,4,22:00,救急科,初診,1
,4,23:00,内科,再診,1
,4,23:00,整形外科,初診,1
,4,23:30,内科,再診,1
,4,23:30,内科,初診,1
,4,23:30,救急科,初診,2
,4,23:30,産婦人科,初診,2
,5,00:00,内科,再診,1
,5,00:00,内科,初診,1
,5,00:00,救急科,再診,1
,5,00:00,整形外科,初診,1
,5,00:00,歯科口腔外科,再診,1
,5,00:00,臨床工学技師,再診,28
,5,00:30,小児科,初診,1
,5,01:30,内科,初診,1
,5,02:00,泌尿器科,初診,1
,5,02:30,内科,再診,1
,5,03:00,救急科,初診,1
,5,03:30,救急科,初診,1
,5,04:00,泌尿器科,初診,1
,5,04:30,救急科,初診,1
,5,05:30,内科,再診,1
,5,07:00,内科,初診,1
,5,07:00,眼科,再診,6
,5,07:30,眼科,再診,4
,5,08:30,内科,再診,3
,5,08:30,内科,初診,1
,5,08:30,歯科口腔外科,再診,1
,5,08:30,耳鼻咽喉科,再診,2
,5,09:00,内科,再診,1
,5,09:00,救急科,再診,1
,5,09:00,救急科,初診,1
,5,09:30,形成外科,再診,1
,5,09:30,救急科,初診,1
,5,10:00,内科,再診,1
,5,10:00,救急科,再診,2
,5,10:00,救急科,初診,2
,5,10:30,乳腺外科,再診,2
,5,10:30,内科,再診,1
,5,10:30,内科,初診,1
,5,10:30,救急科,再診,3
,5,10:30,救急科,初診,1
,5,10:30,脳神経外科,初診,1
,5,11:00,内科,再診,1
,5,11:00,歯科口腔外科,再診,2
,5,11:30,循環器内科,初診,1
,5,11:30,救急科,再診,1
,5,11:30,救急科,初診,1
,5,11:30,耳鼻咽喉科,再診,1
,5,12:00,内科,初診,1
,5,12:00,呼吸器内科,再診,1
,5,12:00,救急科,再診,1
,5,12:00,耳鼻咽喉科,初診,1
,5,12:30,内科,初診,1
,5,12:30,小児科,初診,2
,5,12:30,救急科,再診,1
,5,13:00,小児科,再診,1
,5,13:00,形成外科,再診,1
,5,13:00,消化器内科,再診,1
,5,13:30,内科,再診,1
,5,13:30,小児科,初診,1
,5,13:30,救急科,初診,2
,5,14:00,内科,初診,2
,5,14:00,循環器内科,再診,1
,5,15:00,内科,再診,1
,5,15:00,内科,初診,1
,5,15:00,救急科,再診,3
,5,15:00,救急科,初診,2
,5,15:30,救急科,再診,1
,5,15:30,救急科,初診,1
,5,16:00,内科,再診,1
,5,16:00,循環器内科,再診,1
,5,16:00,心臓血管外科,初診,1
,5,16:30,救急科,再診,1
,5,16:30,救急科,初診,2
,5,16:30,耳鼻咽喉科,初診,1
,5,17:00,一般消化器外科,初診,1
,5,17:00,小児科,再診,2
,5,17:00,救急科,再診,1
,5,17:30,乳腺外科,再診,1
,5,17:30,内科,初診,1
,5,17:30,救急科,初診,1
,5,18:00,整形外科,初診,1
,5,18:00,産婦人科,再診,1
,5,18:30,乳腺外科,初診,1
,5,18:30,内科,初診,1
,5,18:30,救急科,初診,1
,5,18:30,整形外科,再診,1
,5,18:30,耳鼻咽喉科,再診,1
,5,19:30,小児科,初診,1
,5,19:30,整形外科,再診,1
,5,19:30,産婦人科,再診,1
,5,20:00,内科,初診,1
,5,20:30,内科,再診,1
,5,20:30,内科,初診,1
,5,20:30,循環器内科,再診,1
,5,21:00,内科,初診,2
,5,21:00,救急科,初診,1
,5,21:30,乳腺外科,初診,1
,5,21:30,内科,再診,1
,5,21:30,内科,初診,1
,5,22:00,内科,再診,1
,5,22:00,内科,初診,1
,5,22:30,乳腺外科,初診,1
,5,22:30,循環器内科,初診,1
,5,22:30,救急科,初診,1
,5,23:00,内科,初診,2
,5,23:00,産婦人科,再診,1
,6,00:00,内科,再診,1
,6,00:30,産婦人科,再診,1
,6,01:00,産婦人科,再診,1
,6,01:30,内科,初診,2
,6,01:30,小児科,初診,1
,6,02:00,内科,初診,1
,6,02:30,内科,再診,1
,6,03:00,内科,再診,2
,6,04:00,内科,再診,1
,6,04:30,内科,初診,1
,6,04:30,産婦人科,再診,1
,6,06:00,救急科,初診,1
,6,06:30,内科,初診,1
,6,07:00,乳腺外科,再診,1
,6,07:00,内科,初診,3
,6,07:00,循環器内科,初診,1
,6,07:30,内科,初診,1
,6,08:00,内科,初診,1
,6,08:30,内科,再診,1
,6,08:30,内科,初診,1
,6,08:30,循環器内科,再診,1
,6,08:30,耳鼻咽喉科,再診,2
,6,09:00,内科,再診,3
,6,09:00,循環器内科,初診,1
,6,09:00,救急科,再診,2
,6,09:00,救急科,初診,1
,6,09:30,内科,初診,1
,6,09:30,循環器内科,再診,1
,6,09:30,救急科,再診,1
,6,10:00,内科,再診,1
,6,10:00,循環器内科,初診,1
,6,10:00,救急科,再診,1
,6,10:00,整形外科,初診,1
,6,10:30,内科,再診,1
,6,10:30,小児科,初診,1
,6,11:00,内科,再診,2
,6,11:00,内科,初診,1
,6,11:30,内科,再診,1
,6,12:00,一般消化器外科,再診,1
,6,12:00,内科,初診,1
,6,12:00,呼吸器内科,再診,1
,6,12:00,救急科,初診,3
,6,12:00,産婦人科,再診,1
,6,13:00,乳腺外科,再診,1
,6,13:00,救急科,初診,1
,6,13:30,内科,再診,1
,6,13:30,救急科,再診,1
,6,13:30,産婦人科,再診,1
,6,14:00,内科,再診,2
,6,14:00,内科,初診,1
,6,14:00,救急科,再診,3
,6,14:00,救急科,初診,2
,6,14:00,消化器内科,再診,1
,6,14:00,産婦人科,再診,1
,6,14:30,内科,再診,1
,6,14:30,小児科,初診,1
,6,14:30,消化器内科,再診,1
,6,14:30,産婦人科,再診,1
,6,14:30,産婦人科,初診,1
,6,15:00,乳腺外科,初診,1
,6,15:00,内科,再診,1
,6,15:00,循環器内科,初診,1
,6,15:00,救急科,初診,2
,6,15:30,内科,再診,1
,6,15:30,救急科,初診,2
,6,15:30,消化器内科,再診,2
,6,15:30,産婦人科,初診,1
,6,16:00,内科,再診,1
,6,16:30,内科,再診,1
,6,16:30,救急科,再診,1
,6,17:00,産婦人科,初診,1
,6,17:30,内科,初診,2
,6,18:00,内科,再診,1
,6,18:00,内科,初診,1
,6,18:00,循環器内科,初診,1
,6,18:00,産婦人科,初診,1
,6,18:30,救急科,初診,1
,6,19:00,内科,再診,1
,6,19:00,内科,初診,1
,6,19:00,救急科,初診,1
,6,19:30,内科,再診,2
,6,19:30,内科,初診,2
,6,19:30,小児科,初診,1
,6,19:30,産婦人科,初診,1
,6,20:00,内科,再診,3
,6,20:30,内科,初診,1
,6,20:30,小児科,初診,2
,6,21:00,内科,再診,1
,6,21:00,小児科,初診,1
,6,21:30,内科,初診,2
,6,22:00,内科,初診,2
,6,23:00,小児科,初診,1
,6,23:00,産婦人科,初診,1
,6,23:30,救急科,初診,1
